2026-10-03T03:03:20.4981059Z Current runner version: '2.337.0'
2026-10-03T03:03:20.4996632Z ##[group]Runner Image Provisioner
2026-10-03T03:03:20.4997333Z Hosted Compute Agent
2026-10-03T03:03:20.4998192Z Version: 20260901.588
2026-10-03T03:03:20.4998644Z Commit: f88ec8081b781fac6c440065ac7ff9e710ce3d0b
2026-10-03T03:03:20.4999190Z Build Date: 2026-09-01T19:56:44Z
2026-10-03T03:03:20.4999665Z Worker ID: {f9cf1cf2-5bc6-4e5f-b6d8-8e64a47faf16}
2026-10-03T03:03:20.5000163Z Azure Region: centralus
2026-10-03T03:03:20.5000580Z ##[endgroup]
2026-10-03T03:03:20.5001547Z ##[group]Operating System
2026-10-03T03:03:20.5002095Z Ubuntu
2026-10-03T03:03:20.5002468Z 24.04.5
2026-10-03T03:03:20.5002944Z LTS
2026-10-03T03:03:20.5003318Z ##[endgroup]
2026-10-03T03:03:20.5003716Z ##[group]Runner Image
2026-10-03T03:03:20.5004147Z Image: ubuntu-24.04
2026-10-03T03:03:20.5004536Z Version: 20260927.320.1
2026-10-03T03:03:20.5005476Z Included Software: https://github.com/actions/runner-images/blob/ubuntu24/20260927.320/images/ubuntu/Ubuntu2404-Readme.md
2026-10-03T03:03:20.5006545Z Image Release: https://github.com/actions/runner-images/releases/tag/ubuntu24%2F20260927.320
2026-10-03T03:03:20.5007214Z ##[endgroup]
2026-10-03T03:03:20.5008339Z ##[group]GITHUB_TOKEN Permissions
2026-10-03T03:03:20.5009898Z Contents: read
2026-10-03T03:03:20.5010316Z Metadata: read
2026-10-03T03:03:20.5010691Z Packages: read
2026-10-03T03:03:20.5011153Z ##[endgroup]
2026-10-03T03:03:20.5012558Z Secret source: Actions
2026-10-03T03:03:20.5013235Z Cache mode: write
2026-10-03T03:03:20.5013696Z Prepare workflow directory
2026-10-03T03:03:20.5248097Z Prepare all required actions
2026-10-03T03:03:20.5283445Z Getting action download info
2026-10-03T03:03:20.7905424Z Download action repository 'actions/checkout@v4' (SHA:11d5960a326750d5838078e36cf38b85af677262)
2026-10-03T03:03:20.8614796Z Download action repository 'actions/setup-java@v5' (SHA:b6effb05e454b25005698d916606bdc6ffcbf961)
2026-10-03T03:03:21.5024578Z Download action repository 'actions/setup-python@v5' (SHA:a26af69be951a213d495a4c3e4e4022e16d87065)
2026-10-03T03:03:21.5800977Z Download action repository 'reactivecircus/android-emulator-runner@v2' (SHA:a421e43855164a8197daf9d8d40fe71c6996bb0d)
2026-10-03T03:03:21.9716618Z Download action repository 'actions/upload-artifact@v4' (SHA:ea165f8d65b6e75b540449e92b4886f43607fa02)
2026-10-03T03:03:22.2030313Z Complete job name: debug
2026-10-03T03:03:22.2723683Z ##[group]Run actions/checkout@v4
2026-10-03T03:03:22.2724607Z with:
2026-10-03T03:03:22.2725321Z   repository: traynor1987/Private-gallery-
2026-10-03T03:03:22.2731513Z   token: ***
2026-10-03T03:03:22.2732171Z   ssh-strict: true
2026-10-03T03:03:22.2732829Z   ssh-user: git
2026-10-03T03:03:22.2733474Z   persist-credentials: true
2026-10-03T03:03:22.2734184Z   clean: true
2026-10-03T03:03:22.2734837Z   sparse-checkout-cone-mode: true
2026-10-03T03:03:22.2735644Z   fetch-depth: 1
2026-10-03T03:03:22.2736277Z   fetch-tags: false
2026-10-03T03:03:22.2736925Z   show-progress: true
2026-10-03T03:03:22.2737685Z   lfs: false
2026-10-03T03:03:22.2738365Z   submodules: false
2026-10-03T03:03:22.2739021Z   set-safe-directory: true
2026-10-03T03:03:22.2739794Z   allow-unsafe-pr-checkout: false
2026-10-03T03:03:22.2740711Z ##[endgroup]
2026-10-03T03:03:22.3544001Z Syncing repository: traynor1987/Private-gallery-
2026-10-03T03:03:22.3546851Z ##[group]Getting Git version info
2026-10-03T03:03:22.3548873Z Working directory is '/home/runner/work/Private-gallery-/Private-gallery-'
2026-10-03T03:03:22.3551204Z [command]/usr/bin/git version
2026-10-03T03:03:22.3575946Z git version 2.55.0
2026-10-03T03:03:22.3590586Z ##[endgroup]
2026-10-03T03:03:22.3600727Z Temporarily overriding HOME='/home/runner/work/_temp/b5ac96ea-1d1d-4c6b-907d-11ac42db8fff' before making global git config changes
2026-10-03T03:03:22.3603545Z Adding repository directory to the temporary git global config as a safe directory
2026-10-03T03:03:22.3613708Z [command]/usr/bin/git config --global --add safe.directory /home/runner/work/Private-gallery-/Private-gallery-
2026-10-03T03:03:22.3656444Z Deleting the contents of '/home/runner/work/Private-gallery-/Private-gallery-'
2026-10-03T03:03:22.3663011Z ##[group]Initializing the repository
2026-10-03T03:03:22.3665058Z [command]/usr/bin/git init /home/runner/work/Private-gallery-/Private-gallery-
2026-10-03T03:03:22.3763653Z hint: Using 'master' as the name for the initial branch. This default branch name
2026-10-03T03:03:22.3765390Z hint: will change to "main" in Git 3.0. To configure the initial branch name
2026-10-03T03:03:22.3766949Z hint: to use in all of your new repositories, which will suppress this warning,
2026-10-03T03:03:22.3768398Z hint: call:
2026-10-03T03:03:22.3769290Z hint:
2026-10-03T03:03:22.3770066Z hint: 	git config --global init.defaultBranch <name>
2026-10-03T03:03:22.3770949Z hint:
2026-10-03T03:03:22.3771797Z hint: Names commonly chosen instead of 'master' are 'main', 'trunk' and
2026-10-03T03:03:22.3773100Z hint: 'development'. The just-created branch can be renamed via this command:
2026-10-03T03:03:22.3774179Z hint:
2026-10-03T03:03:22.3774859Z hint: 	git branch -m <name>
2026-10-03T03:03:22.3775555Z hint:
2026-10-03T03:03:22.3776490Z hint: Disable this message with "git config set advice.defaultBranchName false"
2026-10-03T03:03:22.3780789Z Initialized empty Git repository in /home/runner/work/Private-gallery-/Private-gallery-/.git/
2026-10-03T03:03:22.3790493Z [command]/usr/bin/git remote add origin https://github.com/traynor1987/Private-gallery-
2026-10-03T03:03:22.3830942Z ##[endgroup]
2026-10-03T03:03:22.3832428Z ##[group]Disabling automatic garbage collection
2026-10-03T03:03:22.3833804Z [command]/usr/bin/git config --local gc.auto 0
2026-10-03T03:03:22.3858956Z ##[endgroup]
2026-10-03T03:03:22.3860343Z ##[group]Setting up auth
2026-10-03T03:03:22.3864506Z [command]/usr/bin/git config --local --name-only --get-regexp core\.sshCommand
2026-10-03T03:03:22.3888682Z [command]/usr/bin/git submodule foreach --recursive sh -c "git config --local --name-only --get-regexp 'core\.sshCommand' && git config --local --unset-all 'core.sshCommand' || :"
2026-10-03T03:03:22.4166338Z [command]/usr/bin/git config --local --name-only --get-regexp http\.https\:\/\/github\.com\/\.extraheader
2026-10-03T03:03:22.4189099Z [command]/usr/bin/git submodule foreach --recursive sh -c "git config --local --name-only --get-regexp 'http\.https\:\/\/github\.com\/\.extraheader' && git config --local --unset-all 'http.https://github.com/.extraheader' || :"
2026-10-03T03:03:22.4329748Z [command]/usr/bin/git config --local --name-only --get-regexp ^includeIf\.gitdir:
2026-10-03T03:03:22.4352159Z [command]/usr/bin/git submodule foreach --recursive git config --local --show-origin --name-only --get-regexp remote.origin.url
2026-10-03T03:03:22.4495831Z [command]/usr/bin/git config --local http.https://github.com/.extraheader AUTHORIZATION: basic ***
2026-10-03T03:03:22.4522557Z ##[endgroup]
2026-10-03T03:03:22.4523816Z ##[group]Fetching the repository
2026-10-03T03:03:22.4530923Z [command]/usr/bin/git -c protocol.version=2 fetch --no-tags --prune --no-recurse-submodules --depth=1 origin +95e24e89a39236109dd790711c4c7c15b2a3f368:refs/remotes/origin/phase3/verified-hidden-media-transfer
2026-10-03T03:03:23.1924678Z From https://github.com/traynor1987/Private-gallery-
2026-10-03T03:03:23.1926100Z  * [new ref]         95e24e89a39236109dd790711c4c7c15b2a3f368 -> origin/phase3/verified-hidden-media-transfer
2026-10-03T03:03:23.1933267Z ##[endgroup]
2026-10-03T03:03:23.1933742Z ##[group]Determining the checkout info
2026-10-03T03:03:23.1934226Z ##[endgroup]
2026-10-03T03:03:23.1934514Z [command]/usr/bin/git sparse-checkout disable
2026-10-03T03:03:23.1969912Z [command]/usr/bin/git config --local --unset-all extensions.worktreeConfig
2026-10-03T03:03:23.1993314Z ##[group]Checking out the ref
2026-10-03T03:03:23.1998269Z [command]/usr/bin/git checkout --progress --force -B phase3/verified-hidden-media-transfer refs/remotes/origin/phase3/verified-hidden-media-transfer
2026-10-03T03:03:23.2352628Z Switched to a new branch 'phase3/verified-hidden-media-transfer'
2026-10-03T03:03:23.2355601Z branch 'phase3/verified-hidden-media-transfer' set up to track 'origin/phase3/verified-hidden-media-transfer'.
2026-10-03T03:03:23.2359465Z ##[endgroup]
2026-10-03T03:03:23.2386597Z [command]/usr/bin/git log -1 --format=%H
2026-10-03T03:03:23.2402806Z 95e24e89a39236109dd790711c4c7c15b2a3f368
2026-10-03T03:03:23.2615022Z ##[group]Run actions/setup-java@v5
2026-10-03T03:03:23.2615257Z with:
2026-10-03T03:03:23.2615428Z   distribution: temurin
2026-10-03T03:03:23.2615617Z   java-version: 17
2026-10-03T03:03:23.2615801Z   java-package: jdk
2026-10-03T03:03:23.2615990Z   check-latest: false
2026-10-03T03:03:23.2616166Z   set-default: true
2026-10-03T03:03:23.2616347Z   verify-signature: false
2026-10-03T03:03:23.2616540Z   server-id: github
2026-10-03T03:03:23.2616727Z   server-username: GITHUB_ACTOR
2026-10-03T03:03:23.2616945Z   server-password: GITHUB_TOKEN
2026-10-03T03:03:23.2617154Z   overwrite-settings: true
2026-10-03T03:03:23.2617357Z   job-status: success
2026-10-03T03:03:23.2619442Z   token: ***
2026-10-03T03:03:23.2619660Z   show-download-progress: false
2026-10-03T03:03:23.2619873Z ##[endgroup]
2026-10-03T03:03:23.3730770Z ##[group]Installed distributions
2026-10-03T03:03:23.3778547Z Resolved Java 17.0.20+1 from tool-cache
2026-10-03T03:03:23.3778962Z Setting Java 17.0.20+1 as the default
2026-10-03T03:03:23.3785582Z Creating toolchains.xml for JDK version 17 from temurin
2026-10-03T03:03:23.3834211Z Writing to /home/runner/.m2/toolchains.xml
2026-10-03T03:03:23.3834497Z 
2026-10-03T03:03:23.3834622Z Java configuration:
2026-10-03T03:03:23.3834867Z   Distribution: temurin
2026-10-03T03:03:23.3835117Z   Version: 17.0.20+1
2026-10-03T03:03:23.3835470Z   Path: /opt/hostedtoolcache/Java_Temurin-Hotspot_jdk/17.0.20-1/x64
2026-10-03T03:03:23.3835748Z 
2026-10-03T03:03:23.3836108Z ##[endgroup]
2026-10-03T03:03:23.3873010Z Creating settings.xml with server-id: github
2026-10-03T03:03:23.3873431Z Writing to /home/runner/.m2/settings.xml
2026-10-03T03:03:23.3874114Z Configured MAVEN_ARGS to include -ntp to suppress Maven transfer progress logs. Set 'show-download-progress: true' to keep the download progress output.
2026-10-03T03:03:23.3953029Z ##[group]Run yes | "$ANDROID_HOME/cmdline-tools/latest/bin/sdkmanager" "platforms;android-36" "build-tools;36.0.0" "emulator"
2026-10-03T03:03:23.3953703Z [36;1myes | "$ANDROID_HOME/cmdline-tools/latest/bin/sdkmanager" "platforms;android-36" "build-tools;36.0.0" "emulator"[0m
2026-10-03T03:03:23.4152838Z shell: /usr/bin/bash -e {0}
2026-10-03T03:03:23.4153080Z env:
2026-10-03T03:03:23.4153322Z   JAVA_HOME: /opt/hostedtoolcache/Java_Temurin-Hotspot_jdk/17.0.20-1/x64
2026-10-03T03:03:23.4153681Z   JAVA_HOME_17_X64: /opt/hostedtoolcache/Java_Temurin-Hotspot_jdk/17.0.20-1/x64
2026-10-03T03:03:23.4153986Z   MAVEN_ARGS: -ntp
2026-10-03T03:03:23.4154153Z ##[endgroup]
2026-10-03T03:03:26.3446827Z Loading package information...                                                  
2026-10-03T03:03:26.4176050Z Loading local repository...                                                     
2026-10-03T03:03:26.4179684Z [                                       ] 3% Loading local repository...        
2026-10-03T03:03:26.8448302Z [                                       ] 3% Fetch remote repository...         
2026-10-03T03:03:27.2068452Z [=                                      ] 3% Fetch remote repository...         
2026-10-03T03:03:27.2617190Z [=                                      ] 4% Fetch remote repository...         
2026-10-03T03:03:27.2791285Z [=                                      ] 5% Fetch remote repository...         
2026-10-03T03:03:27.3095165Z [==                                     ] 5% Fetch remote repository...         
2026-10-03T03:03:27.3459936Z [==                                     ] 6% Fetch remote repository...         
2026-10-03T03:03:27.4060632Z [==                                     ] 7% Fetch remote repository...         
2026-10-03T03:03:27.4084117Z [==                                     ] 7% Computing updates...               
2026-10-03T03:03:27.4141479Z [===                                    ] 8% Computing updates...               
2026-10-03T03:03:27.4418149Z [===                                    ] 10% Computing updates...              
2026-10-03T03:03:27.5271306Z [===                                    ] 10% Installing Android Emulator       
2026-10-03T03:03:27.6366171Z [===                                    ] 10% Downloading emulator-linux_x64-164
2026-10-03T03:03:27.6892393Z [====                                   ] 10% Downloading emulator-linux_x64-164
2026-10-03T03:03:27.7310683Z [====                                   ] 11% Downloading emulator-linux_x64-164
2026-10-03T03:03:27.7633854Z [====                                   ] 12% Downloading emulator-linux_x64-164
2026-10-03T03:03:27.7886032Z [=====                                  ] 13% Downloading emulator-linux_x64-164
2026-10-03T03:03:27.8208190Z [=====                                  ] 14% Downloading emulator-linux_x64-164
2026-10-03T03:03:27.8390740Z [=====                                  ] 15% Downloading emulator-linux_x64-164
2026-10-03T03:03:27.8512396Z [======                                 ] 15% Downloading emulator-linux_x64-164
2026-10-03T03:03:27.8703617Z [======                                 ] 16% Downloading emulator-linux_x64-164
2026-10-03T03:03:27.9005224Z [======                                 ] 17% Downloading emulator-linux_x64-164
2026-10-03T03:03:27.9266327Z [=======                                ] 18% Downloading emulator-linux_x64-164
2026-10-03T03:03:27.9638221Z [=======                                ] 19% Downloading emulator-linux_x64-164
2026-10-03T03:03:27.9773248Z [=======                                ] 20% Downloading emulator-linux_x64-164
2026-10-03T03:03:27.9884165Z [========                               ] 20% Downloading emulator-linux_x64-164
2026-10-03T03:03:28.0161436Z [========                               ] 21% Downloading emulator-linux_x64-164
2026-10-03T03:03:28.0412659Z [========                               ] 22% Downloading emulator-linux_x64-164
2026-10-03T03:03:28.0665403Z [=========                              ] 23% Downloading emulator-linux_x64-164
2026-10-03T03:03:28.0981292Z [=========                              ] 24% Downloading emulator-linux_x64-164
2026-10-03T03:03:28.1108371Z [=========                              ] 25% Downloading emulator-linux_x64-164
2026-10-03T03:03:28.1215770Z [==========                             ] 25% Downloading emulator-linux_x64-164
2026-10-03T03:03:28.1515429Z [==========                             ] 26% Downloading emulator-linux_x64-164
2026-10-03T03:03:28.1768579Z [==========                             ] 27% Downloading emulator-linux_x64-164
2026-10-03T03:03:28.2091121Z [===========                            ] 28% Downloading emulator-linux_x64-164
2026-10-03T03:03:28.2324409Z [===========                            ] 29% Downloading emulator-linux_x64-164
2026-10-03T03:03:28.2451580Z [===========                            ] 30% Downloading emulator-linux_x64-164
2026-10-03T03:03:28.2634120Z [============                           ] 30% Downloading emulator-linux_x64-164
2026-10-03T03:03:28.2866676Z [============                           ] 31% Downloading emulator-linux_x64-164
2026-10-03T03:03:28.3092568Z [============                           ] 32% Downloading emulator-linux_x64-164
2026-10-03T03:03:28.3095188Z [============                           ] 33% Downloading emulator-linux_x64-164
2026-10-03T03:03:28.4069854Z [============                           ] 33% Unzipping...                      
2026-10-03T03:03:28.4070400Z [============                           ] 33% Unzipping... emulator/            
2026-10-03T03:03:28.4070886Z [============                           ] 33% Unzipping... emulator/resources/  
2026-10-03T03:03:28.4080501Z [============                           ] 33% Unzipping... emulator/qsn         
2026-10-03T03:03:28.4468525Z [=============                          ] 33% Unzipping... emulator/qsn         
2026-10-03T03:03:28.5369549Z [=============                          ] 33% Unzipping... emulator/emulator    
2026-10-03T03:03:28.7177880Z [=============                          ] 33% Unzipping... emulator/netsimd     
2026-10-03T03:03:28.7178513Z [=============                          ] 33% Unzipping... emulator/bin64/      
2026-10-03T03:03:28.7178879Z [=============                          ] 33% Unzipping... emulator/qemu/       
2026-10-03T03:03:28.7189005Z [=============                          ] 33% Unzipping... emulator/NOTICE.txt  
2026-10-03T03:03:28.7294221Z [=============                          ] 33% Unzipping... emulator/crashpad_han
2026-10-03T03:03:28.7450318Z [=============                          ] 34% Unzipping... emulator/crashpad_han
2026-10-03T03:03:28.7452543Z [=============                          ] 34% Unzipping... emulator/source.prope
2026-10-03T03:03:28.7982170Z [=============                          ] 34% Unzipping... emulator/nimble_bridg
2026-10-03T03:03:28.7984139Z [=============                          ] 34% Unzipping... emulator/LICENSE     
2026-10-03T03:03:28.7984584Z [=============                          ] 34% Unzipping... emulator/lib/        
2026-10-03T03:03:28.8064538Z [=============                          ] 34% Unzipping... emulator/qemu-img    
2026-10-03T03:03:28.8065130Z [=============                          ] 34% Unzipping... emulator/include/    
2026-10-03T03:03:28.8068489Z [=============                          ] 34% Unzipping... emulator/NOTICE.csv  
2026-10-03T03:03:28.8068945Z [=============                          ] 34% Unzipping... emulator/lib64/      
2026-10-03T03:03:28.8211271Z [=============                          ] 34% Unzipping... emulator/emulator-che
2026-10-03T03:03:28.8382799Z [=============                          ] 34% Unzipping... emulator/crashreport 
2026-10-03T03:03:28.8389160Z [=============                          ] 34% Unzipping... emulator/mksdcard    
2026-10-03T03:03:28.8533675Z [=============                          ] 34% Unzipping... emulator/resources/To
2026-10-03T03:03:28.8544056Z [=============                          ] 35% Unzipping... emulator/resources/To
2026-10-03T03:03:28.8598375Z [=============                          ] 35% Unzipping... emulator/resources/de
2026-10-03T03:03:28.8599621Z [=============                          ] 35% Unzipping... emulator/resources/To
2026-10-03T03:03:28.8609657Z [=============                          ] 35% Unzipping... emulator/resources/de
2026-10-03T03:03:28.8717004Z [=============                          ] 35% Unzipping... emulator/resources/To
2026-10-03T03:03:28.8717637Z [=============                          ] 35% Unzipping... emulator/resources/ma
2026-10-03T03:03:28.8734319Z [=============                          ] 35% Unzipping... emulator/resources/de
2026-10-03T03:03:28.8734884Z [=============                          ] 35% Unzipping... emulator/resources/sk
2026-10-03T03:03:28.8765595Z [=============                          ] 35% Unzipping... emulator/resources/de
2026-10-03T03:03:28.8765977Z [=============                          ] 35% Unzipping... emulator/resources/ma
2026-10-03T03:03:28.8775725Z [=============                          ] 35% Unzipping... emulator/resources/po
2026-10-03T03:03:28.8820523Z [=============                          ] 35% Unzipping... emulator/resources/ma
2026-10-03T03:03:28.8823667Z [==============                         ] 35% Unzipping... emulator/resources/ma
2026-10-03T03:03:28.9687345Z [==============                         ] 35% Unzipping... emulator/resources/sk
2026-10-03T03:03:28.9696426Z [==============                         ] 35% Unzipping... emulator/resources/ma
2026-10-03T03:03:28.9723905Z [==============                         ] 35% Unzipping... emulator/bin64/e2fsck
2026-10-03T03:03:28.9751864Z [==============                         ] 35% Unzipping... emulator/bin64/fsck.e
2026-10-03T03:03:28.9769416Z [==============                         ] 35% Unzipping... emulator/bin64/tune2f
2026-10-03T03:03:28.9783319Z [==============                         ] 35% Unzipping... emulator/bin64/resize
2026-10-03T03:03:28.9805311Z [==============                         ] 35% Unzipping... emulator/bin64/mkfs.e
2026-10-03T03:03:29.0588004Z [==============                         ] 35% Unzipping... emulator/qemu/linux-x
2026-10-03T03:03:29.2078954Z [==============                         ] 36% Unzipping... emulator/qemu/linux-x
2026-10-03T03:03:29.4864825Z [==============                         ] 37% Unzipping... emulator/qemu/linux-x
2026-10-03T03:03:29.7486912Z [===============                        ] 38% Unzipping... emulator/qemu/linux-x
2026-10-03T03:03:30.1065472Z [===============                        ] 39% Unzipping... emulator/qemu/linux-x
2026-10-03T03:03:30.1754336Z [===============                        ] 40% Unzipping... emulator/qemu/linux-x
2026-10-03T03:03:30.3689534Z [================                       ] 40% Unzipping... emulator/qemu/linux-x
2026-10-03T03:03:30.4575809Z [================                       ] 41% Unzipping... emulator/qemu/linux-x
2026-10-03T03:03:30.4577774Z [================                       ] 41% Unzipping... emulator/lib/emulator
2026-10-03T03:03:30.4579523Z [================                       ] 41% Unzipping... emulator/lib/rtc_serv
2026-10-03T03:03:30.4588484Z [================                       ] 41% Unzipping... emulator/lib/advanced
2026-10-03T03:03:30.4588845Z [================                       ] 41% Unzipping... emulator/lib/cmake/  
2026-10-03T03:03:30.4589127Z [================                       ] 41% Unzipping... emulator/lib/emulator
2026-10-03T03:03:30.4589407Z [================                       ] 41% Unzipping... emulator/lib/control_
2026-10-03T03:03:30.4589672Z [================                       ] 41% Unzipping... emulator/lib/emulated
2026-10-03T03:03:30.5647674Z [================                       ] 41% Unzipping... emulator/lib/rtc_serv
2026-10-03T03:03:30.5651182Z [================                       ] 41% Unzipping... emulator/lib/emu-orig
2026-10-03T03:03:30.5654611Z [================                       ] 41% Unzipping... emulator/lib/hardware
2026-10-03T03:03:30.5655149Z [================                       ] 41% Unzipping... emulator/lib/pkgconfi
2026-10-03T03:03:30.5655486Z [================                       ] 41% Unzipping... emulator/lib/pc-bios/
2026-10-03T03:03:30.5662298Z [================                       ] 41% Unzipping... emulator/lib/snapshot
2026-10-03T03:03:30.5662948Z [================                       ] 41% Unzipping... emulator/lib/adb_serv
2026-10-03T03:03:30.5666319Z [================                       ] 41% Unzipping... emulator/lib/hostapd.
2026-10-03T03:03:30.5669056Z [================                       ] 41% Unzipping... emulator/lib/grpc_end
2026-10-03T03:03:30.5686357Z [================                       ] 41% Unzipping... emulator/lib/ca-bundl
2026-10-03T03:03:30.5689713Z [================                       ] 41% Unzipping... emulator/lib/ui_contr
2026-10-03T03:03:30.5693121Z [================                       ] 41% Unzipping... emulator/lib/snapshot
2026-10-03T03:03:30.5694822Z [================                       ] 41% Unzipping... emulator/lib/ice_conf
2026-10-03T03:03:30.5950333Z [================                       ] 41% Unzipping... emulator/lib/libflatb
2026-10-03T03:03:30.5955506Z [================                       ] 41% Unzipping... emulator/lib/emulator
2026-10-03T03:03:30.5961021Z [================                       ] 41% Unzipping... emulator/lib/waterfal
2026-10-03T03:03:30.5961442Z [================                       ] 41% Unzipping... emulator/lib/emulated
2026-10-03T03:03:30.5966821Z [================                       ] 41% Unzipping... emulator/lib/cmake/fl
2026-10-03T03:03:30.5970659Z [================                       ] 41% Unzipping... emulator/lib/pkgconfi
2026-10-03T03:03:30.6078653Z [================                       ] 41% Unzipping... emulator/lib/pc-bios/
2026-10-03T03:03:30.6581327Z [================                       ] 41% Unzipping... emulator/include/flat
2026-10-03T03:03:30.6640430Z [================                       ] 41% Unzipping... emulator/lib64/libgli
2026-10-03T03:03:30.6745055Z [================                       ] 41% Unzipping... emulator/lib64/libpro
2026-10-03T03:03:30.6745476Z [================                       ] 41% Unzipping... emulator/lib64/qt/   
2026-10-03T03:03:30.7085775Z [================                       ] 41% Unzipping... emulator/lib64/liband
2026-10-03T03:03:30.7105783Z [================                       ] 41% Unzipping... emulator/lib64/libgfx
2026-10-03T03:03:30.7681953Z [================                       ] 42% Unzipping... emulator/lib64/libgfx
2026-10-03T03:03:30.7682349Z [================                       ] 42% Unzipping... emulator/lib64/gles_l
2026-10-03T03:03:30.7688056Z [================                       ] 42% Unzipping... emulator/lib64/liband
2026-10-03T03:03:30.7688379Z [================                       ] 42% Unzipping... emulator/lib64/vulkan
2026-10-03T03:03:30.7688718Z [================                       ] 42% Unzipping... emulator/lib64/gles_s
2026-10-03T03:03:30.7690921Z [================                       ] 42% Unzipping... emulator/lib64/libemu
2026-10-03T03:03:30.7792143Z [================                       ] 42% Unzipping... emulator/lib64/libpro
2026-10-03T03:03:30.8777930Z [================                       ] 42% Unzipping... emulator/lib64/liband
2026-10-03T03:03:31.0295375Z [=================                      ] 43% Unzipping... emulator/lib64/liband
2026-10-03T03:03:31.0311349Z [=================                      ] 43% Unzipping... emulator/lib64/libtcm
2026-10-03T03:03:31.0313374Z [=================                      ] 43% Unzipping... emulator/lib64/libima
2026-10-03T03:03:31.0368014Z [=================                      ] 43% Unzipping... emulator/lib64/libc++
2026-10-03T03:03:31.0592980Z [=================                      ] 43% Unzipping... emulator/lib64/liband
2026-10-03T03:03:31.0631017Z [=================                      ] 43% Unzipping... emulator/lib64/libabs
2026-10-03T03:03:31.0631772Z [=================                      ] 43% Unzipping... emulator/lib64/gles_a
2026-10-03T03:03:31.0688230Z [=================                      ] 43% Unzipping... emulator/lib64/libsha
2026-10-03T03:03:31.0742869Z [=================                      ] 43% Unzipping... emulator/lib64/libc++
2026-10-03T03:03:31.0743280Z [=================                      ] 43% Unzipping... emulator/lib64/qt/res
2026-10-03T03:03:31.0743638Z [=================                      ] 43% Unzipping... emulator/lib64/qt/lib
2026-10-03T03:03:31.0744003Z [=================                      ] 43% Unzipping... emulator/lib64/qt/tra
2026-10-03T03:03:31.0744377Z [=================                      ] 43% Unzipping... emulator/lib64/qt/plu
2026-10-03T03:03:31.0918040Z [=================                      ] 43% Unzipping... emulator/lib64/qt/res
2026-10-03T03:03:31.1379304Z [=================                      ] 44% Unzipping... emulator/lib64/qt/res
2026-10-03T03:03:31.2521856Z [=================                      ] 44% Unzipping... emulator/lib64/qt/lib
2026-10-03T03:03:31.3272799Z [=================                      ] 45% Unzipping... emulator/lib64/qt/lib
2026-10-03T03:03:31.4845735Z [==================                     ] 45% Unzipping... emulator/lib64/qt/lib
2026-10-03T03:03:31.6491768Z [==================                     ] 46% Unzipping... emulator/lib64/qt/lib
2026-10-03T03:03:31.8284224Z [==================                     ] 47% Unzipping... emulator/lib64/qt/lib
2026-10-03T03:03:32.0094874Z [===================                    ] 48% Unzipping... emulator/lib64/qt/lib
2026-10-03T03:03:32.7706660Z [===================                    ] 49% Unzipping... emulator/lib64/qt/lib
2026-10-03T03:03:32.9592895Z [===================                    ] 50% Unzipping... emulator/lib64/qt/lib
2026-10-03T03:03:33.0328552Z [====================                   ] 50% Unzipping... emulator/lib64/qt/lib
2026-10-03T03:03:33.0570677Z [====================                   ] 50% Unzipping... emulator/lib64/qt/tra
2026-10-03T03:03:33.1937929Z [====================                   ] 51% Unzipping... emulator/lib64/qt/tra
2026-10-03T03:03:33.2030111Z [====================                   ] 51% Unzipping... emulator/lib64/qt/plu
2026-10-03T03:03:33.2721952Z [====================                   ] 51% Unzipping... emulator/lib64/gles_l
2026-10-03T03:03:33.3165070Z [====================                   ] 51% Unzipping... emulator/lib64/vulkan
2026-10-03T03:03:33.5437550Z [====================                   ] 52% Unzipping... emulator/lib64/vulkan
2026-10-03T03:03:33.7740509Z [=====================                  ] 53% Unzipping... emulator/lib64/vulkan
2026-10-03T03:03:34.4093917Z [=====================                  ] 54% Unzipping... emulator/lib64/vulkan
2026-10-03T03:03:34.4325739Z [=====================                  ] 54% Unzipping... emulator/lib64/gles_s
2026-10-03T03:03:34.4680584Z [=====================                  ] 55% Unzipping... emulator/lib64/gles_s
2026-10-03T03:03:34.5491269Z [=====================                  ] 55% Unzipping... emulator/lib64/gles_a
2026-10-03T03:03:34.5491668Z [=======================================] 100% Unzipping... emulator/lib64/gles_
2026-10-03T03:03:34.8328901Z 
2026-10-03T03:03:34.8496099Z yes: standard output: Broken pipe
2026-10-03T03:03:34.8569122Z ##[group]Run actions/setup-python@v5
2026-10-03T03:03:34.8569338Z with:
2026-10-03T03:03:34.8569502Z   python-version: 3.12
2026-10-03T03:03:34.8569680Z   check-latest: false
2026-10-03T03:03:34.8571337Z   token: ***
2026-10-03T03:03:34.8571512Z   update-environment: true
2026-10-03T03:03:34.8571704Z   allow-prereleases: false
2026-10-03T03:03:34.8571891Z   freethreaded: false
2026-10-03T03:03:34.8572052Z env:
2026-10-03T03:03:34.8572279Z   JAVA_HOME: /opt/hostedtoolcache/Java_Temurin-Hotspot_jdk/17.0.20-1/x64
2026-10-03T03:03:34.8572631Z   JAVA_HOME_17_X64: /opt/hostedtoolcache/Java_Temurin-Hotspot_jdk/17.0.20-1/x64
2026-10-03T03:03:34.8572930Z   MAVEN_ARGS: -ntp
2026-10-03T03:03:34.8573096Z ##[endgroup]
2026-10-03T03:03:34.9498147Z ##[group]Installed versions
2026-10-03T03:03:34.9599242Z (node:2188) [DEP0040] DeprecationWarning: The `punycode` module is deprecated. Please use a userland alternative instead.
2026-10-03T03:03:34.9600097Z (Use `node --trace-deprecation ...` to show where the warning was created)
2026-10-03T03:03:34.9600524Z Successfully set up CPython (3.12.14)
2026-10-03T03:03:34.9601140Z ##[endgroup]
2026-10-03T03:03:34.9665958Z ##[group]Run python3 scripts/verify_backup_exclusions.py
2026-10-03T03:03:34.9666282Z [36;1mpython3 scripts/verify_backup_exclusions.py[0m
2026-10-03T03:03:34.9666561Z [36;1mpython3 -m unittest discover -s scripts/tests -p '*.py'[0m
2026-10-03T03:03:34.9709171Z shell: /usr/bin/bash -e {0}
2026-10-03T03:03:34.9709378Z env:
2026-10-03T03:03:34.9709608Z   JAVA_HOME: /opt/hostedtoolcache/Java_Temurin-Hotspot_jdk/17.0.20-1/x64
2026-10-03T03:03:34.9709948Z   JAVA_HOME_17_X64: /opt/hostedtoolcache/Java_Temurin-Hotspot_jdk/17.0.20-1/x64
2026-10-03T03:03:34.9710236Z   MAVEN_ARGS: -ntp
2026-10-03T03:03:34.9710449Z   pythonLocation: /opt/hostedtoolcache/Python/3.12.14/x64
2026-10-03T03:03:34.9710785Z   PKG_CONFIG_PATH: /opt/hostedtoolcache/Python/3.12.14/x64/lib/pkgconfig
2026-10-03T03:03:34.9711075Z   Python_ROOT_DIR: /opt/hostedtoolcache/Python/3.12.14/x64
2026-10-03T03:03:34.9711344Z   Python2_ROOT_DIR: /opt/hostedtoolcache/Python/3.12.14/x64
2026-10-03T03:03:34.9711659Z   Python3_ROOT_DIR: /opt/hostedtoolcache/Python/3.12.14/x64
2026-10-03T03:03:34.9711931Z   LD_LIBRARY_PATH: /opt/hostedtoolcache/Python/3.12.14/x64/lib
2026-10-03T03:03:34.9712169Z ##[endgroup]
2026-10-03T03:03:35.0627319Z PASS: backup exclusions (source); vendor transfer acceptance remains physical
2026-10-03T03:03:40.0490453Z ..............
2026-10-03T03:03:40.0490842Z ----------------------------------------------------------------------
2026-10-03T03:03:40.0491131Z Ran 14 tests in 4.906s
2026-10-03T03:03:40.0491522Z 
2026-10-03T03:03:40.0491588Z OK
2026-10-03T03:03:40.0602249Z ##[group]Run sha256sum --strict --check SHA256SUMS
2026-10-03T03:03:40.0602545Z [36;1msha256sum --strict --check SHA256SUMS[0m
2026-10-03T03:03:40.0636220Z shell: /usr/bin/bash -e {0}
2026-10-03T03:03:40.0636421Z env:
2026-10-03T03:03:40.0636658Z   JAVA_HOME: /opt/hostedtoolcache/Java_Temurin-Hotspot_jdk/17.0.20-1/x64
2026-10-03T03:03:40.0637007Z   JAVA_HOME_17_X64: /opt/hostedtoolcache/Java_Temurin-Hotspot_jdk/17.0.20-1/x64
2026-10-03T03:03:40.0637276Z   MAVEN_ARGS: -ntp
2026-10-03T03:03:40.0637643Z   pythonLocation: /opt/hostedtoolcache/Python/3.12.14/x64
2026-10-03T03:03:40.0637965Z   PKG_CONFIG_PATH: /opt/hostedtoolcache/Python/3.12.14/x64/lib/pkgconfig
2026-10-03T03:03:40.0638293Z   Python_ROOT_DIR: /opt/hostedtoolcache/Python/3.12.14/x64
2026-10-03T03:03:40.0638578Z   Python2_ROOT_DIR: /opt/hostedtoolcache/Python/3.12.14/x64
2026-10-03T03:03:40.0638851Z   Python3_ROOT_DIR: /opt/hostedtoolcache/Python/3.12.14/x64
2026-10-03T03:03:40.0639179Z   LD_LIBRARY_PATH: /opt/hostedtoolcache/Python/3.12.14/x64/lib
2026-10-03T03:03:40.0639413Z ##[endgroup]
2026-10-03T03:03:40.0708395Z backup-v1.pgvault: OK
2026-10-03T03:03:40.0714451Z corrupt/archive-duplicate.pgvault: OK
2026-10-03T03:03:40.0721021Z corrupt/archive-payload-truncated.pgvault: OK
2026-10-03T03:03:40.0721344Z corrupt/archive-truncated.pgvault: OK
2026-10-03T03:03:40.0727616Z corrupt/archive-video-tag-rehashed.pgvault: OK
2026-10-03T03:03:40.0727928Z corrupt/excessive-count.enc: OK
2026-10-03T03:03:40.0728181Z corrupt/index-tag.enc: OK
2026-10-03T03:03:40.0728413Z corrupt/index-truncated.enc: OK
2026-10-03T03:03:40.0728663Z corrupt/legacy-duplicate.enc: OK
2026-10-03T03:03:40.0728923Z corrupt/legacy-negative-size.enc: OK
2026-10-03T03:03:40.0729186Z corrupt/legacy-trailing.enc: OK
2026-10-03T03:03:40.0730091Z corrupt/legacy-trash-without-date.enc: OK
2026-10-03T03:03:40.0730393Z corrupt/negative-count.enc: OK
2026-10-03T03:03:40.0730601Z corrupt/unknown-version.enc: OK
2026-10-03T03:03:40.0730824Z corrupt/v6-negative-size.enc: OK
2026-10-03T03:03:40.0731019Z corrupt/v6-trailing.enc: OK
2026-10-03T03:03:40.0731208Z expected.json: OK
2026-10-03T03:03:40.0731375Z index-v1.enc: OK
2026-10-03T03:03:40.0731534Z index-v2.enc: OK
2026-10-03T03:03:40.0731690Z index-v3.enc: OK
2026-10-03T03:03:40.0731854Z index-v4.enc: OK
2026-10-03T03:03:40.0732005Z index-v5.enc: OK
2026-10-03T03:03:40.0732155Z index-v6.enc: OK
2026-10-03T03:03:40.0732349Z payloads/11111111-1111-4111-8111-111111111111.vault: OK
2026-10-03T03:03:40.0735149Z payloads/22222222-2222-4222-8222-222222222222.vault: OK
2026-10-03T03:03:40.0735438Z pin-envelope.bin: OK
2026-10-03T03:03:40.0735618Z recovery-envelope.bin: OK
2026-10-03T03:03:40.0759570Z ##[group]Run cmp app/src/test/resources/phase0/legacy-v1/backup-v1.pgvault app/src/androidTest/assets/phase0/backup-v1.pgvault
2026-10-03T03:03:40.0760447Z [36;1mcmp app/src/test/resources/phase0/legacy-v1/backup-v1.pgvault app/src/androidTest/assets/phase0/backup-v1.pgvault[0m
2026-10-03T03:03:40.0761014Z [36;1mcmp app/src/test/resources/phase0/legacy-v1/expected.json app/src/androidTest/assets/phase0/expected.json[0m
2026-10-03T03:03:40.0785306Z shell: /usr/bin/bash -e {0}
2026-10-03T03:03:40.0785511Z env:
2026-10-03T03:03:40.0785754Z   JAVA_HOME: /opt/hostedtoolcache/Java_Temurin-Hotspot_jdk/17.0.20-1/x64
2026-10-03T03:03:40.0786099Z   JAVA_HOME_17_X64: /opt/hostedtoolcache/Java_Temurin-Hotspot_jdk/17.0.20-1/x64
2026-10-03T03:03:40.0786369Z   MAVEN_ARGS: -ntp
2026-10-03T03:03:40.0786580Z   pythonLocation: /opt/hostedtoolcache/Python/3.12.14/x64
2026-10-03T03:03:40.0786875Z   PKG_CONFIG_PATH: /opt/hostedtoolcache/Python/3.12.14/x64/lib/pkgconfig
2026-10-03T03:03:40.0787215Z   Python_ROOT_DIR: /opt/hostedtoolcache/Python/3.12.14/x64
2026-10-03T03:03:40.0787636Z   Python2_ROOT_DIR: /opt/hostedtoolcache/Python/3.12.14/x64
2026-10-03T03:03:40.0787918Z   Python3_ROOT_DIR: /opt/hostedtoolcache/Python/3.12.14/x64
2026-10-03T03:03:40.0788203Z   LD_LIBRARY_PATH: /opt/hostedtoolcache/Python/3.12.14/x64/lib
2026-10-03T03:03:40.0788584Z ##[endgroup]
2026-10-03T03:03:40.0866133Z ##[group]Run python3 -m pip install cryptography
2026-10-03T03:03:40.0866455Z [36;1mpython3 -m pip install cryptography[0m
2026-10-03T03:03:40.0866729Z [36;1mpython3 -m unittest docs/phase0/test_future_format_vectors.py[0m
2026-10-03T03:03:40.0890050Z shell: /usr/bin/bash -e {0}
2026-10-03T03:03:40.0890251Z env:
2026-10-03T03:03:40.0890592Z   JAVA_HOME: /opt/hostedtoolcache/Java_Temurin-Hotspot_jdk/17.0.20-1/x64
2026-10-03T03:03:40.0890980Z   JAVA_HOME_17_X64: /opt/hostedtoolcache/Java_Temurin-Hotspot_jdk/17.0.20-1/x64
2026-10-03T03:03:40.0891256Z   MAVEN_ARGS: -ntp
2026-10-03T03:03:40.0891466Z   pythonLocation: /opt/hostedtoolcache/Python/3.12.14/x64
2026-10-03T03:03:40.0891767Z   PKG_CONFIG_PATH: /opt/hostedtoolcache/Python/3.12.14/x64/lib/pkgconfig
2026-10-03T03:03:40.0892064Z   Python_ROOT_DIR: /opt/hostedtoolcache/Python/3.12.14/x64
2026-10-03T03:03:40.0892334Z   Python2_ROOT_DIR: /opt/hostedtoolcache/Python/3.12.14/x64
2026-10-03T03:03:40.0892646Z   Python3_ROOT_DIR: /opt/hostedtoolcache/Python/3.12.14/x64
2026-10-03T03:03:40.0892921Z   LD_LIBRARY_PATH: /opt/hostedtoolcache/Python/3.12.14/x64/lib
2026-10-03T03:03:40.0893165Z ##[endgroup]
2026-10-03T03:03:40.8910807Z Collecting cryptography
2026-10-03T03:03:40.9568671Z   Downloading cryptography-50.0.2-cp311-abi3-manylinux_2_34_x86_64.whl.metadata (4.4 kB)
2026-10-03T03:03:41.0483007Z Collecting cffi>=2.0.0 (from cryptography)
2026-10-03T03:03:41.0576347Z   Downloading cffi-2.1.1-cp312-cp312-manylinux2014_x86_64.manylinux_2_17_x86_64.whl.metadata (2.5 kB)
2026-10-03T03:03:41.0791452Z Collecting pycparser (from cffi>=2.0.0->cryptography)
2026-10-03T03:03:41.0882261Z   Downloading pycparser-3.0-py3-none-any.whl.metadata (8.2 kB)
2026-10-03T03:03:41.1208819Z Downloading cryptography-50.0.2-cp311-abi3-manylinux_2_34_x86_64.whl (4.8 MB)
2026-10-03T03:03:41.2388602Z    ━━━━━━━━━━━━━━━━━━━━━━━━━━━━━━━━━━━━━━━━ 4.8/4.8 MB 52.7 MB/s  0:00:00
2026-10-03T03:03:41.2493432Z Downloading cffi-2.1.1-cp312-cp312-manylinux2014_x86_64.manylinux_2_17_x86_64.whl (221 kB)
2026-10-03T03:03:41.2614437Z Downloading pycparser-3.0-py3-none-any.whl (48 kB)
2026-10-03T03:03:41.2994300Z Installing collected packages: pycparser, cffi, cryptography
2026-10-03T03:03:41.4929095Z 
2026-10-03T03:03:41.4938788Z Successfully installed cffi-2.1.1 cryptography-50.0.2 pycparser-3.0
2026-10-03T03:03:41.5990557Z .....
2026-10-03T03:03:41.5990884Z ----------------------------------------------------------------------
2026-10-03T03:03:41.5991153Z Ran 5 tests in 0.001s
2026-10-03T03:03:41.5991257Z 
2026-10-03T03:03:41.5991333Z OK
2026-10-03T03:03:41.6096790Z ##[group]Run python3 -B -m unittest docs/phase3/test_design_contracts.py
2026-10-03T03:03:41.6097185Z [36;1mpython3 -B -m unittest docs/phase3/test_design_contracts.py[0m
2026-10-03T03:03:41.6131407Z shell: /usr/bin/bash -e {0}
2026-10-03T03:03:41.6131624Z env:
2026-10-03T03:03:41.6131864Z   JAVA_HOME: /opt/hostedtoolcache/Java_Temurin-Hotspot_jdk/17.0.20-1/x64
2026-10-03T03:03:41.6132238Z   JAVA_HOME_17_X64: /opt/hostedtoolcache/Java_Temurin-Hotspot_jdk/17.0.20-1/x64
2026-10-03T03:03:41.6132510Z   MAVEN_ARGS: -ntp
2026-10-03T03:03:41.6132727Z   pythonLocation: /opt/hostedtoolcache/Python/3.12.14/x64
2026-10-03T03:03:41.6133026Z   PKG_CONFIG_PATH: /opt/hostedtoolcache/Python/3.12.14/x64/lib/pkgconfig
2026-10-03T03:03:41.6133318Z   Python_ROOT_DIR: /opt/hostedtoolcache/Python/3.12.14/x64
2026-10-03T03:03:41.6133588Z   Python2_ROOT_DIR: /opt/hostedtoolcache/Python/3.12.14/x64
2026-10-03T03:03:41.6133859Z   Python3_ROOT_DIR: /opt/hostedtoolcache/Python/3.12.14/x64
2026-10-03T03:03:41.6134175Z   LD_LIBRARY_PATH: /opt/hostedtoolcache/Python/3.12.14/x64/lib
2026-10-03T03:03:41.6134407Z ##[endgroup]
2026-10-03T03:03:41.6579827Z ..............................
2026-10-03T03:03:41.6580127Z ----------------------------------------------------------------------
2026-10-03T03:03:41.6580386Z Ran 30 tests in 0.001s
2026-10-03T03:03:41.6580502Z 
2026-10-03T03:03:41.6580566Z OK
2026-10-03T03:03:41.6671885Z ##[group]Run python3 scripts/verify_local_ai_distribution.py
2026-10-03T03:03:41.6672216Z [36;1mpython3 scripts/verify_local_ai_distribution.py[0m
2026-10-03T03:03:41.6705083Z shell: /usr/bin/bash -e {0}
2026-10-03T03:03:41.6705292Z env:
2026-10-03T03:03:41.6705534Z   JAVA_HOME: /opt/hostedtoolcache/Java_Temurin-Hotspot_jdk/17.0.20-1/x64
2026-10-03T03:03:41.6705886Z   JAVA_HOME_17_X64: /opt/hostedtoolcache/Java_Temurin-Hotspot_jdk/17.0.20-1/x64
2026-10-03T03:03:41.6706163Z   MAVEN_ARGS: -ntp
2026-10-03T03:03:41.6706375Z   pythonLocation: /opt/hostedtoolcache/Python/3.12.14/x64
2026-10-03T03:03:41.6706684Z   PKG_CONFIG_PATH: /opt/hostedtoolcache/Python/3.12.14/x64/lib/pkgconfig
2026-10-03T03:03:41.6706988Z   Python_ROOT_DIR: /opt/hostedtoolcache/Python/3.12.14/x64
2026-10-03T03:03:41.6707261Z   Python2_ROOT_DIR: /opt/hostedtoolcache/Python/3.12.14/x64
2026-10-03T03:03:41.6707722Z   Python3_ROOT_DIR: /opt/hostedtoolcache/Python/3.12.14/x64
2026-10-03T03:03:41.6708064Z   LD_LIBRARY_PATH: /opt/hostedtoolcache/Python/3.12.14/x64/lib
2026-10-03T03:03:41.6708320Z ##[endgroup]
2026-10-03T03:03:41.7080289Z PASS: retired local AI runtime and model weights are absent
2026-10-03T03:03:41.7151458Z ##[group]Run node --test scripts/tests/*.test.cjs
2026-10-03T03:03:41.7151764Z [36;1mnode --test scripts/tests/*.test.cjs[0m
2026-10-03T03:03:41.7182681Z shell: /usr/bin/bash -e {0}
2026-10-03T03:03:41.7182893Z env:
2026-10-03T03:03:41.7183131Z   JAVA_HOME: /opt/hostedtoolcache/Java_Temurin-Hotspot_jdk/17.0.20-1/x64
2026-10-03T03:03:41.7183479Z   JAVA_HOME_17_X64: /opt/hostedtoolcache/Java_Temurin-Hotspot_jdk/17.0.20-1/x64
2026-10-03T03:03:41.7183753Z   MAVEN_ARGS: -ntp
2026-10-03T03:03:41.7183963Z   pythonLocation: /opt/hostedtoolcache/Python/3.12.14/x64
2026-10-03T03:03:41.7184269Z   PKG_CONFIG_PATH: /opt/hostedtoolcache/Python/3.12.14/x64/lib/pkgconfig
2026-10-03T03:03:41.7184563Z   Python_ROOT_DIR: /opt/hostedtoolcache/Python/3.12.14/x64
2026-10-03T03:03:41.7184836Z   Python2_ROOT_DIR: /opt/hostedtoolcache/Python/3.12.14/x64
2026-10-03T03:03:41.7185128Z   Python3_ROOT_DIR: /opt/hostedtoolcache/Python/3.12.14/x64
2026-10-03T03:03:41.7185436Z   LD_LIBRARY_PATH: /opt/hostedtoolcache/Python/3.12.14/x64/lib
2026-10-03T03:03:41.7185668Z ##[endgroup]
2026-10-03T03:03:41.9209791Z TAP version 13
2026-10-03T03:03:41.9569643Z # Subtest: document visibility change does not pause WebView-owned video; native lifecycle owns background policy
2026-10-03T03:03:41.9578216Z ok 1 - document visibility change does not pause WebView-owned video; native lifecycle owns background policy
2026-10-03T03:03:41.9578771Z   ---
2026-10-03T03:03:41.9578992Z   duration_ms: 2.245949
2026-10-03T03:03:41.9579234Z   type: 'test'
2026-10-03T03:03:41.9579443Z   ...
2026-10-03T03:03:41.9583954Z # Subtest: native tab/background pause signal pauses embedded media without reading its source
2026-10-03T03:03:41.9585607Z ok 2 - native tab/background pause signal pauses embedded media without reading its source
2026-10-03T03:03:41.9589999Z   ---
2026-10-03T03:03:41.9590301Z   duration_ms: 0.625481
2026-10-03T03:03:41.9590559Z   type: 'test'
2026-10-03T03:03:41.9590719Z   ...
2026-10-03T03:03:41.9591013Z # Subtest: playing video shows save beside fullscreen only after native media classification
2026-10-03T03:03:41.9591425Z ok 3 - playing video shows save beside fullscreen only after native media classification
2026-10-03T03:03:41.9591707Z   ---
2026-10-03T03:03:41.9591851Z   duration_ms: 1.18309
2026-10-03T03:03:41.9592014Z   type: 'test'
2026-10-03T03:03:41.9592157Z   ...
2026-10-03T03:03:41.9648671Z 1..3
2026-10-03T03:03:41.9648935Z # tests 3
2026-10-03T03:03:41.9649444Z # suites 0
2026-10-03T03:03:41.9649703Z # pass 3
2026-10-03T03:03:41.9649904Z # fail 0
2026-10-03T03:03:41.9650130Z # cancelled 0
2026-10-03T03:03:41.9650361Z # skipped 0
2026-10-03T03:03:41.9650670Z # todo 0
2026-10-03T03:03:41.9650910Z # duration_ms 63.386883
2026-10-03T03:03:41.9724323Z ##[group]Run ./scripts/no_secret_scan.sh
2026-10-03T03:03:41.9724578Z [36;1m./scripts/no_secret_scan.sh[0m
2026-10-03T03:03:41.9759808Z shell: /usr/bin/bash -e {0}
2026-10-03T03:03:41.9760078Z env:
2026-10-03T03:03:41.9760559Z   JAVA_HOME: /opt/hostedtoolcache/Java_Temurin-Hotspot_jdk/17.0.20-1/x64
2026-10-03T03:03:41.9760989Z   JAVA_HOME_17_X64: /opt/hostedtoolcache/Java_Temurin-Hotspot_jdk/17.0.20-1/x64
2026-10-03T03:03:41.9761328Z   MAVEN_ARGS: -ntp
2026-10-03T03:03:41.9761637Z   pythonLocation: /opt/hostedtoolcache/Python/3.12.14/x64
2026-10-03T03:03:41.9762005Z   PKG_CONFIG_PATH: /opt/hostedtoolcache/Python/3.12.14/x64/lib/pkgconfig
2026-10-03T03:03:41.9762350Z   Python_ROOT_DIR: /opt/hostedtoolcache/Python/3.12.14/x64
2026-10-03T03:03:41.9762724Z   Python2_ROOT_DIR: /opt/hostedtoolcache/Python/3.12.14/x64
2026-10-03T03:03:41.9763061Z   Python3_ROOT_DIR: /opt/hostedtoolcache/Python/3.12.14/x64
2026-10-03T03:03:41.9763499Z   LD_LIBRARY_PATH: /opt/hostedtoolcache/Python/3.12.14/x64/lib
2026-10-03T03:03:41.9763830Z ##[endgroup]
2026-10-03T03:03:41.9893095Z PASS: no tracked secret material detected
2026-10-03T03:03:41.9928948Z ##[group]Run bash ./scripts/verify_production_vpn_path.sh
2026-10-03T03:03:41.9929513Z [36;1mbash ./scripts/verify_production_vpn_path.sh[0m
2026-10-03T03:03:41.9967093Z shell: /usr/bin/bash -e {0}
2026-10-03T03:03:41.9967615Z env:
2026-10-03T03:03:41.9967929Z   JAVA_HOME: /opt/hostedtoolcache/Java_Temurin-Hotspot_jdk/17.0.20-1/x64
2026-10-03T03:03:41.9968355Z   JAVA_HOME_17_X64: /opt/hostedtoolcache/Java_Temurin-Hotspot_jdk/17.0.20-1/x64
2026-10-03T03:03:41.9968739Z   MAVEN_ARGS: -ntp
2026-10-03T03:03:41.9969021Z   pythonLocation: /opt/hostedtoolcache/Python/3.12.14/x64
2026-10-03T03:03:41.9969404Z   PKG_CONFIG_PATH: /opt/hostedtoolcache/Python/3.12.14/x64/lib/pkgconfig
2026-10-03T03:03:41.9969767Z   Python_ROOT_DIR: /opt/hostedtoolcache/Python/3.12.14/x64
2026-10-03T03:03:41.9970105Z   Python2_ROOT_DIR: /opt/hostedtoolcache/Python/3.12.14/x64
2026-10-03T03:03:41.9970447Z   Python3_ROOT_DIR: /opt/hostedtoolcache/Python/3.12.14/x64
2026-10-03T03:03:41.9971050Z   LD_LIBRARY_PATH: /opt/hostedtoolcache/Python/3.12.14/x64/lib
2026-10-03T03:03:41.9971363Z ##[endgroup]
2026-10-03T03:03:42.0096320Z PASS: WireGuard-only production path and notice audit
2026-10-03T03:03:42.0124418Z ##[group]Run ./gradlew testDebugUnitTest --tests '*PrimaryVaultSetupGuardTest' --tests '*PrimaryStorageInventoryTest'
2026-10-03T03:03:42.0125073Z [36;1m./gradlew testDebugUnitTest --tests '*PrimaryVaultSetupGuardTest' --tests '*PrimaryStorageInventoryTest'[0m
2026-10-03T03:03:42.0153871Z shell: /usr/bin/bash -e {0}
2026-10-03T03:03:42.0154173Z env:
2026-10-03T03:03:42.0154483Z   JAVA_HOME: /opt/hostedtoolcache/Java_Temurin-Hotspot_jdk/17.0.20-1/x64
2026-10-03T03:03:42.0154903Z   JAVA_HOME_17_X64: /opt/hostedtoolcache/Java_Temurin-Hotspot_jdk/17.0.20-1/x64
2026-10-03T03:03:42.0155316Z   MAVEN_ARGS: -ntp
2026-10-03T03:03:42.0155607Z   pythonLocation: /opt/hostedtoolcache/Python/3.12.14/x64
2026-10-03T03:03:42.0155956Z   PKG_CONFIG_PATH: /opt/hostedtoolcache/Python/3.12.14/x64/lib/pkgconfig
2026-10-03T03:03:42.0156359Z   Python_ROOT_DIR: /opt/hostedtoolcache/Python/3.12.14/x64
2026-10-03T03:03:42.0156732Z   Python2_ROOT_DIR: /opt/hostedtoolcache/Python/3.12.14/x64
2026-10-03T03:03:42.0157171Z   Python3_ROOT_DIR: /opt/hostedtoolcache/Python/3.12.14/x64
2026-10-03T03:03:42.0157692Z   LD_LIBRARY_PATH: /opt/hostedtoolcache/Python/3.12.14/x64/lib
2026-10-03T03:03:42.0158028Z ##[endgroup]
2026-10-03T03:03:42.0852576Z Downloading https://services.gradle.org/distributions/gradle-8.10.2-bin.zip
2026-10-03T03:03:43.4132850Z .............10%.............20%.............30%.............40%.............50%.............60%.............70%.............80%.............90%.............100%
2026-10-03T03:03:44.4808020Z 
2026-10-03T03:03:44.4808754Z Welcome to Gradle 8.10.2!
2026-10-03T03:03:44.4809112Z 
2026-10-03T03:03:44.4809406Z Here are the highlights of this release:
2026-10-03T03:03:44.4818541Z  - Support for Java 23
2026-10-03T03:03:44.4819121Z  - Faster configuration cache
2026-10-03T03:03:44.4819637Z  - Better configuration cache reports
2026-10-03T03:03:44.4820560Z 
2026-10-03T03:03:44.4825846Z For more details see https://docs.gradle.org/8.10.2/release-notes.html
2026-10-03T03:03:44.4826408Z 
2026-10-03T03:03:44.5801783Z Starting a Gradle Daemon (subsequent builds will be faster)
2026-10-03T03:04:34.8817015Z > Task :app:checkKotlinGradlePluginConfigurationErrors SKIPPED
2026-10-03T03:04:34.8820515Z > Task :app:preBuild UP-TO-DATE
2026-10-03T03:04:34.8821022Z > Task :app:preDebugBuild UP-TO-DATE
2026-10-03T03:04:34.9800399Z > Task :app:generateDebugBuildConfig
2026-10-03T03:04:52.3808603Z > Task :app:generateDebugResValues
2026-10-03T03:04:52.4803430Z > Task :app:checkDebugAarMetadata
2026-10-03T03:04:52.4814887Z > Task :app:mapDebugSourceSetPaths
2026-10-03T03:04:52.4815795Z > Task :app:generateDebugResources
2026-10-03T03:04:53.8808889Z > Task :app:packageDebugResources
2026-10-03T03:04:53.9803012Z > Task :app:mergeDebugResources
2026-10-03T03:04:54.4819144Z > Task :app:createDebugCompatibleScreenManifests
2026-10-03T03:04:54.4843710Z > Task :app:extractDeepLinksDebug
2026-10-03T03:04:54.4853394Z > Task :app:parseDebugLocalResources
2026-10-03T03:04:54.7830780Z > Task :app:processDebugMainManifest
2026-10-03T03:04:54.8800185Z > Task :app:processDebugManifest
2026-10-03T03:04:54.8800756Z > Task :app:preDebugUnitTestBuild UP-TO-DATE
2026-10-03T03:04:54.8806467Z > Task :app:javaPreCompileDebug
2026-10-03T03:04:54.8806971Z > Task :app:javaPreCompileDebugUnitTest
2026-10-03T03:04:54.8807654Z > Task :app:processDebugManifestForPackage
2026-10-03T03:04:56.4808800Z > Task :app:processDebugResources
2026-10-03T03:05:26.5812215Z > Task :app:compileDebugKotlin
2026-10-03T03:05:45.8830082Z w: file:///home/runner/work/Private-gallery-/Private-gallery-/app/src/main/java/uk/co/traynor/privategallery/MainActivity.kt:1225:18 This declaration overrides a deprecated member but is not marked as deprecated itself. Please add the '@Deprecated' annotation or suppress the diagnostic.
2026-10-03T03:05:45.8890967Z w: file:///home/runner/work/Private-gallery-/Private-gallery-/app/src/main/java/uk/co/traynor/privategallery/MainActivity.kt:1240:15 'fun onBackPressed(): Unit' is deprecated. This method has been deprecated in favor of using the
2026-10-03T03:05:45.8941331Z       {@link OnBackPressedDispatcher} via {@link #getOnBackPressedDispatcher()}.
2026-10-03T03:05:45.8998377Z       The OnBackPressedDispatcher controls how back button events are dispatched
2026-10-03T03:05:45.9058231Z       to one or more {@link OnBackPressedCallback} objects.
2026-10-03T03:05:45.9089038Z w: file:///home/runner/work/Private-gallery-/Private-gallery-/app/src/main/java/uk/co/traynor/privategallery/MainActivity.kt:3067:83 'val Icons.Filled.ArrowBack: ImageVector' is deprecated. Use the AutoMirrored version at Icons.AutoMirrored.Filled.ArrowBack.
2026-10-03T03:05:45.9118887Z w: file:///home/runner/work/Private-gallery-/Private-gallery-/app/src/main/java/uk/co/traynor/privategallery/MainActivity.kt:3072:80 'val Icons.Filled.ArrowBack: ImageVector' is deprecated. Use the AutoMirrored version at Icons.AutoMirrored.Filled.ArrowBack.
2026-10-03T03:05:45.9178699Z w: file:///home/runner/work/Private-gallery-/Private-gallery-/app/src/main/java/uk/co/traynor/privategallery/core/browser/v2/SecureWebViewFactory.kt:43:13 'var databaseEnabled: Boolean' is deprecated. Deprecated in Java.
2026-10-03T03:05:45.9238856Z w: file:///home/runner/work/Private-gallery-/Private-gallery-/app/src/main/java/uk/co/traynor/privategallery/core/browser/v2/SecureWebViewFactory.kt:46:13 'var allowFileAccessFromFileURLs: Boolean' is deprecated. Deprecated in Java.
2026-10-03T03:05:45.9298719Z w: file:///home/runner/work/Private-gallery-/Private-gallery-/app/src/main/java/uk/co/traynor/privategallery/core/browser/v2/SecureWebViewFactory.kt:47:13 'var allowUniversalAccessFromFileURLs: Boolean' is deprecated. Deprecated in Java.
2026-10-03T03:05:45.9358928Z w: file:///home/runner/work/Private-gallery-/Private-gallery-/app/src/main/java/uk/co/traynor/privategallery/core/domain/SecondaryBiometricSlot.kt:144:17 'fun setUserAuthenticationValidityDurationSeconds(p0: Int): KeyGenParameterSpec.Builder' is deprecated. Deprecated in Java.
2026-10-03T03:05:45.9418760Z w: file:///home/runner/work/Private-gallery-/Private-gallery-/app/src/main/java/uk/co/traynor/privategallery/core/domain/SecondaryBiometricSlot.kt:166:17 'val isInsideSecureHardware: Boolean' is deprecated. Deprecated in Java.
2026-10-03T03:05:45.9448799Z w: file:///home/runner/work/Private-gallery-/Private-gallery-/app/src/main/java/uk/co/traynor/privategallery/core/security/PrimarySessionAuthority.kt:15:25 Non-public primary constructor is exposed via the generated 'copy()' method of the 'data' class.
2026-10-03T03:05:45.9477884Z 
2026-10-03T03:05:45.9538154Z The generated 'copy()' will change its visibility in future releases.
2026-10-03T03:05:45.9577747Z 
2026-10-03T03:05:45.9628168Z To suppress the warning do one of the following:
2026-10-03T03:05:45.9688165Z - Annotate the data class with the '@ConsistentCopyVisibility' annotation.
2026-10-03T03:05:45.9728201Z - Use the '-Xconsistent-data-class-copy-visibility' compiler flag.
2026-10-03T03:05:45.9753701Z - Annotate the data class with the '@ExposedCopyVisibility' annotation 
2026-10-03T03:05:45.9798186Z   (Discouraged, but can be used to keep binary compatibility).
2026-10-03T03:05:45.9827792Z 
2026-10-03T03:05:45.9878487Z To learn more, see the documentation of the '@ConsistentCopyVisibility' and '@ExposedCopyVisibility' annotations.
2026-10-03T03:05:45.9907844Z 
2026-10-03T03:05:45.9938099Z This will become an error in Kotlin 2.1.
2026-10-03T03:05:45.9960640Z w: file:///home/runner/work/Private-gallery-/Private-gallery-/app/src/main/java/uk/co/traynor/privategallery/core/security/PrimarySessionAuthority.kt:16:24 Non-public primary constructor is exposed via the generated 'copy()' method of the 'data' class.
2026-10-03T03:05:45.9962322Z 
2026-10-03T03:05:45.9962694Z The generated 'copy()' will change its visibility in future releases.
2026-10-03T03:05:45.9963120Z 
2026-10-03T03:05:45.9963402Z To suppress the warning do one of the following:
2026-10-03T03:05:45.9964068Z - Annotate the data class with the '@ConsistentCopyVisibility' annotation.
2026-10-03T03:05:45.9965006Z - Use the '-Xconsistent-data-class-copy-visibility' compiler flag.
2026-10-03T03:05:45.9965730Z - Annotate the data class with the '@ExposedCopyVisibility' annotation 
2026-10-03T03:05:45.9966461Z   (Discouraged, but can be used to keep binary compatibility).
2026-10-03T03:05:45.9966879Z 
2026-10-03T03:05:45.9967319Z To learn more, see the documentation of the '@ConsistentCopyVisibility' and '@ExposedCopyVisibility' annotations.
2026-10-03T03:05:45.9968228Z 
2026-10-03T03:05:45.9968559Z This will become an error in Kotlin 2.1.
2026-10-03T03:05:45.9970066Z w: file:///home/runner/work/Private-gallery-/Private-gallery-/app/src/main/java/uk/co/traynor/privategallery/core/security/PrimarySessionAuthority.kt:17:29 Non-public primary constructor is exposed via the generated 'copy()' method of the 'data' class.
2026-10-03T03:05:45.9971216Z 
2026-10-03T03:05:45.9971562Z The generated 'copy()' will change its visibility in future releases.
2026-10-03T03:05:45.9972087Z 
2026-10-03T03:05:45.9972339Z To suppress the warning do one of the following:
2026-10-03T03:05:45.9972976Z - Annotate the data class with the '@ConsistentCopyVisibility' annotation.
2026-10-03T03:05:45.9973688Z - Use the '-Xconsistent-data-class-copy-visibility' compiler flag.
2026-10-03T03:05:45.9974423Z - Annotate the data class with the '@ExposedCopyVisibility' annotation 
2026-10-03T03:05:45.9975100Z   (Discouraged, but can be used to keep binary compatibility).
2026-10-03T03:05:45.9975569Z 
2026-10-03T03:05:45.9976121Z To learn more, see the documentation of the '@ConsistentCopyVisibility' and '@ExposedCopyVisibility' annotations.
2026-10-03T03:05:45.9976739Z 
2026-10-03T03:05:45.9976963Z This will become an error in Kotlin 2.1.
2026-10-03T03:05:45.9978454Z w: file:///home/runner/work/Private-gallery-/Private-gallery-/app/src/main/java/uk/co/traynor/privategallery/core/security/PrimarySessionAuthority.kt:23:35 Non-public primary constructor is exposed via the generated 'copy()' method of the 'data' class.
2026-10-03T03:05:45.9979780Z 
2026-10-03T03:05:45.9980272Z The generated 'copy()' will change its visibility in future releases.
2026-10-03T03:05:45.9980710Z 
2026-10-03T03:05:45.9980976Z To suppress the warning do one of the following:
2026-10-03T03:05:45.9981603Z - Annotate the data class with the '@ConsistentCopyVisibility' annotation.
2026-10-03T03:05:45.9982320Z - Use the '-Xconsistent-data-class-copy-visibility' compiler flag.
2026-10-03T03:05:45.9983026Z - Annotate the data class with the '@ExposedCopyVisibility' annotation 
2026-10-03T03:05:45.9983711Z   (Discouraged, but can be used to keep binary compatibility).
2026-10-03T03:05:45.9984132Z 
2026-10-03T03:05:45.9984604Z To learn more, see the documentation of the '@ConsistentCopyVisibility' and '@ExposedCopyVisibility' annotations.
2026-10-03T03:05:45.9985279Z 
2026-10-03T03:05:45.9985531Z This will become an error in Kotlin 2.1.
2026-10-03T03:05:45.9986806Z w: file:///home/runner/work/Private-gallery-/Private-gallery-/app/src/main/java/uk/co/traynor/privategallery/core/security/PrimarySessionAuthority.kt:29:32 Non-public primary constructor is exposed via the generated 'copy()' method of the 'data' class.
2026-10-03T03:05:45.9988179Z 
2026-10-03T03:05:45.9988489Z The generated 'copy()' will change its visibility in future releases.
2026-10-03T03:05:45.9989181Z 
2026-10-03T03:05:45.9989449Z To suppress the warning do one of the following:
2026-10-03T03:05:45.9990136Z - Annotate the data class with the '@ConsistentCopyVisibility' annotation.
2026-10-03T03:05:45.9990836Z - Use the '-Xconsistent-data-class-copy-visibility' compiler flag.
2026-10-03T03:05:45.9991502Z - Annotate the data class with the '@ExposedCopyVisibility' annotation 
2026-10-03T03:05:45.9992210Z   (Discouraged, but can be used to keep binary compatibility).
2026-10-03T03:05:45.9992645Z 
2026-10-03T03:05:45.9993100Z To learn more, see the documentation of the '@ConsistentCopyVisibility' and '@ExposedCopyVisibility' annotations.
2026-10-03T03:05:45.9993713Z 
2026-10-03T03:05:45.9994002Z This will become an error in Kotlin 2.1.
2026-10-03T03:05:45.9995277Z w: file:///home/runner/work/Private-gallery-/Private-gallery-/app/src/main/java/uk/co/traynor/privategallery/ui/BrowserVideoFullscreen.kt:67:100 'static field FLAG_FULLSCREEN: Int' is deprecated. Deprecated in Java.
2026-10-03T03:05:45.9997022Z w: file:///home/runner/work/Private-gallery-/Private-gallery-/app/src/main/java/uk/co/traynor/privategallery/ui/BrowserVideoFullscreen.kt:68:66 'static field FLAG_FULLSCREEN: Int' is deprecated. Deprecated in Java.
2026-10-03T03:05:45.9999094Z w: file:///home/runner/work/Private-gallery-/Private-gallery-/app/src/main/java/uk/co/traynor/privategallery/ui/BrowserVideoFullscreen.kt:74:92 'static field FLAG_FULLSCREEN: Int' is deprecated. Deprecated in Java.
2026-10-03T03:05:46.0001301Z w: file:///home/runner/work/Private-gallery-/Private-gallery-/app/src/main/java/uk/co/traynor/privategallery/ui/FullscreenMediaViewer.kt:270:53 This declaration needs opt-in. Its usage should be marked with '@kotlinx.coroutines.ExperimentalCoroutinesApi' or '@OptIn(kotlinx.coroutines.ExperimentalCoroutinesApi::class)'
2026-10-03T03:05:46.0003883Z w: file:///home/runner/work/Private-gallery-/Private-gallery-/app/src/main/java/uk/co/traynor/privategallery/ui/PhotoEditor.kt:63:21 'val LocalLifecycleOwner: ProvidableCompositionLocal<LifecycleOwner>' is deprecated. Moved to lifecycle-runtime-compose library in androidx.lifecycle.compose package.
2026-10-03T03:05:46.0006619Z w: file:///home/runner/work/Private-gallery-/Private-gallery-/app/src/main/java/uk/co/traynor/privategallery/ui/PhotoEditor.kt:134:53 This declaration needs opt-in. Its usage should be marked with '@kotlinx.coroutines.ExperimentalCoroutinesApi' or '@OptIn(kotlinx.coroutines.ExperimentalCoroutinesApi::class)'
2026-10-03T03:05:46.0009170Z w: file:///home/runner/work/Private-gallery-/Private-gallery-/app/src/main/java/uk/co/traynor/privategallery/ui/PhotoEditor.kt:303:227 'val Icons.Filled.RotateRight: ImageVector' is deprecated. Use the AutoMirrored version at Icons.AutoMirrored.Filled.RotateRight.
2026-10-03T03:05:46.0011061Z w: file:///home/runner/work/Private-gallery-/Private-gallery-/app/src/main/java/uk/co/traynor/privategallery/ui/PhotoEditor.kt:327:34 Condition is always 'true'.
2026-10-03T03:05:46.0012610Z w: file:///home/runner/work/Private-gallery-/Private-gallery-/app/src/main/java/uk/co/traynor/privategallery/ui/PrivateBrowser.kt:833:13 'var databaseEnabled: Boolean' is deprecated. Deprecated in Java.
2026-10-03T03:05:46.0014313Z w: file:///home/runner/work/Private-gallery-/Private-gallery-/app/src/main/java/uk/co/traynor/privategallery/ui/PrivateBrowser.kt:836:13 'var allowFileAccessFromFileURLs: Boolean' is deprecated. Deprecated in Java.
2026-10-03T03:05:46.0016431Z w: file:///home/runner/work/Private-gallery-/Private-gallery-/app/src/main/java/uk/co/traynor/privategallery/ui/PrivateBrowser.kt:837:13 'var allowUniversalAccessFromFileURLs: Boolean' is deprecated. Deprecated in Java.
2026-10-03T03:05:46.0018449Z w: file:///home/runner/work/Private-gallery-/Private-gallery-/app/src/main/java/uk/co/traynor/privategallery/ui/PrivateBrowser.kt:972:25 'var allowFileAccessFromFileURLs: Boolean' is deprecated. Deprecated in Java.
2026-10-03T03:05:46.0020257Z w: file:///home/runner/work/Private-gallery-/Private-gallery-/app/src/main/java/uk/co/traynor/privategallery/ui/PrivateBrowser.kt:973:25 'var allowUniversalAccessFromFileURLs: Boolean' is deprecated. Deprecated in Java.
2026-10-03T03:05:46.0022219Z w: file:///home/runner/work/Private-gallery-/Private-gallery-/app/src/main/java/uk/co/traynor/privategallery/ui/PrivateVideoPlayer.kt:202:85 'val Icons.Filled.ArrowBack: ImageVector' is deprecated. Use the AutoMirrored version at Icons.AutoMirrored.Filled.ArrowBack.
2026-10-03T03:05:46.0024379Z w: file:///home/runner/work/Private-gallery-/Private-gallery-/app/src/main/java/uk/co/traynor/privategallery/ui/PrivateVideoPlayer.kt:205:125 'val Icons.Filled.VolumeOff: ImageVector' is deprecated. Use the AutoMirrored version at Icons.AutoMirrored.Filled.VolumeOff.
2026-10-03T03:05:46.0026675Z w: file:///home/runner/work/Private-gallery-/Private-gallery-/app/src/main/java/uk/co/traynor/privategallery/ui/PrivateVideoPlayer.kt:205:154 'val Icons.Filled.VolumeUp: ImageVector' is deprecated. Use the AutoMirrored version at Icons.AutoMirrored.Filled.VolumeUp.
2026-10-03T03:05:52.2807995Z 
2026-10-03T03:05:52.2808810Z > Task :app:compileDebugJavaWithJavac
2026-10-03T03:05:52.2809539Z > Task :app:processDebugJavaRes
2026-10-03T03:05:52.3800872Z > Task :app:bundleDebugClassesToCompileJar
2026-10-03T03:05:52.3802388Z > Task :app:bundleDebugClassesToRuntimeJar
2026-10-03T03:06:02.8828866Z 
2026-10-03T03:06:02.8838896Z > Task :app:compileDebugUnitTestKotlin
2026-10-03T03:06:02.8859422Z w: file:///home/runner/work/Private-gallery-/Private-gallery-/app/src/test/java/uk/co/traynor/privategallery/core/security/ReleaseCapacityTest.kt:428:52 Java type mismatch: inferred type is 'kotlin.Any?', but 'kotlin.Any' was expected.
2026-10-03T03:06:02.8869013Z w: file:///home/runner/work/Private-gallery-/Private-gallery-/app/src/test/java/uk/co/traynor/privategallery/core/vpn/EncryptedVpnProfileStoreTest.kt:10:20 'fun createTempDir(prefix: String = ..., suffix: String? = ..., directory: File? = ...): File' is deprecated. Avoid creating temporary directories in the default temp location with this function due to too wide permissions on the newly created directory. Use kotlin.io.path.createTempDirectory instead.
2026-10-03T03:06:02.8872671Z w: file:///home/runner/work/Private-gallery-/Private-gallery-/app/src/test/java/uk/co/traynor/privategallery/core/vpn/VpnProfileRepositoryTest.kt:10:20 'fun createTempDir(prefix: String = ..., suffix: String? = ..., directory: File? = ...): File' is deprecated. Avoid creating temporary directories in the default temp location with this function due to too wide permissions on the newly created directory. Use kotlin.io.path.createTempDirectory instead.
2026-10-03T03:06:02.8876266Z w: file:///home/runner/work/Private-gallery-/Private-gallery-/app/src/test/java/uk/co/traynor/privategallery/core/vpn/VpnProfileRepositoryTest.kt:21:20 'fun createTempDir(prefix: String = ..., suffix: String? = ..., directory: File? = ...): File' is deprecated. Avoid creating temporary directories in the default temp location with this function due to too wide permissions on the newly created directory. Use kotlin.io.path.createTempDirectory instead.
2026-10-03T03:06:02.8879748Z w: file:///home/runner/work/Private-gallery-/Private-gallery-/app/src/test/java/uk/co/traynor/privategallery/core/vpn/VpnProfileRepositoryTest.kt:35:20 'fun createTempDir(prefix: String = ..., suffix: String? = ..., directory: File? = ...): File' is deprecated. Avoid creating temporary directories in the default temp location with this function due to too wide permissions on the newly created directory. Use kotlin.io.path.createTempDirectory instead.
2026-10-03T03:06:02.8893161Z w: file:///home/runner/work/Private-gallery-/Private-gallery-/app/src/test/java/uk/co/traynor/privategallery/core/vpn/VpnProfileRepositoryTest.kt:52:20 'fun createTempDir(prefix: String = ..., suffix: String? = ..., directory: File? = ...): File' is deprecated. Avoid creating temporary directories in the default temp location with this function due to too wide permissions on the newly created directory. Use kotlin.io.path.createTempDirectory instead.
2026-10-03T03:06:02.9838781Z 
2026-10-03T03:06:02.9868208Z > Task :app:compileDebugUnitTestJavaWithJavac NO-SOURCE
2026-10-03T03:06:02.9868965Z > Task :app:processDebugUnitTestJavaRes
2026-10-03T03:06:07.6488588Z > Task :app:testDebugUnitTest
2026-10-03T03:06:07.6490083Z 
2026-10-03T03:06:07.6490491Z BUILD SUCCESSFUL in 2m 25s
2026-10-03T03:06:07.6490948Z 24 actionable tasks: 24 executed
2026-10-03T03:06:07.9715018Z ##[group]Run ./gradlew testDebugUnitTest --tests '*core.domain.*'
2026-10-03T03:06:07.9715454Z [36;1m./gradlew testDebugUnitTest --tests '*core.domain.*'[0m
2026-10-03T03:06:07.9749398Z shell: /usr/bin/bash -e {0}
2026-10-03T03:06:07.9749729Z env:
2026-10-03T03:06:07.9750036Z   JAVA_HOME: /opt/hostedtoolcache/Java_Temurin-Hotspot_jdk/17.0.20-1/x64
2026-10-03T03:06:07.9750457Z   JAVA_HOME_17_X64: /opt/hostedtoolcache/Java_Temurin-Hotspot_jdk/17.0.20-1/x64
2026-10-03T03:06:07.9750846Z   MAVEN_ARGS: -ntp
2026-10-03T03:06:07.9751119Z   pythonLocation: /opt/hostedtoolcache/Python/3.12.14/x64
2026-10-03T03:06:07.9751498Z   PKG_CONFIG_PATH: /opt/hostedtoolcache/Python/3.12.14/x64/lib/pkgconfig
2026-10-03T03:06:07.9751858Z   Python_ROOT_DIR: /opt/hostedtoolcache/Python/3.12.14/x64
2026-10-03T03:06:07.9752192Z   Python2_ROOT_DIR: /opt/hostedtoolcache/Python/3.12.14/x64
2026-10-03T03:06:07.9752536Z   Python3_ROOT_DIR: /opt/hostedtoolcache/Python/3.12.14/x64
2026-10-03T03:06:07.9752961Z   LD_LIBRARY_PATH: /opt/hostedtoolcache/Python/3.12.14/x64/lib
2026-10-03T03:06:07.9753258Z ##[endgroup]
2026-10-03T03:06:08.7932058Z > Task :app:checkKotlinGradlePluginConfigurationErrors SKIPPED
2026-10-03T03:06:08.7944412Z > Task :app:preBuild UP-TO-DATE
2026-10-03T03:06:08.7949761Z > Task :app:preDebugBuild UP-TO-DATE
2026-10-03T03:06:08.7950468Z > Task :app:generateDebugBuildConfig UP-TO-DATE
2026-10-03T03:06:08.8932969Z > Task :app:checkDebugAarMetadata UP-TO-DATE
2026-10-03T03:06:08.8958341Z > Task :app:generateDebugResValues UP-TO-DATE
2026-10-03T03:06:08.8978247Z > Task :app:mapDebugSourceSetPaths UP-TO-DATE
2026-10-03T03:06:08.8988282Z > Task :app:generateDebugResources UP-TO-DATE
2026-10-03T03:06:08.8998158Z > Task :app:mergeDebugResources UP-TO-DATE
2026-10-03T03:06:08.8998770Z > Task :app:packageDebugResources UP-TO-DATE
2026-10-03T03:06:08.8999436Z > Task :app:parseDebugLocalResources UP-TO-DATE
2026-10-03T03:06:08.9000064Z > Task :app:createDebugCompatibleScreenManifests UP-TO-DATE
2026-10-03T03:06:08.9000700Z > Task :app:extractDeepLinksDebug UP-TO-DATE
2026-10-03T03:06:08.9001243Z > Task :app:processDebugMainManifest UP-TO-DATE
2026-10-03T03:06:08.9001774Z > Task :app:processDebugManifest UP-TO-DATE
2026-10-03T03:06:08.9002585Z > Task :app:processDebugManifestForPackage UP-TO-DATE
2026-10-03T03:06:08.9936981Z > Task :app:processDebugResources UP-TO-DATE
2026-10-03T03:06:08.9965227Z > Task :app:compileDebugKotlin UP-TO-DATE
2026-10-03T03:06:08.9988310Z > Task :app:javaPreCompileDebug UP-TO-DATE
2026-10-03T03:06:08.9998617Z > Task :app:compileDebugJavaWithJavac UP-TO-DATE
2026-10-03T03:06:09.0004758Z > Task :app:bundleDebugClassesToRuntimeJar UP-TO-DATE
2026-10-03T03:06:09.0005416Z > Task :app:bundleDebugClassesToCompileJar UP-TO-DATE
2026-10-03T03:06:09.0006311Z > Task :app:compileDebugUnitTestKotlin UP-TO-DATE
2026-10-03T03:06:09.0006875Z > Task :app:preDebugUnitTestBuild UP-TO-DATE
2026-10-03T03:06:09.0007733Z > Task :app:javaPreCompileDebugUnitTest UP-TO-DATE
2026-10-03T03:06:09.0909155Z > Task :app:compileDebugUnitTestJavaWithJavac NO-SOURCE
2026-10-03T03:06:09.0928832Z > Task :app:processDebugJavaRes UP-TO-DATE
2026-10-03T03:06:09.0929741Z > Task :app:processDebugUnitTestJavaRes UP-TO-DATE
2026-10-03T03:06:09.7913802Z WARNING: A terminally deprecated method in java.lang.System has been called
2026-10-03T03:06:09.7919993Z WARNING: System::setSecurityManager has been called by uk.co.traynor.privategallery.core.domain.DomainInventoryTest (file:/home/runner/work/Private-gallery-/Private-gallery-/app/build/tmp/kotlin-classes/debugUnitTest/)
2026-10-03T03:06:09.7922813Z WARNING: Please consider reporting this to the maintainers of uk.co.traynor.privategallery.core.domain.DomainInventoryTest
2026-10-03T03:06:09.7948584Z WARNING: System::setSecurityManager will be removed in a future release
2026-10-03T03:06:39.0907204Z > Task :app:testDebugUnitTest
2026-10-03T03:08:50.7910141Z 
2026-10-03T03:08:50.7911489Z BUILD SUCCESSFUL in 2m 42s
2026-10-03T03:08:50.7912558Z 24 actionable tasks: 1 executed, 23 up-to-date
2026-10-03T03:08:50.8133380Z ##[group]Run ./gradlew testDebugUnitTest lintDebug assembleDebug assembleDebugAndroidTest --stacktrace
2026-10-03T03:08:50.8134299Z [36;1m./gradlew testDebugUnitTest lintDebug assembleDebug assembleDebugAndroidTest --stacktrace[0m
2026-10-03T03:08:50.8173772Z shell: /usr/bin/bash -e {0}
2026-10-03T03:08:50.8174137Z env:
2026-10-03T03:08:50.8174713Z   JAVA_HOME: /opt/hostedtoolcache/Java_Temurin-Hotspot_jdk/17.0.20-1/x64
2026-10-03T03:08:50.8175322Z   JAVA_HOME_17_X64: /opt/hostedtoolcache/Java_Temurin-Hotspot_jdk/17.0.20-1/x64
2026-10-03T03:08:50.8175838Z   MAVEN_ARGS: -ntp
2026-10-03T03:08:50.8176254Z   pythonLocation: /opt/hostedtoolcache/Python/3.12.14/x64
2026-10-03T03:08:50.8176802Z   PKG_CONFIG_PATH: /opt/hostedtoolcache/Python/3.12.14/x64/lib/pkgconfig
2026-10-03T03:08:50.8177601Z   Python_ROOT_DIR: /opt/hostedtoolcache/Python/3.12.14/x64
2026-10-03T03:08:50.8178115Z   Python2_ROOT_DIR: /opt/hostedtoolcache/Python/3.12.14/x64
2026-10-03T03:08:50.8178790Z   Python3_ROOT_DIR: /opt/hostedtoolcache/Python/3.12.14/x64
2026-10-03T03:08:50.8179278Z   LD_LIBRARY_PATH: /opt/hostedtoolcache/Python/3.12.14/x64/lib
2026-10-03T03:08:50.8179779Z ##[endgroup]
2026-10-03T03:08:51.8490917Z > Task :app:checkKotlinGradlePluginConfigurationErrors SKIPPED
2026-10-03T03:08:51.8549596Z > Task :app:preBuild UP-TO-DATE
2026-10-03T03:08:51.8568503Z > Task :app:preDebugBuild UP-TO-DATE
2026-10-03T03:08:51.8608402Z > Task :app:generateDebugBuildConfig UP-TO-DATE
2026-10-03T03:08:51.8631760Z > Task :app:checkDebugAarMetadata UP-TO-DATE
2026-10-03T03:08:51.8658248Z > Task :app:generateDebugResValues UP-TO-DATE
2026-10-03T03:08:51.8678125Z > Task :app:mapDebugSourceSetPaths UP-TO-DATE
2026-10-03T03:08:51.8688548Z > Task :app:generateDebugResources UP-TO-DATE
2026-10-03T03:08:51.8689238Z > Task :app:mergeDebugResources UP-TO-DATE
2026-10-03T03:08:51.8689881Z > Task :app:packageDebugResources UP-TO-DATE
2026-10-03T03:08:51.8690543Z > Task :app:parseDebugLocalResources UP-TO-DATE
2026-10-03T03:08:51.8691163Z > Task :app:createDebugCompatibleScreenManifests UP-TO-DATE
2026-10-03T03:08:51.8691841Z > Task :app:extractDeepLinksDebug UP-TO-DATE
2026-10-03T03:08:51.9444041Z > Task :app:processDebugMainManifest UP-TO-DATE
2026-10-03T03:08:51.9471108Z > Task :app:processDebugManifest UP-TO-DATE
2026-10-03T03:08:51.9480650Z > Task :app:processDebugManifestForPackage UP-TO-DATE
2026-10-03T03:08:51.9481494Z > Task :app:processDebugResources UP-TO-DATE
2026-10-03T03:08:51.9482020Z > Task :app:compileDebugKotlin UP-TO-DATE
2026-10-03T03:08:51.9482502Z > Task :app:javaPreCompileDebug UP-TO-DATE
2026-10-03T03:08:51.9483055Z > Task :app:compileDebugJavaWithJavac UP-TO-DATE
2026-10-03T03:08:51.9483567Z > Task :app:bundleDebugClassesToRuntimeJar UP-TO-DATE
2026-10-03T03:08:51.9484131Z > Task :app:bundleDebugClassesToCompileJar UP-TO-DATE
2026-10-03T03:08:52.0453849Z > Task :app:compileDebugUnitTestKotlin UP-TO-DATE
2026-10-03T03:08:52.0477333Z > Task :app:preDebugUnitTestBuild UP-TO-DATE
2026-10-03T03:08:52.0478046Z > Task :app:javaPreCompileDebugUnitTest UP-TO-DATE
2026-10-03T03:08:52.0480485Z > Task :app:compileDebugUnitTestJavaWithJavac NO-SOURCE
2026-10-03T03:08:52.0481309Z > Task :app:processDebugJavaRes UP-TO-DATE
2026-10-03T03:08:52.0481994Z > Task :app:processDebugUnitTestJavaRes UP-TO-DATE
2026-10-03T03:08:54.1442454Z WARNING: A terminally deprecated method in java.lang.System has been called
2026-10-03T03:08:54.1443559Z WARNING: System::setSecurityManager has been called by uk.co.traynor.privategallery.core.domain.DomainInventoryTest (file:/home/runner/work/Private-gallery-/Private-gallery-/app/build/tmp/kotlin-classes/debugUnitTest/)
2026-10-03T03:08:54.1444431Z WARNING: Please consider reporting this to the maintainers of uk.co.traynor.privategallery.core.domain.DomainInventoryTest
2026-10-03T03:08:54.1444939Z WARNING: System::setSecurityManager will be removed in a future release
2026-10-03T03:09:22.0441764Z > Task :app:testDebugUnitTest
2026-10-03T03:11:41.4446654Z 
2026-10-03T03:11:41.4448920Z ScopedConnectionTest > normalInputDisposalDispatchesTransportWithoutExternalRevocation FAILED
2026-10-03T03:11:41.4449799Z     java.lang.AssertionError at ScopedConnectionTest.kt:23
2026-10-03T03:11:45.2444701Z 
2026-10-03T03:11:45.2457746Z 746 tests completed, 1 failed
2026-10-03T03:11:45.3446411Z 
2026-10-03T03:11:45.3446464Z 
2026-10-03T03:11:45.3494267Z FAILURE: Build failed with an exception.
2026-10-03T03:11:45.3494975Z > Task :app:testDebugUnitTest FAILED
2026-10-03T03:11:45.3495500Z 24 actionable tasks: 1 executed, 23 up-to-date
2026-10-03T03:11:45.3508144Z 
2026-10-03T03:11:45.3548403Z * What went wrong:
2026-10-03T03:11:45.3569009Z Execution failed for task ':app:testDebugUnitTest'.
2026-10-03T03:11:45.3598643Z > There were failing tests. See the report at: file:///home/runner/work/Private-gallery-/Private-gallery-/app/build/reports/tests/testDebugUnitTest/index.html
2026-10-03T03:11:45.3627912Z 
2026-10-03T03:11:45.3628412Z * Try:
2026-10-03T03:11:45.3628838Z > Run with --scan to get full insights.
2026-10-03T03:11:45.3629154Z 
2026-10-03T03:11:45.3629416Z * Exception is:
2026-10-03T03:11:45.3629924Z org.gradle.api.tasks.TaskExecutionException: Execution failed for task ':app:testDebugUnitTest'.
2026-10-03T03:11:45.3630721Z 	at org.gradle.api.internal.tasks.execution.ExecuteActionsTaskExecuter.lambda$executeIfValid$1(ExecuteActionsTaskExecuter.java:130)
2026-10-03T03:11:45.3631480Z 	at org.gradle.internal.Try$Failure.ifSuccessfulOrElse(Try.java:293)
2026-10-03T03:11:45.3632204Z 	at org.gradle.api.internal.tasks.execution.ExecuteActionsTaskExecuter.executeIfValid(ExecuteActionsTaskExecuter.java:128)
2026-10-03T03:11:45.3633022Z 	at org.gradle.api.internal.tasks.execution.ExecuteActionsTaskExecuter.execute(ExecuteActionsTaskExecuter.java:116)
2026-10-03T03:11:45.3633843Z 	at org.gradle.api.internal.tasks.execution.FinalizePropertiesTaskExecuter.execute(FinalizePropertiesTaskExecuter.java:46)
2026-10-03T03:11:45.3634672Z 	at org.gradle.api.internal.tasks.execution.ResolveTaskExecutionModeExecuter.execute(ResolveTaskExecutionModeExecuter.java:51)
2026-10-03T03:11:45.3635553Z 	at org.gradle.api.internal.tasks.execution.SkipTaskWithNoActionsExecuter.execute(SkipTaskWithNoActionsExecuter.java:57)
2026-10-03T03:11:45.3636334Z 	at org.gradle.api.internal.tasks.execution.SkipOnlyIfTaskExecuter.execute(SkipOnlyIfTaskExecuter.java:74)
2026-10-03T03:11:45.3637495Z 	at org.gradle.api.internal.tasks.execution.CatchExceptionTaskExecuter.execute(CatchExceptionTaskExecuter.java:36)
2026-10-03T03:11:45.3638306Z 	at org.gradle.api.internal.tasks.execution.EventFiringTaskExecuter$1.executeTask(EventFiringTaskExecuter.java:77)
2026-10-03T03:11:45.3639058Z 	at org.gradle.api.internal.tasks.execution.EventFiringTaskExecuter$1.call(EventFiringTaskExecuter.java:55)
2026-10-03T03:11:45.3639856Z 	at org.gradle.api.internal.tasks.execution.EventFiringTaskExecuter$1.call(EventFiringTaskExecuter.java:52)
2026-10-03T03:11:45.3640679Z 	at org.gradle.internal.operations.DefaultBuildOperationRunner$CallableBuildOperationWorker.execute(DefaultBuildOperationRunner.java:209)
2026-10-03T03:11:45.3641581Z 	at org.gradle.internal.operations.DefaultBuildOperationRunner$CallableBuildOperationWorker.execute(DefaultBuildOperationRunner.java:204)
2026-10-03T03:11:45.3642412Z 	at org.gradle.internal.operations.DefaultBuildOperationRunner$2.execute(DefaultBuildOperationRunner.java:66)
2026-10-03T03:11:45.3643209Z 	at org.gradle.internal.operations.DefaultBuildOperationRunner$2.execute(DefaultBuildOperationRunner.java:59)
2026-10-03T03:11:45.3643983Z 	at org.gradle.internal.operations.DefaultBuildOperationRunner.execute(DefaultBuildOperationRunner.java:166)
2026-10-03T03:11:45.3644696Z 	at org.gradle.internal.operations.DefaultBuildOperationRunner.execute(DefaultBuildOperationRunner.java:59)
2026-10-03T03:11:45.3645472Z 	at org.gradle.internal.operations.DefaultBuildOperationRunner.call(DefaultBuildOperationRunner.java:53)
2026-10-03T03:11:45.3646203Z 	at org.gradle.api.internal.tasks.execution.EventFiringTaskExecuter.execute(EventFiringTaskExecuter.java:52)
2026-10-03T03:11:45.3647088Z 	at org.gradle.execution.plan.LocalTaskNodeExecutor.execute(LocalTaskNodeExecutor.java:42)
2026-10-03T03:11:45.3648146Z 	at org.gradle.execution.taskgraph.DefaultTaskExecutionGraph$InvokeNodeExecutorsAction.execute(DefaultTaskExecutionGraph.java:331)
2026-10-03T03:11:45.3651211Z 	at org.gradle.execution.taskgraph.DefaultTaskExecutionGraph$InvokeNodeExecutorsAction.execute(DefaultTaskExecutionGraph.java:318)
2026-10-03T03:11:45.3652184Z 	at org.gradle.execution.taskgraph.DefaultTaskExecutionGraph$BuildOperationAwareExecutionAction.lambda$execute$0(DefaultTaskExecutionGraph.java:314)
2026-10-03T03:11:45.3652961Z 	at org.gradle.internal.operations.CurrentBuildOperationRef.with(CurrentBuildOperationRef.java:85)
2026-10-03T03:11:45.3653743Z 	at org.gradle.execution.taskgraph.DefaultTaskExecutionGraph$BuildOperationAwareExecutionAction.execute(DefaultTaskExecutionGraph.java:314)
2026-10-03T03:11:45.3654662Z 	at org.gradle.execution.taskgraph.DefaultTaskExecutionGraph$BuildOperationAwareExecutionAction.execute(DefaultTaskExecutionGraph.java:303)
2026-10-03T03:11:45.3655427Z 	at org.gradle.execution.plan.DefaultPlanExecutor$ExecutorWorker.execute(DefaultPlanExecutor.java:459)
2026-10-03T03:11:45.3656135Z 	at org.gradle.execution.plan.DefaultPlanExecutor$ExecutorWorker.run(DefaultPlanExecutor.java:376)
2026-10-03T03:11:45.3656841Z 	at org.gradle.internal.concurrent.ExecutorPolicy$CatchAndRecordFailures.onExecute(ExecutorPolicy.java:64)
2026-10-03T03:11:45.3657779Z 	at org.gradle.internal.concurrent.AbstractManagedExecutor$1.run(AbstractManagedExecutor.java:48)
2026-10-03T03:11:45.3658735Z Caused by: org.gradle.api.internal.exceptions.MarkedVerificationException: There were failing tests. See the report at: file:///home/runner/work/Private-gallery-/Private-gallery-/app/build/reports/tests/testDebugUnitTest/index.html
2026-10-03T03:11:45.3659633Z 	at org.gradle.api.tasks.testing.AbstractTestTask.handleTestFailures(AbstractTestTask.java:706)
2026-10-03T03:11:45.3660234Z 	at org.gradle.api.tasks.testing.AbstractTestTask.handleCollectedResults(AbstractTestTask.java:540)
2026-10-03T03:11:45.3660906Z 	at org.gradle.api.tasks.testing.AbstractTestTask.executeTests(AbstractTestTask.java:535)
2026-10-03T03:11:45.3661446Z 	at org.gradle.api.tasks.testing.Test.executeTests(Test.java:731)
2026-10-03T03:11:45.3662364Z 	at com.android.build.gradle.tasks.factory.AndroidUnitTest.executeTests(AndroidUnitTest.java:171)
2026-10-03T03:11:45.3663019Z 	at java.base/jdk.internal.reflect.NativeMethodAccessorImpl.invoke0(Native Method)
2026-10-03T03:11:45.3663692Z 	at java.base/jdk.internal.reflect.NativeMethodAccessorImpl.invoke(NativeMethodAccessorImpl.java:77)
2026-10-03T03:11:45.3664513Z 	at java.base/jdk.internal.reflect.DelegatingMethodAccessorImpl.invoke(DelegatingMethodAccessorImpl.java:43)
2026-10-03T03:11:45.3665200Z 	at org.gradle.internal.reflect.JavaMethod.invoke(JavaMethod.java:125)
2026-10-03T03:11:45.3665851Z 	at org.gradle.api.internal.project.taskfactory.StandardTaskAction.doExecute(StandardTaskAction.java:58)
2026-10-03T03:11:45.3666477Z 	at org.gradle.api.internal.project.taskfactory.StandardTaskAction.execute(StandardTaskAction.java:51)
2026-10-03T03:11:45.3667309Z 	at org.gradle.api.internal.project.taskfactory.StandardTaskAction.execute(StandardTaskAction.java:29)
2026-10-03T03:11:45.3668108Z 	at org.gradle.api.internal.tasks.execution.TaskExecution$3.run(TaskExecution.java:244)
2026-10-03T03:11:45.3668678Z 	at org.gradle.internal.operations.DefaultBuildOperationRunner$1.execute(DefaultBuildOperationRunner.java:29)
2026-10-03T03:11:45.3669309Z 	at org.gradle.internal.operations.DefaultBuildOperationRunner$1.execute(DefaultBuildOperationRunner.java:26)
2026-10-03T03:11:45.3669909Z 	at org.gradle.internal.operations.DefaultBuildOperationRunner$2.execute(DefaultBuildOperationRunner.java:66)
2026-10-03T03:11:45.3670532Z 	at org.gradle.internal.operations.DefaultBuildOperationRunner$2.execute(DefaultBuildOperationRunner.java:59)
2026-10-03T03:11:45.3671342Z 	at org.gradle.internal.operations.DefaultBuildOperationRunner.execute(DefaultBuildOperationRunner.java:166)
2026-10-03T03:11:45.3671963Z 	at org.gradle.internal.operations.DefaultBuildOperationRunner.execute(DefaultBuildOperationRunner.java:59)
2026-10-03T03:11:45.3672576Z 	at org.gradle.internal.operations.DefaultBuildOperationRunner.run(DefaultBuildOperationRunner.java:47)
2026-10-03T03:11:45.3673166Z 	at org.gradle.api.internal.tasks.execution.TaskExecution.executeAction(TaskExecution.java:229)
2026-10-03T03:11:45.3673738Z 	at org.gradle.api.internal.tasks.execution.TaskExecution.executeActions(TaskExecution.java:212)
2026-10-03T03:11:45.3674338Z 	at org.gradle.api.internal.tasks.execution.TaskExecution.executeWithPreviousOutputFiles(TaskExecution.java:195)
2026-10-03T03:11:45.3674944Z 	at org.gradle.api.internal.tasks.execution.TaskExecution.execute(TaskExecution.java:162)
2026-10-03T03:11:45.3675474Z 	at org.gradle.internal.execution.steps.ExecuteStep.executeInternal(ExecuteStep.java:105)
2026-10-03T03:11:45.3675977Z 	at org.gradle.internal.execution.steps.ExecuteStep.access$000(ExecuteStep.java:44)
2026-10-03T03:11:45.3676468Z 	at org.gradle.internal.execution.steps.ExecuteStep$1.call(ExecuteStep.java:59)
2026-10-03T03:11:45.3676915Z 	at org.gradle.internal.execution.steps.ExecuteStep$1.call(ExecuteStep.java:56)
2026-10-03T03:11:45.3677786Z 	at org.gradle.internal.operations.DefaultBuildOperationRunner$CallableBuildOperationWorker.execute(DefaultBuildOperationRunner.java:209)
2026-10-03T03:11:45.3679032Z 	at org.gradle.internal.operations.DefaultBuildOperationRunner$CallableBuildOperationWorker.execute(DefaultBuildOperationRunner.java:204)
2026-10-03T03:11:45.3679981Z 	at org.gradle.internal.operations.DefaultBuildOperationRunner$2.execute(DefaultBuildOperationRunner.java:66)
2026-10-03T03:11:45.3680876Z 	at org.gradle.internal.operations.DefaultBuildOperationRunner$2.execute(DefaultBuildOperationRunner.java:59)
2026-10-03T03:11:45.3681714Z 	at org.gradle.internal.operations.DefaultBuildOperationRunner.execute(DefaultBuildOperationRunner.java:166)
2026-10-03T03:11:45.3683550Z 	at org.gradle.internal.operations.DefaultBuildOperationRunner.execute(DefaultBuildOperationRunner.java:59)
2026-10-03T03:11:45.3684211Z 	at org.gradle.internal.operations.DefaultBuildOperationRunner.call(DefaultBuildOperationRunner.java:53)
2026-10-03T03:11:45.3684887Z 	at org.gradle.internal.execution.steps.ExecuteStep.execute(ExecuteStep.java:56)
2026-10-03T03:11:45.3685380Z 	at org.gradle.internal.execution.steps.ExecuteStep.execute(ExecuteStep.java:44)
2026-10-03T03:11:45.3685904Z 	at org.gradle.internal.execution.steps.CancelExecutionStep.execute(CancelExecutionStep.java:42)
2026-10-03T03:11:45.3686471Z 	at org.gradle.internal.execution.steps.TimeoutStep.executeWithoutTimeout(TimeoutStep.java:75)
2026-10-03T03:11:45.3686993Z 	at org.gradle.internal.execution.steps.TimeoutStep.execute(TimeoutStep.java:55)
2026-10-03T03:11:45.3687760Z 	at org.gradle.internal.execution.steps.PreCreateOutputParentsStep.execute(PreCreateOutputParentsStep.java:50)
2026-10-03T03:11:45.3688630Z 	at org.gradle.internal.execution.steps.PreCreateOutputParentsStep.execute(PreCreateOutputParentsStep.java:28)
2026-10-03T03:11:45.3689497Z 	at org.gradle.internal.execution.steps.RemovePreviousOutputsStep.execute(RemovePreviousOutputsStep.java:67)
2026-10-03T03:11:45.3690379Z 	at org.gradle.internal.execution.steps.RemovePreviousOutputsStep.execute(RemovePreviousOutputsStep.java:37)
2026-10-03T03:11:45.3691316Z 	at org.gradle.internal.execution.steps.BroadcastChangingOutputsStep.execute(BroadcastChangingOutputsStep.java:61)
2026-10-03T03:11:45.3692212Z 	at org.gradle.internal.execution.steps.BroadcastChangingOutputsStep.execute(BroadcastChangingOutputsStep.java:26)
2026-10-03T03:11:45.3693112Z 	at org.gradle.internal.execution.steps.CaptureOutputsAfterExecutionStep.execute(CaptureOutputsAfterExecutionStep.java:69)
2026-10-03T03:11:45.3694107Z 	at org.gradle.internal.execution.steps.CaptureOutputsAfterExecutionStep.execute(CaptureOutputsAfterExecutionStep.java:46)
2026-10-03T03:11:45.3695118Z 	at org.gradle.internal.execution.steps.ResolveInputChangesStep.execute(ResolveInputChangesStep.java:40)
2026-10-03T03:11:45.3695960Z 	at org.gradle.internal.execution.steps.ResolveInputChangesStep.execute(ResolveInputChangesStep.java:29)
2026-10-03T03:11:45.3696758Z 	at org.gradle.internal.execution.steps.BuildCacheStep.executeWithoutCache(BuildCacheStep.java:189)
2026-10-03T03:11:45.3697657Z 	at org.gradle.internal.execution.steps.BuildCacheStep.lambda$execute$1(BuildCacheStep.java:75)
2026-10-03T03:11:45.3698326Z 	at org.gradle.internal.Either$Right.fold(Either.java:175)
2026-10-03T03:11:45.3698816Z 	at org.gradle.internal.execution.caching.CachingState.fold(CachingState.java:62)
2026-10-03T03:11:45.3699471Z 	at org.gradle.internal.execution.steps.BuildCacheStep.execute(BuildCacheStep.java:73)
2026-10-03T03:11:45.3700126Z 	at org.gradle.internal.execution.steps.BuildCacheStep.execute(BuildCacheStep.java:48)
2026-10-03T03:11:45.3700889Z 	at org.gradle.internal.execution.steps.StoreExecutionStateStep.execute(StoreExecutionStateStep.java:46)
2026-10-03T03:11:45.3701721Z 	at org.gradle.internal.execution.steps.StoreExecutionStateStep.execute(StoreExecutionStateStep.java:35)
2026-10-03T03:11:45.3702524Z 	at org.gradle.internal.execution.steps.SkipUpToDateStep.executeBecause(SkipUpToDateStep.java:75)
2026-10-03T03:11:45.3703290Z 	at org.gradle.internal.execution.steps.SkipUpToDateStep.lambda$execute$2(SkipUpToDateStep.java:53)
2026-10-03T03:11:45.3703983Z 	at org.gradle.internal.execution.steps.SkipUpToDateStep.execute(SkipUpToDateStep.java:53)
2026-10-03T03:11:45.3704727Z 	at org.gradle.internal.execution.steps.SkipUpToDateStep.execute(SkipUpToDateStep.java:35)
2026-10-03T03:11:45.3705559Z 	at org.gradle.internal.execution.steps.legacy.MarkSnapshottingInputsFinishedStep.execute(MarkSnapshottingInputsFinishedStep.java:37)
2026-10-03T03:11:45.3706520Z 	at org.gradle.internal.execution.steps.legacy.MarkSnapshottingInputsFinishedStep.execute(MarkSnapshottingInputsFinishedStep.java:27)
2026-10-03T03:11:45.3707702Z 	at org.gradle.internal.execution.steps.ResolveIncrementalCachingStateStep.executeDelegate(ResolveIncrementalCachingStateStep.java:49)
2026-10-03T03:11:45.3708715Z 	at org.gradle.internal.execution.steps.ResolveIncrementalCachingStateStep.executeDelegate(ResolveIncrementalCachingStateStep.java:27)
2026-10-03T03:11:45.3709844Z 	at org.gradle.internal.execution.steps.AbstractResolveCachingStateStep.execute(AbstractResolveCachingStateStep.java:71)
2026-10-03T03:11:45.3710778Z 	at org.gradle.internal.execution.steps.AbstractResolveCachingStateStep.execute(AbstractResolveCachingStateStep.java:39)
2026-10-03T03:11:45.3711529Z 	at org.gradle.internal.execution.steps.ResolveChangesStep.execute(ResolveChangesStep.java:65)
2026-10-03T03:11:45.3712220Z 	at org.gradle.internal.execution.steps.ResolveChangesStep.execute(ResolveChangesStep.java:36)
2026-10-03T03:11:45.3712818Z 	at org.gradle.internal.execution.steps.ValidateStep.execute(ValidateStep.java:107)
2026-10-03T03:11:45.3713415Z 	at org.gradle.internal.execution.steps.ValidateStep.execute(ValidateStep.java:56)
2026-10-03T03:11:45.3714225Z 	at org.gradle.internal.execution.steps.AbstractCaptureStateBeforeExecutionStep.execute(AbstractCaptureStateBeforeExecutionStep.java:64)
2026-10-03T03:11:45.3715229Z 	at org.gradle.internal.execution.steps.AbstractCaptureStateBeforeExecutionStep.execute(AbstractCaptureStateBeforeExecutionStep.java:43)
2026-10-03T03:11:45.3716258Z 	at org.gradle.internal.execution.steps.AbstractSkipEmptyWorkStep.executeWithNonEmptySources(AbstractSkipEmptyWorkStep.java:125)
2026-10-03T03:11:45.3717124Z 	at org.gradle.internal.execution.steps.AbstractSkipEmptyWorkStep.execute(AbstractSkipEmptyWorkStep.java:61)
2026-10-03T03:11:45.3718055Z 	at org.gradle.internal.execution.steps.AbstractSkipEmptyWorkStep.execute(AbstractSkipEmptyWorkStep.java:36)
2026-10-03T03:11:45.3718981Z 	at org.gradle.internal.execution.steps.legacy.MarkSnapshottingInputsStartedStep.execute(MarkSnapshottingInputsStartedStep.java:38)
2026-10-03T03:11:45.3720066Z 	at org.gradle.internal.execution.steps.LoadPreviousExecutionStateStep.execute(LoadPreviousExecutionStateStep.java:36)
2026-10-03T03:11:45.3720912Z 	at org.gradle.internal.execution.steps.LoadPreviousExecutionStateStep.execute(LoadPreviousExecutionStateStep.java:23)
2026-10-03T03:11:45.3721687Z 	at org.gradle.internal.execution.steps.HandleStaleOutputsStep.execute(HandleStaleOutputsStep.java:75)
2026-10-03T03:11:45.3722452Z 	at org.gradle.internal.execution.steps.HandleStaleOutputsStep.execute(HandleStaleOutputsStep.java:41)
2026-10-03T03:11:45.3723276Z 	at org.gradle.internal.execution.steps.AssignMutableWorkspaceStep.lambda$execute$0(AssignMutableWorkspaceStep.java:35)
2026-10-03T03:11:45.3724074Z 	at org.gradle.api.internal.tasks.execution.TaskExecution$4.withWorkspace(TaskExecution.java:289)
2026-10-03T03:11:45.3724933Z 	at org.gradle.internal.execution.steps.AssignMutableWorkspaceStep.execute(AssignMutableWorkspaceStep.java:31)
2026-10-03T03:11:45.3725792Z 	at org.gradle.internal.execution.steps.AssignMutableWorkspaceStep.execute(AssignMutableWorkspaceStep.java:22)
2026-10-03T03:11:45.3726668Z 	at org.gradle.internal.execution.steps.ChoosePipelineStep.execute(ChoosePipelineStep.java:40)
2026-10-03T03:11:45.3727518Z 	at org.gradle.internal.execution.steps.ChoosePipelineStep.execute(ChoosePipelineStep.java:23)
2026-10-03T03:11:45.3728337Z 	at org.gradle.internal.execution.steps.ExecuteWorkBuildOperationFiringStep.lambda$execute$2(ExecuteWorkBuildOperationFiringStep.java:67)
2026-10-03T03:11:45.3729339Z 	at org.gradle.internal.execution.steps.ExecuteWorkBuildOperationFiringStep.execute(ExecuteWorkBuildOperationFiringStep.java:67)
2026-10-03T03:11:45.3730334Z 	at org.gradle.internal.execution.steps.ExecuteWorkBuildOperationFiringStep.execute(ExecuteWorkBuildOperationFiringStep.java:39)
2026-10-03T03:11:45.3731232Z 	at org.gradle.internal.execution.steps.IdentityCacheStep.execute(IdentityCacheStep.java:46)
2026-10-03T03:11:45.3732058Z 	at org.gradle.internal.execution.steps.IdentityCacheStep.execute(IdentityCacheStep.java:34)
2026-10-03T03:11:45.3732658Z 	at org.gradle.internal.execution.steps.IdentifyStep.execute(IdentifyStep.java:48)
2026-10-03T03:11:45.3733340Z 	at org.gradle.internal.execution.steps.IdentifyStep.execute(IdentifyStep.java:35)
2026-10-03T03:11:45.3734089Z 	at org.gradle.internal.execution.impl.DefaultExecutionEngine$1.execute(DefaultExecutionEngine.java:61)
2026-10-03T03:11:45.3735063Z 	at org.gradle.api.internal.tasks.execution.ExecuteActionsTaskExecuter.executeIfValid(ExecuteActionsTaskExecuter.java:127)
2026-10-03T03:11:45.3735929Z 	at org.gradle.api.internal.tasks.execution.ExecuteActionsTaskExecuter.execute(ExecuteActionsTaskExecuter.java:116)
2026-10-03T03:11:45.3736771Z 	at org.gradle.api.internal.tasks.execution.FinalizePropertiesTaskExecuter.execute(FinalizePropertiesTaskExecuter.java:46)
2026-10-03T03:11:45.3737866Z 	at org.gradle.api.internal.tasks.execution.ResolveTaskExecutionModeExecuter.execute(ResolveTaskExecutionModeExecuter.java:51)
2026-10-03T03:11:45.3738791Z 	at org.gradle.api.internal.tasks.execution.SkipTaskWithNoActionsExecuter.execute(SkipTaskWithNoActionsExecuter.java:57)
2026-10-03T03:11:45.3739688Z 	at org.gradle.api.internal.tasks.execution.SkipOnlyIfTaskExecuter.execute(SkipOnlyIfTaskExecuter.java:74)
2026-10-03T03:11:45.3740375Z 	at org.gradle.api.internal.tasks.execution.CatchExceptionTaskExecuter.execute(CatchExceptionTaskExecuter.java:36)
2026-10-03T03:11:45.3741095Z 	at org.gradle.api.internal.tasks.execution.EventFiringTaskExecuter$1.executeTask(EventFiringTaskExecuter.java:77)
2026-10-03T03:11:45.3741813Z 	at org.gradle.api.internal.tasks.execution.EventFiringTaskExecuter$1.call(EventFiringTaskExecuter.java:55)
2026-10-03T03:11:45.3742552Z 	at org.gradle.api.internal.tasks.execution.EventFiringTaskExecuter$1.call(EventFiringTaskExecuter.java:52)
2026-10-03T03:11:45.3743317Z 	at org.gradle.internal.operations.DefaultBuildOperationRunner$CallableBuildOperationWorker.execute(DefaultBuildOperationRunner.java:209)
2026-10-03T03:11:45.3744160Z 	at org.gradle.internal.operations.DefaultBuildOperationRunner$CallableBuildOperationWorker.execute(DefaultBuildOperationRunner.java:204)
2026-10-03T03:11:45.3744893Z 	at org.gradle.internal.operations.DefaultBuildOperationRunner$2.execute(DefaultBuildOperationRunner.java:66)
2026-10-03T03:11:45.3745688Z 	at org.gradle.internal.operations.DefaultBuildOperationRunner$2.execute(DefaultBuildOperationRunner.java:59)
2026-10-03T03:11:45.3746376Z 	at org.gradle.internal.operations.DefaultBuildOperationRunner.execute(DefaultBuildOperationRunner.java:166)
2026-10-03T03:11:45.3747091Z 	at org.gradle.internal.operations.DefaultBuildOperationRunner.execute(DefaultBuildOperationRunner.java:59)
2026-10-03T03:11:45.3747900Z 	at org.gradle.internal.operations.DefaultBuildOperationRunner.call(DefaultBuildOperationRunner.java:53)
2026-10-03T03:11:45.3748615Z 	at org.gradle.api.internal.tasks.execution.EventFiringTaskExecuter.execute(EventFiringTaskExecuter.java:52)
2026-10-03T03:11:45.3749435Z 	at org.gradle.execution.plan.LocalTaskNodeExecutor.execute(LocalTaskNodeExecutor.java:42)
2026-10-03T03:11:45.3750253Z 	at org.gradle.execution.taskgraph.DefaultTaskExecutionGraph$InvokeNodeExecutorsAction.execute(DefaultTaskExecutionGraph.java:331)
2026-10-03T03:11:45.3751174Z 	at org.gradle.execution.taskgraph.DefaultTaskExecutionGraph$InvokeNodeExecutorsAction.execute(DefaultTaskExecutionGraph.java:318)
2026-10-03T03:11:45.3752079Z 	at org.gradle.execution.taskgraph.DefaultTaskExecutionGraph$BuildOperationAwareExecutionAction.lambda$execute$0(DefaultTaskExecutionGraph.java:314)
2026-10-03T03:11:45.3753008Z 	at org.gradle.internal.operations.CurrentBuildOperationRef.with(CurrentBuildOperationRef.java:85)
2026-10-03T03:11:45.3753886Z 	at org.gradle.execution.taskgraph.DefaultTaskExecutionGraph$BuildOperationAwareExecutionAction.execute(DefaultTaskExecutionGraph.java:314)
2026-10-03T03:11:45.3754818Z 	at org.gradle.execution.taskgraph.DefaultTaskExecutionGraph$BuildOperationAwareExecutionAction.execute(DefaultTaskExecutionGraph.java:303)
2026-10-03T03:11:45.3755710Z 	at org.gradle.execution.plan.DefaultPlanExecutor$ExecutorWorker.execute(DefaultPlanExecutor.java:459)
2026-10-03T03:11:45.3756414Z 	at org.gradle.execution.plan.DefaultPlanExecutor$ExecutorWorker.run(DefaultPlanExecutor.java:376)
2026-10-03T03:11:45.3757044Z 	at org.gradle.internal.concurrent.ExecutorPolicy$CatchAndRecordFailures.onExecute(ExecutorPolicy.java:64)
2026-10-03T03:11:45.3758406Z 	at org.gradle.internal.concurrent.AbstractManagedExecutor$1.run(AbstractManagedExecutor.java:48)
2026-10-03T03:11:45.3758718Z 
2026-10-03T03:11:45.3758724Z 
2026-10-03T03:11:45.3758844Z BUILD FAILED in 2m 54s
2026-10-03T03:11:45.3768214Z ##[error]Process completed with exit code 1.
2026-10-03T03:11:45.3841988Z ##[group]Run actions/upload-artifact@v4
2026-10-03T03:11:45.3842304Z with:
2026-10-03T03:11:45.3842600Z   name: private-gallery-debug-and-instrumentation-diagnostics
2026-10-03T03:11:45.3844429Z   path: app/build/outputs/apk/debug/app-debug.apk
app/build/outputs/apk/phase0Evidence/app-phase0Evidence.apk
app/build/outputs/apk/androidTest/phase0Evidence/app-phase0Evidence-androidTest.apk
app/build/test-results/testDebugUnitTest
app/build/test-results/testPhase0EvidenceUnitTest
app/build/reports/tests/testDebugUnitTest
app/build/reports/tests/testPhase0EvidenceUnitTest
app/build/reports/lint-results-debug.*
app/build/reports/lint-results-phase0Evidence.*
app/build/reports/androidTests/connected/debug
app/build/outputs/androidTest-results/connected/debug
app/build/acceptance-diagnostics
app/build/outputs/connected_android_test_additional_output

2026-10-03T03:11:45.3846312Z   if-no-files-found: warn
2026-10-03T03:11:45.3846570Z   compression-level: 6
2026-10-03T03:11:45.3846916Z   overwrite: false
2026-10-03T03:11:45.3847160Z   include-hidden-files: false
2026-10-03T03:11:45.3847576Z env:
2026-10-03T03:11:45.3847955Z   JAVA_HOME: /opt/hostedtoolcache/Java_Temurin-Hotspot_jdk/17.0.20-1/x64
2026-10-03T03:11:45.3848402Z   JAVA_HOME_17_X64: /opt/hostedtoolcache/Java_Temurin-Hotspot_jdk/17.0.20-1/x64
2026-10-03T03:11:45.3848817Z   MAVEN_ARGS: -ntp
2026-10-03T03:11:45.3849095Z   pythonLocation: /opt/hostedtoolcache/Python/3.12.14/x64
2026-10-03T03:11:45.3849484Z   PKG_CONFIG_PATH: /opt/hostedtoolcache/Python/3.12.14/x64/lib/pkgconfig
2026-10-03T03:11:45.3849857Z   Python_ROOT_DIR: /opt/hostedtoolcache/Python/3.12.14/x64
2026-10-03T03:11:45.3850213Z   Python2_ROOT_DIR: /opt/hostedtoolcache/Python/3.12.14/x64
2026-10-03T03:11:45.3850583Z   Python3_ROOT_DIR: /opt/hostedtoolcache/Python/3.12.14/x64
2026-10-03T03:11:45.3851154Z   LD_LIBRARY_PATH: /opt/hostedtoolcache/Python/3.12.14/x64/lib
2026-10-03T03:11:45.3851503Z ##[endgroup]
2026-10-03T03:11:45.5120574Z (node:3473) [DEP0040] DeprecationWarning: The `punycode` module is deprecated. Please use a userland alternative instead.
2026-10-03T03:11:45.5121431Z (Use `node --trace-deprecation ...` to show where the warning was created)
2026-10-03T03:11:45.5617645Z Multiple search paths detected. Calculating the least common ancestor of all paths
2026-10-03T03:11:45.5620481Z The least common ancestor is /home/runner/work/Private-gallery-/Private-gallery-/app/build. This will be the root directory of the artifact
2026-10-03T03:11:45.5621445Z With the provided path, there will be 301 files uploaded
2026-10-03T03:11:45.5624948Z Artifact name is valid!
2026-10-03T03:11:45.5625705Z Root directory input is valid!
2026-10-03T03:11:45.8123380Z Beginning upload of artifact content to blob storage
2026-10-03T03:11:45.9912769Z (node:3473) [DEP0169] DeprecationWarning: `url.parse()` behavior is not standardized and prone to errors that have security implications. Use the WHATWG URL API instead. CVEs are not issued for `url.parse()` vulnerabilities.
2026-10-03T03:11:46.2555277Z Uploaded bytes 336322
2026-10-03T03:11:46.2943244Z Finished uploading artifact content to blob storage!
2026-10-03T03:11:46.2944668Z SHA256 digest of uploaded artifact zip is 8393aa51796f2adf16498b33d90080cd368c9abd78e831345032728e035e5aec
2026-10-03T03:11:46.2945574Z Finalizing artifact upload
2026-10-03T03:11:46.5159062Z Artifact private-gallery-debug-and-instrumentation-diagnostics.zip successfully finalized. Artifact ID 11262721361
2026-10-03T03:11:46.5160046Z Artifact private-gallery-debug-and-instrumentation-diagnostics has been successfully uploaded! Final size is 336322 bytes. Artifact ID is 11262721361
2026-10-03T03:11:46.5164594Z Artifact download URL: https://github.com/traynor1987/Private-gallery-/actions/runs/37091908317/artifacts/11262721361
2026-10-03T03:11:46.5331239Z Post job cleanup.
2026-10-03T03:11:46.6369610Z Post job cleanup.
2026-10-03T03:11:46.7027171Z [command]/usr/bin/git version
2026-10-03T03:11:46.7063636Z git version 2.55.0
2026-10-03T03:11:46.7095112Z Temporarily overriding HOME='/home/runner/work/_temp/5b77fbb9-8de6-4fa6-9b32-4e83bf8bdcd7' before making global git config changes
2026-10-03T03:11:46.7095935Z Adding repository directory to the temporary git global config as a safe directory
2026-10-03T03:11:46.7100145Z [command]/usr/bin/git config --global --add safe.directory /home/runner/work/Private-gallery-/Private-gallery-
2026-10-03T03:11:46.7131794Z [command]/usr/bin/git config --local --name-only --get-regexp core\.sshCommand
2026-10-03T03:11:46.7158964Z [command]/usr/bin/git submodule foreach --recursive sh -c "git config --local --name-only --get-regexp 'core\.sshCommand' && git config --local --unset-all 'core.sshCommand' || :"
2026-10-03T03:11:46.7325591Z [command]/usr/bin/git config --local --name-only --get-regexp http\.https\:\/\/github\.com\/\.extraheader
2026-10-03T03:11:46.7351574Z http.https://github.com/.extraheader
2026-10-03T03:11:46.7371030Z [command]/usr/bin/git config --local --unset-all http.https://github.com/.extraheader
2026-10-03T03:11:46.7432983Z [command]/usr/bin/git submodule foreach --recursive sh -c "git config --local --name-only --get-regexp 'http\.https\:\/\/github\.com\/\.extraheader' && git config --local --unset-all 'http.https://github.com/.extraheader' || :"
2026-10-03T03:11:46.7648525Z [command]/usr/bin/git config --local --name-only --get-regexp ^includeIf\.gitdir:
2026-10-03T03:11:46.7702706Z [command]/usr/bin/git submodule foreach --recursive git config --local --show-origin --name-only --get-regexp remote.origin.url
2026-10-03T03:11:46.7957304Z Cleaning up orphan processes
2026-10-03T03:11:46.8341016Z Terminate orphan process: pid (2389) (java)
2026-10-03T03:11:46.8361611Z Terminate orphan process: pid (2549) (java)
2026-10-03T03:11:46.8388276Z ##[warning]Node.js 20 is deprecated. The following actions target Node.js 20 but are being forced to run on Node.js 24: actions/checkout@v4, actions/setup-python@v5, actions/upload-artifact@v4. For more information see: https://github.blog/changelog/2025-09-19-deprecation-of-node-20-on-github-actions-runners/

