2026-10-03T06:15:04.9693601Z Current runner version: '2.337.0'
2026-10-03T06:15:04.9719160Z ##[group]Runner Image Provisioner
2026-10-03T06:15:04.9720015Z Hosted Compute Agent
2026-10-03T06:15:04.9720599Z Version: 20260901.588
2026-10-03T06:15:04.9721365Z Commit: f88ec8081b781fac6c440065ac7ff9e710ce3d0b
2026-10-03T06:15:04.9722086Z Build Date: 2026-09-01T19:56:44Z
2026-10-03T06:15:04.9722790Z Worker ID: {7b341c16-41a1-438d-8eda-71d7c2d3537a}
2026-10-03T06:15:04.9723521Z Azure Region: westus
2026-10-03T06:15:04.9724116Z ##[endgroup]
2026-10-03T06:15:04.9725597Z ##[group]Operating System
2026-10-03T06:15:04.9726683Z Ubuntu
2026-10-03T06:15:04.9727241Z 24.04.5
2026-10-03T06:15:04.9727850Z LTS
2026-10-03T06:15:04.9728354Z ##[endgroup]
2026-10-03T06:15:04.9729018Z ##[group]Runner Image
2026-10-03T06:15:04.9729618Z Image: ubuntu-24.04
2026-10-03T06:15:04.9730161Z Version: 20260927.320.1
2026-10-03T06:15:04.9731473Z Included Software: https://github.com/actions/runner-images/blob/ubuntu24/20260927.320/images/ubuntu/Ubuntu2404-Readme.md
2026-10-03T06:15:04.9733152Z Image Release: https://github.com/actions/runner-images/releases/tag/ubuntu24%2F20260927.320
2026-10-03T06:15:04.9734114Z ##[endgroup]
2026-10-03T06:15:04.9735329Z ##[group]GITHUB_TOKEN Permissions
2026-10-03T06:15:04.9737510Z Contents: read
2026-10-03T06:15:04.9738119Z Metadata: read
2026-10-03T06:15:04.9738788Z Packages: read
2026-10-03T06:15:04.9739329Z ##[endgroup]
2026-10-03T06:15:04.9741456Z Secret source: Actions
2026-10-03T06:15:04.9742452Z Cache mode: write
2026-10-03T06:15:04.9743155Z Prepare workflow directory
2026-10-03T06:15:05.0082742Z Prepare all required actions
2026-10-03T06:15:05.0133400Z Getting action download info
2026-10-03T06:15:05.4019758Z Download action repository 'actions/checkout@v4' (SHA:11d5960a326750d5838078e36cf38b85af677262)
2026-10-03T06:15:05.5098302Z Download action repository 'actions/setup-java@v5' (SHA:b6effb05e454b25005698d916606bdc6ffcbf961)
2026-10-03T06:15:06.0039573Z Download action repository 'actions/setup-python@v5' (SHA:a26af69be951a213d495a4c3e4e4022e16d87065)
2026-10-03T06:15:06.0883181Z Download action repository 'reactivecircus/android-emulator-runner@v2' (SHA:a421e43855164a8197daf9d8d40fe71c6996bb0d)
2026-10-03T06:15:06.4251459Z Download action repository 'actions/upload-artifact@v4' (SHA:ea165f8d65b6e75b540449e92b4886f43607fa02)
2026-10-03T06:15:06.6665345Z Complete job name: debug
2026-10-03T06:15:06.7781460Z ##[group]Run actions/checkout@v4
2026-10-03T06:15:06.7782439Z with:
2026-10-03T06:15:06.7782973Z   repository: traynor1987/Private-gallery-
2026-10-03T06:15:06.7787481Z   token: ***
2026-10-03T06:15:06.7787977Z   ssh-strict: true
2026-10-03T06:15:06.7788449Z   ssh-user: git
2026-10-03T06:15:06.7788939Z   persist-credentials: true
2026-10-03T06:15:06.7789460Z   clean: true
2026-10-03T06:15:06.7789945Z   sparse-checkout-cone-mode: true
2026-10-03T06:15:06.7790500Z   fetch-depth: 1
2026-10-03T06:15:06.7790971Z   fetch-tags: false
2026-10-03T06:15:06.7791462Z   show-progress: true
2026-10-03T06:15:06.7791952Z   lfs: false
2026-10-03T06:15:06.7792453Z   submodules: false
2026-10-03T06:15:06.7792941Z   set-safe-directory: true
2026-10-03T06:15:06.7793482Z   allow-unsafe-pr-checkout: false
2026-10-03T06:15:06.7794535Z ##[endgroup]
2026-10-03T06:15:06.8900777Z Syncing repository: traynor1987/Private-gallery-
2026-10-03T06:15:06.8903368Z ##[group]Getting Git version info
2026-10-03T06:15:06.8904586Z Working directory is '/home/runner/work/Private-gallery-/Private-gallery-'
2026-10-03T06:15:06.8907053Z [command]/usr/bin/git version
2026-10-03T06:15:06.9033223Z git version 2.55.0
2026-10-03T06:15:06.9071433Z ##[endgroup]
2026-10-03T06:15:06.9079887Z Temporarily overriding HOME='/home/runner/work/_temp/ac00be7c-3875-45d1-b97b-9e1ceceb8594' before making global git config changes
2026-10-03T06:15:06.9082109Z Adding repository directory to the temporary git global config as a safe directory
2026-10-03T06:15:06.9084768Z [command]/usr/bin/git config --global --add safe.directory /home/runner/work/Private-gallery-/Private-gallery-
2026-10-03T06:15:06.9148744Z Deleting the contents of '/home/runner/work/Private-gallery-/Private-gallery-'
2026-10-03T06:15:06.9159201Z ##[group]Initializing the repository
2026-10-03T06:15:06.9167765Z [command]/usr/bin/git init /home/runner/work/Private-gallery-/Private-gallery-
2026-10-03T06:15:06.9282486Z hint: Using 'master' as the name for the initial branch. This default branch name
2026-10-03T06:15:06.9299045Z hint: will change to "main" in Git 3.0. To configure the initial branch name
2026-10-03T06:15:06.9300911Z hint: to use in all of your new repositories, which will suppress this warning,
2026-10-03T06:15:06.9302247Z hint: call:
2026-10-03T06:15:06.9302955Z hint:
2026-10-03T06:15:06.9303905Z hint: 	git config --global init.defaultBranch <name>
2026-10-03T06:15:06.9305109Z hint:
2026-10-03T06:15:06.9306472Z hint: Names commonly chosen instead of 'master' are 'main', 'trunk' and
2026-10-03T06:15:06.9308315Z hint: 'development'. The just-created branch can be renamed via this command:
2026-10-03T06:15:06.9309764Z hint:
2026-10-03T06:15:06.9310422Z hint: 	git branch -m <name>
2026-10-03T06:15:06.9310985Z hint:
2026-10-03T06:15:06.9311713Z hint: Disable this message with "git config set advice.defaultBranchName false"
2026-10-03T06:15:06.9312901Z Initialized empty Git repository in /home/runner/work/Private-gallery-/Private-gallery-/.git/
2026-10-03T06:15:06.9316953Z [command]/usr/bin/git remote add origin https://github.com/traynor1987/Private-gallery-
2026-10-03T06:15:06.9381210Z ##[endgroup]
2026-10-03T06:15:06.9383305Z ##[group]Disabling automatic garbage collection
2026-10-03T06:15:06.9384942Z [command]/usr/bin/git config --local gc.auto 0
2026-10-03T06:15:06.9444452Z ##[endgroup]
2026-10-03T06:15:06.9446454Z ##[group]Setting up auth
2026-10-03T06:15:06.9447998Z [command]/usr/bin/git config --local --name-only --get-regexp core\.sshCommand
2026-10-03T06:15:06.9476774Z [command]/usr/bin/git submodule foreach --recursive sh -c "git config --local --name-only --get-regexp 'core\.sshCommand' && git config --local --unset-all 'core.sshCommand' || :"
2026-10-03T06:15:06.9913138Z [command]/usr/bin/git config --local --name-only --get-regexp http\.https\:\/\/github\.com\/\.extraheader
2026-10-03T06:15:06.9957862Z [command]/usr/bin/git submodule foreach --recursive sh -c "git config --local --name-only --get-regexp 'http\.https\:\/\/github\.com\/\.extraheader' && git config --local --unset-all 'http.https://github.com/.extraheader' || :"
2026-10-03T06:15:07.0195707Z [command]/usr/bin/git config --local --name-only --get-regexp ^includeIf\.gitdir:
2026-10-03T06:15:07.0236907Z [command]/usr/bin/git submodule foreach --recursive git config --local --show-origin --name-only --get-regexp remote.origin.url
2026-10-03T06:15:07.0508089Z [command]/usr/bin/git config --local http.https://github.com/.extraheader AUTHORIZATION: basic ***
2026-10-03T06:15:07.0560130Z ##[endgroup]
2026-10-03T06:15:07.0561084Z ##[group]Fetching the repository
2026-10-03T06:15:07.0576009Z [command]/usr/bin/git -c protocol.version=2 fetch --no-tags --prune --no-recurse-submodules --depth=1 origin +229a031a0399e21afedf1825e63f76b6439e2f45:refs/remotes/origin/phase3/verified-hidden-media-transfer
2026-10-03T06:15:08.2563618Z From https://github.com/traynor1987/Private-gallery-
2026-10-03T06:15:08.2567171Z  * [new ref]         229a031a0399e21afedf1825e63f76b6439e2f45 -> origin/phase3/verified-hidden-media-transfer
2026-10-03T06:15:08.2572548Z ##[endgroup]
2026-10-03T06:15:08.2574552Z ##[group]Determining the checkout info
2026-10-03T06:15:08.2577216Z ##[endgroup]
2026-10-03T06:15:08.2578642Z [command]/usr/bin/git sparse-checkout disable
2026-10-03T06:15:08.2637439Z [command]/usr/bin/git config --local --unset-all extensions.worktreeConfig
2026-10-03T06:15:08.2672579Z ##[group]Checking out the ref
2026-10-03T06:15:08.2680762Z [command]/usr/bin/git checkout --progress --force -B phase3/verified-hidden-media-transfer refs/remotes/origin/phase3/verified-hidden-media-transfer
2026-10-03T06:15:08.3450229Z Switched to a new branch 'phase3/verified-hidden-media-transfer'
2026-10-03T06:15:08.3456533Z branch 'phase3/verified-hidden-media-transfer' set up to track 'origin/phase3/verified-hidden-media-transfer'.
2026-10-03T06:15:08.3466978Z ##[endgroup]
2026-10-03T06:15:08.3512839Z [command]/usr/bin/git log -1 --format=%H
2026-10-03T06:15:08.3542120Z 229a031a0399e21afedf1825e63f76b6439e2f45
2026-10-03T06:15:08.4024512Z ##[group]Run actions/setup-java@v5
2026-10-03T06:15:08.4025667Z with:
2026-10-03T06:15:08.4026753Z   distribution: temurin
2026-10-03T06:15:08.4027677Z   java-version: 17
2026-10-03T06:15:08.4028520Z   java-package: jdk
2026-10-03T06:15:08.4029390Z   check-latest: false
2026-10-03T06:15:08.4030262Z   set-default: true
2026-10-03T06:15:08.4031139Z   verify-signature: false
2026-10-03T06:15:08.4032078Z   server-id: github
2026-10-03T06:15:08.4032970Z   server-username: GITHUB_ACTOR
2026-10-03T06:15:08.4034031Z   server-password: GITHUB_TOKEN
2026-10-03T06:15:08.4035098Z   overwrite-settings: true
2026-10-03T06:15:08.4036058Z   job-status: success
2026-10-03T06:15:08.4046290Z   token: ***
2026-10-03T06:15:08.4047207Z   show-download-progress: false
2026-10-03T06:15:08.4048258Z ##[endgroup]
2026-10-03T06:15:08.5643767Z ##[group]Installed distributions
2026-10-03T06:15:08.5718217Z Resolved Java 17.0.20+1 from tool-cache
2026-10-03T06:15:08.5719816Z Setting Java 17.0.20+1 as the default
2026-10-03T06:15:08.5730308Z Creating toolchains.xml for JDK version 17 from temurin
2026-10-03T06:15:08.5810124Z Writing to /home/runner/.m2/toolchains.xml
2026-10-03T06:15:08.5811639Z 
2026-10-03T06:15:08.5812038Z Java configuration:
2026-10-03T06:15:08.5813584Z   Distribution: temurin
2026-10-03T06:15:08.5815155Z   Version: 17.0.20+1
2026-10-03T06:15:08.5817491Z   Path: /opt/hostedtoolcache/Java_Temurin-Hotspot_jdk/17.0.20-1/x64
2026-10-03T06:15:08.5819223Z 
2026-10-03T06:15:08.5821112Z ##[endgroup]
2026-10-03T06:15:08.5866601Z Creating settings.xml with server-id: github
2026-10-03T06:15:08.5869242Z Writing to /home/runner/.m2/settings.xml
2026-10-03T06:15:08.5874458Z Configured MAVEN_ARGS to include -ntp to suppress Maven transfer progress logs. Set 'show-download-progress: true' to keep the download progress output.
2026-10-03T06:15:08.6059445Z ##[group]Run yes | "$ANDROID_HOME/cmdline-tools/latest/bin/sdkmanager" "platforms;android-36" "build-tools;36.0.0" "emulator"
2026-10-03T06:15:08.6063694Z [36;1myes | "$ANDROID_HOME/cmdline-tools/latest/bin/sdkmanager" "platforms;android-36" "build-tools;36.0.0" "emulator"[0m
2026-10-03T06:15:08.6398944Z shell: /usr/bin/bash -e {0}
2026-10-03T06:15:08.6400128Z env:
2026-10-03T06:15:08.6401464Z   JAVA_HOME: /opt/hostedtoolcache/Java_Temurin-Hotspot_jdk/17.0.20-1/x64
2026-10-03T06:15:08.6403741Z   JAVA_HOME_17_X64: /opt/hostedtoolcache/Java_Temurin-Hotspot_jdk/17.0.20-1/x64
2026-10-03T06:15:08.6405543Z   MAVEN_ARGS: -ntp
2026-10-03T06:15:08.6406577Z ##[endgroup]
2026-10-03T06:15:14.5208203Z Loading package information...                                                  
2026-10-03T06:15:14.6263161Z Loading local repository...                                                     
2026-10-03T06:15:14.6277544Z [                                       ] 3% Loading local repository...        
2026-10-03T06:15:15.9908084Z [                                       ] 3% Fetch remote repository...         
2026-10-03T06:15:16.5384515Z [=                                      ] 3% Fetch remote repository...         
2026-10-03T06:15:16.6454529Z [=                                      ] 4% Fetch remote repository...         
2026-10-03T06:15:16.6871934Z [=                                      ] 5% Fetch remote repository...         
2026-10-03T06:15:16.7502889Z [==                                     ] 5% Fetch remote repository...         
2026-10-03T06:15:16.8259541Z [==                                     ] 6% Fetch remote repository...         
2026-10-03T06:15:17.0847849Z [==                                     ] 7% Fetch remote repository...         
2026-10-03T06:15:17.0877020Z [==                                     ] 7% Computing updates...               
2026-10-03T06:15:17.0961869Z [===                                    ] 8% Computing updates...               
2026-10-03T06:15:17.1327573Z [===                                    ] 10% Computing updates...              
2026-10-03T06:15:17.1834504Z [===                                    ] 10% Installing Android Emulator       
2026-10-03T06:15:17.3818083Z [===                                    ] 10% Downloading emulator-linux_x64-164
2026-10-03T06:15:17.5708694Z [====                                   ] 10% Downloading emulator-linux_x64-164
2026-10-03T06:15:17.7144656Z [====                                   ] 11% Downloading emulator-linux_x64-164
2026-10-03T06:15:17.8601283Z [====                                   ] 12% Downloading emulator-linux_x64-164
2026-10-03T06:15:17.9446395Z [=====                                  ] 13% Downloading emulator-linux_x64-164
2026-10-03T06:15:18.0317263Z [=====                                  ] 14% Downloading emulator-linux_x64-164
2026-10-03T06:15:18.0987419Z [=====                                  ] 15% Downloading emulator-linux_x64-164
2026-10-03T06:15:18.1461689Z [======                                 ] 15% Downloading emulator-linux_x64-164
2026-10-03T06:15:18.2329961Z [======                                 ] 16% Downloading emulator-linux_x64-164
2026-10-03T06:15:18.3395814Z [======                                 ] 17% Downloading emulator-linux_x64-164
2026-10-03T06:15:18.4247973Z [=======                                ] 18% Downloading emulator-linux_x64-164
2026-10-03T06:15:18.5335997Z [=======                                ] 19% Downloading emulator-linux_x64-164
2026-10-03T06:15:18.5799356Z [=======                                ] 20% Downloading emulator-linux_x64-164
2026-10-03T06:15:18.6208755Z [========                               ] 20% Downloading emulator-linux_x64-164
2026-10-03T06:15:18.7299061Z [========                               ] 21% Downloading emulator-linux_x64-164
2026-10-03T06:15:18.8163240Z [========                               ] 22% Downloading emulator-linux_x64-164
2026-10-03T06:15:18.9154069Z [=========                              ] 23% Downloading emulator-linux_x64-164
2026-10-03T06:15:19.0345062Z [=========                              ] 24% Downloading emulator-linux_x64-164
2026-10-03T06:15:19.0784095Z [=========                              ] 25% Downloading emulator-linux_x64-164
2026-10-03T06:15:19.1267020Z [==========                             ] 25% Downloading emulator-linux_x64-164
2026-10-03T06:15:19.2439977Z [==========                             ] 26% Downloading emulator-linux_x64-164
2026-10-03T06:15:19.3302052Z [==========                             ] 27% Downloading emulator-linux_x64-164
2026-10-03T06:15:19.4367072Z [===========                            ] 28% Downloading emulator-linux_x64-164
2026-10-03T06:15:19.5255325Z [===========                            ] 29% Downloading emulator-linux_x64-164
2026-10-03T06:15:19.5701181Z [===========                            ] 30% Downloading emulator-linux_x64-164
2026-10-03T06:15:19.6522520Z [============                           ] 30% Downloading emulator-linux_x64-164
2026-10-03T06:15:19.7370080Z [============                           ] 31% Downloading emulator-linux_x64-164
2026-10-03T06:15:19.8282747Z [============                           ] 32% Downloading emulator-linux_x64-164
2026-10-03T06:15:19.8286272Z [============                           ] 33% Downloading emulator-linux_x64-164
2026-10-03T06:15:20.1387646Z [============                           ] 33% Unzipping...                      
2026-10-03T06:15:20.1427366Z [============                           ] 33% Unzipping... emulator/            
2026-10-03T06:15:20.1428707Z [============                           ] 33% Unzipping... emulator/resources/  
2026-10-03T06:15:20.1454477Z [============                           ] 33% Unzipping... emulator/qsn         
2026-10-03T06:15:20.1846832Z [=============                          ] 33% Unzipping... emulator/qsn         
2026-10-03T06:15:20.2515705Z [=============                          ] 33% Unzipping... emulator/emulator    
2026-10-03T06:15:20.3708599Z [=============                          ] 33% Unzipping... emulator/netsimd     
2026-10-03T06:15:20.3709426Z [=============                          ] 33% Unzipping... emulator/bin64/      
2026-10-03T06:15:20.3710156Z [=============                          ] 33% Unzipping... emulator/qemu/       
2026-10-03T06:15:20.3725758Z [=============                          ] 33% Unzipping... emulator/NOTICE.txt  
2026-10-03T06:15:20.3864860Z [=============                          ] 33% Unzipping... emulator/crashpad_han
2026-10-03T06:15:20.3925782Z [=============                          ] 34% Unzipping... emulator/crashpad_han
2026-10-03T06:15:20.3936681Z [=============                          ] 34% Unzipping... emulator/source.prope
2026-10-03T06:15:20.4573484Z [=============                          ] 34% Unzipping... emulator/nimble_bridg
2026-10-03T06:15:20.4577902Z [=============                          ] 34% Unzipping... emulator/LICENSE     
2026-10-03T06:15:20.4578804Z [=============                          ] 34% Unzipping... emulator/lib/        
2026-10-03T06:15:20.4673695Z [=============                          ] 34% Unzipping... emulator/qemu-img    
2026-10-03T06:15:20.4674917Z [=============                          ] 34% Unzipping... emulator/include/    
2026-10-03T06:15:20.4724285Z [=============                          ] 34% Unzipping... emulator/NOTICE.csv  
2026-10-03T06:15:20.4725325Z [=============                          ] 34% Unzipping... emulator/lib64/      
2026-10-03T06:15:20.4847302Z [=============                          ] 34% Unzipping... emulator/emulator-che
2026-10-03T06:15:20.5043744Z [=============                          ] 34% Unzipping... emulator/crashreport 
2026-10-03T06:15:20.5052996Z [=============                          ] 34% Unzipping... emulator/mksdcard    
2026-10-03T06:15:20.5274046Z [=============                          ] 34% Unzipping... emulator/resources/To
2026-10-03T06:15:20.5296483Z [=============                          ] 35% Unzipping... emulator/resources/To
2026-10-03T06:15:20.5369560Z [=============                          ] 35% Unzipping... emulator/resources/de
2026-10-03T06:15:20.5371493Z [=============                          ] 35% Unzipping... emulator/resources/To
2026-10-03T06:15:20.5385608Z [=============                          ] 35% Unzipping... emulator/resources/de
2026-10-03T06:15:20.5561048Z [=============                          ] 35% Unzipping... emulator/resources/To
2026-10-03T06:15:20.5561977Z [=============                          ] 35% Unzipping... emulator/resources/ma
2026-10-03T06:15:20.5600933Z [=============                          ] 35% Unzipping... emulator/resources/de
2026-10-03T06:15:20.5601671Z [=============                          ] 35% Unzipping... emulator/resources/sk
2026-10-03T06:15:20.5644022Z [=============                          ] 35% Unzipping... emulator/resources/de
2026-10-03T06:15:20.5644909Z [=============                          ] 35% Unzipping... emulator/resources/ma
2026-10-03T06:15:20.5656320Z [=============                          ] 35% Unzipping... emulator/resources/po
2026-10-03T06:15:20.5723856Z [=============                          ] 35% Unzipping... emulator/resources/ma
2026-10-03T06:15:20.5729811Z [==============                         ] 35% Unzipping... emulator/resources/ma
2026-10-03T06:15:20.5802173Z [==============                         ] 35% Unzipping... emulator/resources/sk
2026-10-03T06:15:20.5817696Z [==============                         ] 35% Unzipping... emulator/resources/ma
2026-10-03T06:15:20.5851890Z [==============                         ] 35% Unzipping... emulator/bin64/e2fsck
2026-10-03T06:15:20.5888102Z [==============                         ] 35% Unzipping... emulator/bin64/fsck.e
2026-10-03T06:15:20.5934213Z [==============                         ] 35% Unzipping... emulator/bin64/tune2f
2026-10-03T06:15:20.5934992Z [==============                         ] 35% Unzipping... emulator/bin64/resize
2026-10-03T06:15:20.5956381Z [==============                         ] 35% Unzipping... emulator/bin64/mkfs.e
2026-10-03T06:15:20.6859305Z [==============                         ] 35% Unzipping... emulator/qemu/linux-x
2026-10-03T06:15:20.8566028Z [==============                         ] 36% Unzipping... emulator/qemu/linux-x
2026-10-03T06:15:21.0524271Z [==============                         ] 37% Unzipping... emulator/qemu/linux-x
2026-10-03T06:15:21.2304828Z [===============                        ] 38% Unzipping... emulator/qemu/linux-x
2026-10-03T06:15:21.3912979Z [===============                        ] 39% Unzipping... emulator/qemu/linux-x
2026-10-03T06:15:21.4681509Z [===============                        ] 40% Unzipping... emulator/qemu/linux-x
2026-10-03T06:15:21.5539058Z [================                       ] 40% Unzipping... emulator/qemu/linux-x
2026-10-03T06:15:21.6499123Z [================                       ] 41% Unzipping... emulator/qemu/linux-x
2026-10-03T06:15:21.6501617Z [================                       ] 41% Unzipping... emulator/lib/emulator
2026-10-03T06:15:21.6504951Z [================                       ] 41% Unzipping... emulator/lib/rtc_serv
2026-10-03T06:15:21.6509487Z [================                       ] 41% Unzipping... emulator/lib/advanced
2026-10-03T06:15:21.6510603Z [================                       ] 41% Unzipping... emulator/lib/cmake/  
2026-10-03T06:15:21.6513361Z [================                       ] 41% Unzipping... emulator/lib/emulator
2026-10-03T06:15:21.6521372Z [================                       ] 41% Unzipping... emulator/lib/control_
2026-10-03T06:15:21.6522256Z [================                       ] 41% Unzipping... emulator/lib/emulated
2026-10-03T06:15:21.6523017Z [================                       ] 41% Unzipping... emulator/lib/rtc_serv
2026-10-03T06:15:21.6525404Z [================                       ] 41% Unzipping... emulator/lib/emu-orig
2026-10-03T06:15:21.6529736Z [================                       ] 41% Unzipping... emulator/lib/hardware
2026-10-03T06:15:21.6530786Z [================                       ] 41% Unzipping... emulator/lib/pkgconfi
2026-10-03T06:15:21.6531587Z [================                       ] 41% Unzipping... emulator/lib/pc-bios/
2026-10-03T06:15:21.6534740Z [================                       ] 41% Unzipping... emulator/lib/snapshot
2026-10-03T06:15:21.6536583Z [================                       ] 41% Unzipping... emulator/lib/adb_serv
2026-10-03T06:15:21.6566470Z [================                       ] 41% Unzipping... emulator/lib/hostapd.
2026-10-03T06:15:21.6567052Z [================                       ] 41% Unzipping... emulator/lib/grpc_end
2026-10-03T06:15:21.6567469Z [================                       ] 41% Unzipping... emulator/lib/ca-bundl
2026-10-03T06:15:21.6567846Z [================                       ] 41% Unzipping... emulator/lib/ui_contr
2026-10-03T06:15:21.6583969Z [================                       ] 41% Unzipping... emulator/lib/snapshot
2026-10-03T06:15:21.6584830Z [================                       ] 41% Unzipping... emulator/lib/ice_conf
2026-10-03T06:15:21.6884838Z [================                       ] 41% Unzipping... emulator/lib/libflatb
2026-10-03T06:15:21.6895750Z [================                       ] 41% Unzipping... emulator/lib/emulator
2026-10-03T06:15:21.6897074Z [================                       ] 41% Unzipping... emulator/lib/waterfal
2026-10-03T06:15:21.6901360Z [================                       ] 41% Unzipping... emulator/lib/emulated
2026-10-03T06:15:21.6915822Z [================                       ] 41% Unzipping... emulator/lib/cmake/fl
2026-10-03T06:15:21.6918921Z [================                       ] 41% Unzipping... emulator/lib/pkgconfi
2026-10-03T06:15:21.7110036Z [================                       ] 41% Unzipping... emulator/lib/pc-bios/
2026-10-03T06:15:21.7215150Z [================                       ] 41% Unzipping... emulator/include/flat
2026-10-03T06:15:21.7296080Z [================                       ] 41% Unzipping... emulator/lib64/libgli
2026-10-03T06:15:21.7415280Z [================                       ] 41% Unzipping... emulator/lib64/libpro
2026-10-03T06:15:21.7416464Z [================                       ] 41% Unzipping... emulator/lib64/qt/   
2026-10-03T06:15:21.7819119Z [================                       ] 41% Unzipping... emulator/lib64/liband
2026-10-03T06:15:21.7842857Z [================                       ] 41% Unzipping... emulator/lib64/libgfx
2026-10-03T06:15:21.8506705Z [================                       ] 42% Unzipping... emulator/lib64/libgfx
2026-10-03T06:15:21.8507825Z [================                       ] 42% Unzipping... emulator/lib64/gles_l
2026-10-03T06:15:21.8517769Z [================                       ] 42% Unzipping... emulator/lib64/liband
2026-10-03T06:15:21.8518556Z [================                       ] 42% Unzipping... emulator/lib64/vulkan
2026-10-03T06:15:21.8519342Z [================                       ] 42% Unzipping... emulator/lib64/gles_s
2026-10-03T06:15:21.8523155Z [================                       ] 42% Unzipping... emulator/lib64/libemu
2026-10-03T06:15:21.8642765Z [================                       ] 42% Unzipping... emulator/lib64/libpro
2026-10-03T06:15:21.9763170Z [================                       ] 42% Unzipping... emulator/lib64/liband
2026-10-03T06:15:22.0158715Z [=================                      ] 43% Unzipping... emulator/lib64/liband
2026-10-03T06:15:22.0177081Z [=================                      ] 43% Unzipping... emulator/lib64/libtcm
2026-10-03T06:15:22.0180499Z [=================                      ] 43% Unzipping... emulator/lib64/libima
2026-10-03T06:15:22.0244841Z [=================                      ] 43% Unzipping... emulator/lib64/libc++
2026-10-03T06:15:22.0520428Z [=================                      ] 43% Unzipping... emulator/lib64/liband
2026-10-03T06:15:22.0566024Z [=================                      ] 43% Unzipping... emulator/lib64/libabs
2026-10-03T06:15:22.0567705Z [=================                      ] 43% Unzipping... emulator/lib64/gles_a
2026-10-03T06:15:22.0645335Z [=================                      ] 43% Unzipping... emulator/lib64/libsha
2026-10-03T06:15:22.0703504Z [=================                      ] 43% Unzipping... emulator/lib64/libc++
2026-10-03T06:15:22.0704289Z [=================                      ] 43% Unzipping... emulator/lib64/qt/res
2026-10-03T06:15:22.0705204Z [=================                      ] 43% Unzipping... emulator/lib64/qt/lib
2026-10-03T06:15:22.0706033Z [=================                      ] 43% Unzipping... emulator/lib64/qt/tra
2026-10-03T06:15:22.0708305Z [=================                      ] 43% Unzipping... emulator/lib64/qt/plu
2026-10-03T06:15:22.0928843Z [=================                      ] 43% Unzipping... emulator/lib64/qt/res
2026-10-03T06:15:22.1449337Z [=================                      ] 44% Unzipping... emulator/lib64/qt/res
2026-10-03T06:15:22.1710471Z [=================                      ] 44% Unzipping... emulator/lib64/qt/lib
2026-10-03T06:15:22.2517180Z [=================                      ] 45% Unzipping... emulator/lib64/qt/lib
2026-10-03T06:15:22.3541738Z [==================                     ] 45% Unzipping... emulator/lib64/qt/lib
2026-10-03T06:15:22.5418172Z [==================                     ] 46% Unzipping... emulator/lib64/qt/lib
2026-10-03T06:15:22.7521520Z [==================                     ] 47% Unzipping... emulator/lib64/qt/lib
2026-10-03T06:15:22.9561217Z [===================                    ] 48% Unzipping... emulator/lib64/qt/lib
2026-10-03T06:15:23.1427634Z [===================                    ] 49% Unzipping... emulator/lib64/qt/lib
2026-10-03T06:15:23.2488363Z [===================                    ] 50% Unzipping... emulator/lib64/qt/lib
2026-10-03T06:15:23.3330635Z [====================                   ] 50% Unzipping... emulator/lib64/qt/lib
2026-10-03T06:15:23.3630702Z [====================                   ] 50% Unzipping... emulator/lib64/qt/tra
2026-10-03T06:15:23.4417365Z [====================                   ] 51% Unzipping... emulator/lib64/qt/tra
2026-10-03T06:15:23.4532547Z [====================                   ] 51% Unzipping... emulator/lib64/qt/plu
2026-10-03T06:15:23.5364863Z [====================                   ] 51% Unzipping... emulator/lib64/gles_l
2026-10-03T06:15:23.5867844Z [====================                   ] 51% Unzipping... emulator/lib64/vulkan
2026-10-03T06:15:23.7574532Z [====================                   ] 52% Unzipping... emulator/lib64/vulkan
2026-10-03T06:15:24.0246769Z [=====================                  ] 53% Unzipping... emulator/lib64/vulkan
2026-10-03T06:15:24.2166485Z [=====================                  ] 54% Unzipping... emulator/lib64/vulkan
2026-10-03T06:15:24.2432557Z [=====================                  ] 54% Unzipping... emulator/lib64/gles_s
2026-10-03T06:15:24.2841776Z [=====================                  ] 55% Unzipping... emulator/lib64/gles_s
2026-10-03T06:15:24.4245136Z [=====================                  ] 55% Unzipping... emulator/lib64/gles_a
2026-10-03T06:15:24.4246660Z [=======================================] 100% Unzipping... emulator/lib64/gles_
2026-10-03T06:15:24.8792690Z 
2026-10-03T06:15:24.9283484Z yes: standard output: Broken pipe
2026-10-03T06:15:24.9367691Z ##[group]Run actions/setup-python@v5
2026-10-03T06:15:24.9367994Z with:
2026-10-03T06:15:24.9368199Z   python-version: 3.12
2026-10-03T06:15:24.9368433Z   check-latest: false
2026-10-03T06:15:24.9370898Z   token: ***
2026-10-03T06:15:24.9371114Z   update-environment: true
2026-10-03T06:15:24.9371354Z   allow-prereleases: false
2026-10-03T06:15:24.9371586Z   freethreaded: false
2026-10-03T06:15:24.9371788Z env:
2026-10-03T06:15:24.9372076Z   JAVA_HOME: /opt/hostedtoolcache/Java_Temurin-Hotspot_jdk/17.0.20-1/x64
2026-10-03T06:15:24.9372572Z   JAVA_HOME_17_X64: /opt/hostedtoolcache/Java_Temurin-Hotspot_jdk/17.0.20-1/x64
2026-10-03T06:15:24.9372962Z   MAVEN_ARGS: -ntp
2026-10-03T06:15:24.9373161Z ##[endgroup]
2026-10-03T06:15:25.0749140Z ##[group]Installed versions
2026-10-03T06:15:25.0857949Z (node:2420) [DEP0040] DeprecationWarning: The `punycode` module is deprecated. Please use a userland alternative instead.
2026-10-03T06:15:25.0859383Z (Use `node --trace-deprecation ...` to show where the warning was created)
2026-10-03T06:15:25.0860210Z Successfully set up CPython (3.12.14)
2026-10-03T06:15:25.0861028Z ##[endgroup]
2026-10-03T06:15:25.0992404Z ##[group]Run python3 scripts/verify_backup_exclusions.py
2026-10-03T06:15:25.0993136Z [36;1mpython3 scripts/verify_backup_exclusions.py[0m
2026-10-03T06:15:25.0993835Z [36;1mpython3 -m unittest discover -s scripts/tests -p '*.py'[0m
2026-10-03T06:15:25.1086719Z shell: /usr/bin/bash -e {0}
2026-10-03T06:15:25.1087133Z env:
2026-10-03T06:15:25.1087632Z   JAVA_HOME: /opt/hostedtoolcache/Java_Temurin-Hotspot_jdk/17.0.20-1/x64
2026-10-03T06:15:25.1088491Z   JAVA_HOME_17_X64: /opt/hostedtoolcache/Java_Temurin-Hotspot_jdk/17.0.20-1/x64
2026-10-03T06:15:25.1089179Z   MAVEN_ARGS: -ntp
2026-10-03T06:15:25.1089638Z   pythonLocation: /opt/hostedtoolcache/Python/3.12.14/x64
2026-10-03T06:15:25.1090376Z   PKG_CONFIG_PATH: /opt/hostedtoolcache/Python/3.12.14/x64/lib/pkgconfig
2026-10-03T06:15:25.1091107Z   Python_ROOT_DIR: /opt/hostedtoolcache/Python/3.12.14/x64
2026-10-03T06:15:25.1091764Z   Python2_ROOT_DIR: /opt/hostedtoolcache/Python/3.12.14/x64
2026-10-03T06:15:25.1092484Z   Python3_ROOT_DIR: /opt/hostedtoolcache/Python/3.12.14/x64
2026-10-03T06:15:25.1093147Z   LD_LIBRARY_PATH: /opt/hostedtoolcache/Python/3.12.14/x64/lib
2026-10-03T06:15:25.1093694Z ##[endgroup]
2026-10-03T06:15:25.2401194Z PASS: backup exclusions (source); vendor transfer acceptance remains physical
2026-10-03T06:15:31.0017016Z ..............
2026-10-03T06:15:31.0017599Z ----------------------------------------------------------------------
2026-10-03T06:15:31.0018188Z Ran 14 tests in 5.630s
2026-10-03T06:15:31.0018817Z 
2026-10-03T06:15:31.0018952Z OK
2026-10-03T06:15:31.0144495Z ##[group]Run sha256sum --strict --check SHA256SUMS
2026-10-03T06:15:31.0144897Z [36;1msha256sum --strict --check SHA256SUMS[0m
2026-10-03T06:15:31.0209266Z shell: /usr/bin/bash -e {0}
2026-10-03T06:15:31.0209526Z env:
2026-10-03T06:15:31.0209837Z   JAVA_HOME: /opt/hostedtoolcache/Java_Temurin-Hotspot_jdk/17.0.20-1/x64
2026-10-03T06:15:31.0210362Z   JAVA_HOME_17_X64: /opt/hostedtoolcache/Java_Temurin-Hotspot_jdk/17.0.20-1/x64
2026-10-03T06:15:31.0210751Z   MAVEN_ARGS: -ntp
2026-10-03T06:15:31.0211038Z   pythonLocation: /opt/hostedtoolcache/Python/3.12.14/x64
2026-10-03T06:15:31.0211468Z   PKG_CONFIG_PATH: /opt/hostedtoolcache/Python/3.12.14/x64/lib/pkgconfig
2026-10-03T06:15:31.0211900Z   Python_ROOT_DIR: /opt/hostedtoolcache/Python/3.12.14/x64
2026-10-03T06:15:31.0212285Z   Python2_ROOT_DIR: /opt/hostedtoolcache/Python/3.12.14/x64
2026-10-03T06:15:31.0212667Z   Python3_ROOT_DIR: /opt/hostedtoolcache/Python/3.12.14/x64
2026-10-03T06:15:31.0213119Z   LD_LIBRARY_PATH: /opt/hostedtoolcache/Python/3.12.14/x64/lib
2026-10-03T06:15:31.0213450Z ##[endgroup]
2026-10-03T06:15:31.0332744Z backup-v1.pgvault: OK
2026-10-03T06:15:31.0340452Z corrupt/archive-duplicate.pgvault: OK
2026-10-03T06:15:31.0348273Z corrupt/archive-payload-truncated.pgvault: OK
2026-10-03T06:15:31.0348658Z corrupt/archive-truncated.pgvault: OK
2026-10-03T06:15:31.0356047Z corrupt/archive-video-tag-rehashed.pgvault: OK
2026-10-03T06:15:31.0356929Z corrupt/excessive-count.enc: OK
2026-10-03T06:15:31.0357471Z corrupt/index-tag.enc: OK
2026-10-03T06:15:31.0358065Z corrupt/index-truncated.enc: OK
2026-10-03T06:15:31.0358662Z corrupt/legacy-duplicate.enc: OK
2026-10-03T06:15:31.0359000Z corrupt/legacy-negative-size.enc: OK
2026-10-03T06:15:31.0359339Z corrupt/legacy-trailing.enc: OK
2026-10-03T06:15:31.0359664Z corrupt/legacy-trash-without-date.enc: OK
2026-10-03T06:15:31.0360032Z corrupt/negative-count.enc: OK
2026-10-03T06:15:31.0360332Z corrupt/unknown-version.enc: OK
2026-10-03T06:15:31.0360667Z corrupt/v6-negative-size.enc: OK
2026-10-03T06:15:31.0360961Z corrupt/v6-trailing.enc: OK
2026-10-03T06:15:31.0361226Z expected.json: OK
2026-10-03T06:15:31.0361458Z index-v1.enc: OK
2026-10-03T06:15:31.0361685Z index-v2.enc: OK
2026-10-03T06:15:31.0361902Z index-v3.enc: OK
2026-10-03T06:15:31.0362120Z index-v4.enc: OK
2026-10-03T06:15:31.0362341Z index-v5.enc: OK
2026-10-03T06:15:31.0362558Z index-v6.enc: OK
2026-10-03T06:15:31.0362837Z payloads/11111111-1111-4111-8111-111111111111.vault: OK
2026-10-03T06:15:31.0367078Z payloads/22222222-2222-4222-8222-222222222222.vault: OK
2026-10-03T06:15:31.0367457Z pin-envelope.bin: OK
2026-10-03T06:15:31.0367723Z recovery-envelope.bin: OK
2026-10-03T06:15:31.0400355Z ##[group]Run cmp app/src/test/resources/phase0/legacy-v1/backup-v1.pgvault app/src/androidTest/assets/phase0/backup-v1.pgvault
2026-10-03T06:15:31.0401287Z [36;1mcmp app/src/test/resources/phase0/legacy-v1/backup-v1.pgvault app/src/androidTest/assets/phase0/backup-v1.pgvault[0m
2026-10-03T06:15:31.0402095Z [36;1mcmp app/src/test/resources/phase0/legacy-v1/expected.json app/src/androidTest/assets/phase0/expected.json[0m
2026-10-03T06:15:31.0466555Z shell: /usr/bin/bash -e {0}
2026-10-03T06:15:31.0466813Z env:
2026-10-03T06:15:31.0467132Z   JAVA_HOME: /opt/hostedtoolcache/Java_Temurin-Hotspot_jdk/17.0.20-1/x64
2026-10-03T06:15:31.0467646Z   JAVA_HOME_17_X64: /opt/hostedtoolcache/Java_Temurin-Hotspot_jdk/17.0.20-1/x64
2026-10-03T06:15:31.0468033Z   MAVEN_ARGS: -ntp
2026-10-03T06:15:31.0468315Z   pythonLocation: /opt/hostedtoolcache/Python/3.12.14/x64
2026-10-03T06:15:31.0468738Z   PKG_CONFIG_PATH: /opt/hostedtoolcache/Python/3.12.14/x64/lib/pkgconfig
2026-10-03T06:15:31.0469223Z   Python_ROOT_DIR: /opt/hostedtoolcache/Python/3.12.14/x64
2026-10-03T06:15:31.0469609Z   Python2_ROOT_DIR: /opt/hostedtoolcache/Python/3.12.14/x64
2026-10-03T06:15:31.0469986Z   Python3_ROOT_DIR: /opt/hostedtoolcache/Python/3.12.14/x64
2026-10-03T06:15:31.0470362Z   LD_LIBRARY_PATH: /opt/hostedtoolcache/Python/3.12.14/x64/lib
2026-10-03T06:15:31.0470962Z ##[endgroup]
2026-10-03T06:15:31.0620365Z ##[group]Run python3 -m pip install cryptography
2026-10-03T06:15:31.0620779Z [36;1mpython3 -m pip install cryptography[0m
2026-10-03T06:15:31.0621175Z [36;1mpython3 -m unittest docs/phase0/test_future_format_vectors.py[0m
2026-10-03T06:15:31.0684667Z shell: /usr/bin/bash -e {0}
2026-10-03T06:15:31.0684931Z env:
2026-10-03T06:15:31.0685371Z   JAVA_HOME: /opt/hostedtoolcache/Java_Temurin-Hotspot_jdk/17.0.20-1/x64
2026-10-03T06:15:31.0685938Z   JAVA_HOME_17_X64: /opt/hostedtoolcache/Java_Temurin-Hotspot_jdk/17.0.20-1/x64
2026-10-03T06:15:31.0686614Z   MAVEN_ARGS: -ntp
2026-10-03T06:15:31.0686912Z   pythonLocation: /opt/hostedtoolcache/Python/3.12.14/x64
2026-10-03T06:15:31.0687357Z   PKG_CONFIG_PATH: /opt/hostedtoolcache/Python/3.12.14/x64/lib/pkgconfig
2026-10-03T06:15:31.0687804Z   Python_ROOT_DIR: /opt/hostedtoolcache/Python/3.12.14/x64
2026-10-03T06:15:31.0688203Z   Python2_ROOT_DIR: /opt/hostedtoolcache/Python/3.12.14/x64
2026-10-03T06:15:31.0688662Z   Python3_ROOT_DIR: /opt/hostedtoolcache/Python/3.12.14/x64
2026-10-03T06:15:31.0689074Z   LD_LIBRARY_PATH: /opt/hostedtoolcache/Python/3.12.14/x64/lib
2026-10-03T06:15:31.0689414Z ##[endgroup]
2026-10-03T06:15:32.2597774Z Collecting cryptography
2026-10-03T06:15:32.3307802Z   Downloading cryptography-50.0.2-cp311-abi3-manylinux_2_34_x86_64.whl.metadata (4.4 kB)
2026-10-03T06:15:32.4547385Z Collecting cffi>=2.0.0 (from cryptography)
2026-10-03T06:15:32.4656556Z   Downloading cffi-2.1.1-cp312-cp312-manylinux2014_x86_64.manylinux_2_17_x86_64.whl.metadata (2.5 kB)
2026-10-03T06:15:32.4953968Z Collecting pycparser (from cffi>=2.0.0->cryptography)
2026-10-03T06:15:32.5054673Z   Downloading pycparser-3.0-py3-none-any.whl.metadata (8.2 kB)
2026-10-03T06:15:32.5209887Z Downloading cryptography-50.0.2-cp311-abi3-manylinux_2_34_x86_64.whl (4.8 MB)
2026-10-03T06:15:32.7090247Z    ━━━━━━━━━━━━━━━━━━━━━━━━━━━━━━━━━━━━━━━━ 4.8/4.8 MB 28.5 MB/s  0:00:00
2026-10-03T06:15:32.7195534Z Downloading cffi-2.1.1-cp312-cp312-manylinux2014_x86_64.manylinux_2_17_x86_64.whl (221 kB)
2026-10-03T06:15:32.7341578Z Downloading pycparser-3.0-py3-none-any.whl (48 kB)
2026-10-03T06:15:32.7841283Z Installing collected packages: pycparser, cffi, cryptography
2026-10-03T06:15:33.0687053Z 
2026-10-03T06:15:33.0698808Z Successfully installed cffi-2.1.1 cryptography-50.0.2 pycparser-3.0
2026-10-03T06:15:33.1894026Z .....
2026-10-03T06:15:33.1894583Z ----------------------------------------------------------------------
2026-10-03T06:15:33.1895069Z Ran 5 tests in 0.002s
2026-10-03T06:15:33.1895251Z 
2026-10-03T06:15:33.1895360Z OK
2026-10-03T06:15:33.2034465Z ##[group]Run python3 -B -m unittest docs/phase3/test_design_contracts.py
2026-10-03T06:15:33.2035013Z [36;1mpython3 -B -m unittest docs/phase3/test_design_contracts.py[0m
2026-10-03T06:15:33.2098649Z shell: /usr/bin/bash -e {0}
2026-10-03T06:15:33.2098901Z env:
2026-10-03T06:15:33.2099214Z   JAVA_HOME: /opt/hostedtoolcache/Java_Temurin-Hotspot_jdk/17.0.20-1/x64
2026-10-03T06:15:33.2099753Z   JAVA_HOME_17_X64: /opt/hostedtoolcache/Java_Temurin-Hotspot_jdk/17.0.20-1/x64
2026-10-03T06:15:33.2100156Z   MAVEN_ARGS: -ntp
2026-10-03T06:15:33.2100430Z   pythonLocation: /opt/hostedtoolcache/Python/3.12.14/x64
2026-10-03T06:15:33.2100851Z   PKG_CONFIG_PATH: /opt/hostedtoolcache/Python/3.12.14/x64/lib/pkgconfig
2026-10-03T06:15:33.2101272Z   Python_ROOT_DIR: /opt/hostedtoolcache/Python/3.12.14/x64
2026-10-03T06:15:33.2101642Z   Python2_ROOT_DIR: /opt/hostedtoolcache/Python/3.12.14/x64
2026-10-03T06:15:33.2102019Z   Python3_ROOT_DIR: /opt/hostedtoolcache/Python/3.12.14/x64
2026-10-03T06:15:33.2102428Z   LD_LIBRARY_PATH: /opt/hostedtoolcache/Python/3.12.14/x64/lib
2026-10-03T06:15:33.2102746Z ##[endgroup]
2026-10-03T06:15:33.2774536Z ..............................
2026-10-03T06:15:33.2775121Z ----------------------------------------------------------------------
2026-10-03T06:15:33.2775693Z Ran 30 tests in 0.002s
2026-10-03T06:15:33.2775922Z 
2026-10-03T06:15:33.2776056Z OK
2026-10-03T06:15:33.2888817Z ##[group]Run python3 scripts/verify_local_ai_distribution.py
2026-10-03T06:15:33.2889416Z [36;1mpython3 scripts/verify_local_ai_distribution.py[0m
2026-10-03T06:15:33.2953320Z shell: /usr/bin/bash -e {0}
2026-10-03T06:15:33.2953800Z env:
2026-10-03T06:15:33.2954246Z   JAVA_HOME: /opt/hostedtoolcache/Java_Temurin-Hotspot_jdk/17.0.20-1/x64
2026-10-03T06:15:33.2954944Z   JAVA_HOME_17_X64: /opt/hostedtoolcache/Java_Temurin-Hotspot_jdk/17.0.20-1/x64
2026-10-03T06:15:33.2955495Z   MAVEN_ARGS: -ntp
2026-10-03T06:15:33.2955959Z   pythonLocation: /opt/hostedtoolcache/Python/3.12.14/x64
2026-10-03T06:15:33.2956885Z   PKG_CONFIG_PATH: /opt/hostedtoolcache/Python/3.12.14/x64/lib/pkgconfig
2026-10-03T06:15:33.2957463Z   Python_ROOT_DIR: /opt/hostedtoolcache/Python/3.12.14/x64
2026-10-03T06:15:33.2958014Z   Python2_ROOT_DIR: /opt/hostedtoolcache/Python/3.12.14/x64
2026-10-03T06:15:33.2958550Z   Python3_ROOT_DIR: /opt/hostedtoolcache/Python/3.12.14/x64
2026-10-03T06:15:33.2959261Z   LD_LIBRARY_PATH: /opt/hostedtoolcache/Python/3.12.14/x64/lib
2026-10-03T06:15:33.2959731Z ##[endgroup]
2026-10-03T06:15:33.3759933Z PASS: retired local AI runtime and model weights are absent
2026-10-03T06:15:33.3860710Z ##[group]Run node --test scripts/tests/*.test.cjs
2026-10-03T06:15:33.3861301Z [36;1mnode --test scripts/tests/*.test.cjs[0m
2026-10-03T06:15:33.3924413Z shell: /usr/bin/bash -e {0}
2026-10-03T06:15:33.3924889Z env:
2026-10-03T06:15:33.3925304Z   JAVA_HOME: /opt/hostedtoolcache/Java_Temurin-Hotspot_jdk/17.0.20-1/x64
2026-10-03T06:15:33.3925965Z   JAVA_HOME_17_X64: /opt/hostedtoolcache/Java_Temurin-Hotspot_jdk/17.0.20-1/x64
2026-10-03T06:15:33.3926655Z   MAVEN_ARGS: -ntp
2026-10-03T06:15:33.3927070Z   pythonLocation: /opt/hostedtoolcache/Python/3.12.14/x64
2026-10-03T06:15:33.3927705Z   PKG_CONFIG_PATH: /opt/hostedtoolcache/Python/3.12.14/x64/lib/pkgconfig
2026-10-03T06:15:33.3928246Z   Python_ROOT_DIR: /opt/hostedtoolcache/Python/3.12.14/x64
2026-10-03T06:15:33.3928769Z   Python2_ROOT_DIR: /opt/hostedtoolcache/Python/3.12.14/x64
2026-10-03T06:15:33.3929300Z   Python3_ROOT_DIR: /opt/hostedtoolcache/Python/3.12.14/x64
2026-10-03T06:15:33.3929980Z   LD_LIBRARY_PATH: /opt/hostedtoolcache/Python/3.12.14/x64/lib
2026-10-03T06:15:33.3930419Z ##[endgroup]
2026-10-03T06:15:33.6275333Z TAP version 13
2026-10-03T06:15:33.6776326Z # Subtest: document visibility change does not pause WebView-owned video; native lifecycle owns background policy
2026-10-03T06:15:33.6804949Z ok 1 - document visibility change does not pause WebView-owned video; native lifecycle owns background policy
2026-10-03T06:15:33.6806029Z   ---
2026-10-03T06:15:33.6807040Z   duration_ms: 2.92372
2026-10-03T06:15:33.6807579Z   type: 'test'
2026-10-03T06:15:33.6808071Z   ...
2026-10-03T06:15:33.6808802Z # Subtest: native tab/background pause signal pauses embedded media without reading its source
2026-10-03T06:15:33.6809573Z ok 2 - native tab/background pause signal pauses embedded media without reading its source
2026-10-03T06:15:33.6810057Z   ---
2026-10-03T06:15:33.6810286Z   duration_ms: 0.892242
2026-10-03T06:15:33.6810514Z   type: 'test'
2026-10-03T06:15:33.6810710Z   ...
2026-10-03T06:15:33.6811090Z # Subtest: playing video shows save beside fullscreen only after native media classification
2026-10-03T06:15:33.6811700Z ok 3 - playing video shows save beside fullscreen only after native media classification
2026-10-03T06:15:33.6812114Z   ---
2026-10-03T06:15:33.6812306Z   duration_ms: 1.733008
2026-10-03T06:15:33.6812529Z   type: 'test'
2026-10-03T06:15:33.6812717Z   ...
2026-10-03T06:15:33.6898869Z 1..3
2026-10-03T06:15:33.6899119Z # tests 3
2026-10-03T06:15:33.6899560Z # suites 0
2026-10-03T06:15:33.6900260Z # pass 3
2026-10-03T06:15:33.6900897Z # fail 0
2026-10-03T06:15:33.6901503Z # cancelled 0
2026-10-03T06:15:33.6902112Z # skipped 0
2026-10-03T06:15:33.6902845Z # todo 0
2026-10-03T06:15:33.6903460Z # duration_ms 82.934842
2026-10-03T06:15:33.6992795Z ##[group]Run ./scripts/no_secret_scan.sh
2026-10-03T06:15:33.6993153Z [36;1m./scripts/no_secret_scan.sh[0m
2026-10-03T06:15:33.7058761Z shell: /usr/bin/bash -e {0}
2026-10-03T06:15:33.7059046Z env:
2026-10-03T06:15:33.7059385Z   JAVA_HOME: /opt/hostedtoolcache/Java_Temurin-Hotspot_jdk/17.0.20-1/x64
2026-10-03T06:15:33.7059950Z   JAVA_HOME_17_X64: /opt/hostedtoolcache/Java_Temurin-Hotspot_jdk/17.0.20-1/x64
2026-10-03T06:15:33.7060380Z   MAVEN_ARGS: -ntp
2026-10-03T06:15:33.7060685Z   pythonLocation: /opt/hostedtoolcache/Python/3.12.14/x64
2026-10-03T06:15:33.7061167Z   PKG_CONFIG_PATH: /opt/hostedtoolcache/Python/3.12.14/x64/lib/pkgconfig
2026-10-03T06:15:33.7061642Z   Python_ROOT_DIR: /opt/hostedtoolcache/Python/3.12.14/x64
2026-10-03T06:15:33.7062067Z   Python2_ROOT_DIR: /opt/hostedtoolcache/Python/3.12.14/x64
2026-10-03T06:15:33.7062515Z   Python3_ROOT_DIR: /opt/hostedtoolcache/Python/3.12.14/x64
2026-10-03T06:15:33.7062991Z   LD_LIBRARY_PATH: /opt/hostedtoolcache/Python/3.12.14/x64/lib
2026-10-03T06:15:33.7063359Z ##[endgroup]
2026-10-03T06:15:33.7304965Z PASS: no tracked secret material detected
2026-10-03T06:15:33.7353329Z ##[group]Run bash ./scripts/verify_production_vpn_path.sh
2026-10-03T06:15:33.7354102Z [36;1mbash ./scripts/verify_production_vpn_path.sh[0m
2026-10-03T06:15:33.7422560Z shell: /usr/bin/bash -e {0}
2026-10-03T06:15:33.7422824Z env:
2026-10-03T06:15:33.7423141Z   JAVA_HOME: /opt/hostedtoolcache/Java_Temurin-Hotspot_jdk/17.0.20-1/x64
2026-10-03T06:15:33.7423655Z   JAVA_HOME_17_X64: /opt/hostedtoolcache/Java_Temurin-Hotspot_jdk/17.0.20-1/x64
2026-10-03T06:15:33.7424053Z   MAVEN_ARGS: -ntp
2026-10-03T06:15:33.7424335Z   pythonLocation: /opt/hostedtoolcache/Python/3.12.14/x64
2026-10-03T06:15:33.7424765Z   PKG_CONFIG_PATH: /opt/hostedtoolcache/Python/3.12.14/x64/lib/pkgconfig
2026-10-03T06:15:33.7425180Z   Python_ROOT_DIR: /opt/hostedtoolcache/Python/3.12.14/x64
2026-10-03T06:15:33.7425554Z   Python2_ROOT_DIR: /opt/hostedtoolcache/Python/3.12.14/x64
2026-10-03T06:15:33.7425943Z   Python3_ROOT_DIR: /opt/hostedtoolcache/Python/3.12.14/x64
2026-10-03T06:15:33.7426720Z   LD_LIBRARY_PATH: /opt/hostedtoolcache/Python/3.12.14/x64/lib
2026-10-03T06:15:33.7427065Z ##[endgroup]
2026-10-03T06:15:33.7633272Z PASS: WireGuard-only production path and notice audit
2026-10-03T06:15:33.7667264Z ##[group]Run ./gradlew testDebugUnitTest --tests '*PrimaryVaultSetupGuardTest' --tests '*PrimaryStorageInventoryTest'
2026-10-03T06:15:33.7668195Z [36;1m./gradlew testDebugUnitTest --tests '*PrimaryVaultSetupGuardTest' --tests '*PrimaryStorageInventoryTest'[0m
2026-10-03T06:15:33.7731272Z shell: /usr/bin/bash -e {0}
2026-10-03T06:15:33.7731560Z env:
2026-10-03T06:15:33.7731900Z   JAVA_HOME: /opt/hostedtoolcache/Java_Temurin-Hotspot_jdk/17.0.20-1/x64
2026-10-03T06:15:33.7732464Z   JAVA_HOME_17_X64: /opt/hostedtoolcache/Java_Temurin-Hotspot_jdk/17.0.20-1/x64
2026-10-03T06:15:33.7732897Z   MAVEN_ARGS: -ntp
2026-10-03T06:15:33.7733213Z   pythonLocation: /opt/hostedtoolcache/Python/3.12.14/x64
2026-10-03T06:15:33.7733696Z   PKG_CONFIG_PATH: /opt/hostedtoolcache/Python/3.12.14/x64/lib/pkgconfig
2026-10-03T06:15:33.7734171Z   Python_ROOT_DIR: /opt/hostedtoolcache/Python/3.12.14/x64
2026-10-03T06:15:33.7734616Z   Python2_ROOT_DIR: /opt/hostedtoolcache/Python/3.12.14/x64
2026-10-03T06:15:33.7735085Z   Python3_ROOT_DIR: /opt/hostedtoolcache/Python/3.12.14/x64
2026-10-03T06:15:33.7735520Z   LD_LIBRARY_PATH: /opt/hostedtoolcache/Python/3.12.14/x64/lib
2026-10-03T06:15:33.7735885Z ##[endgroup]
2026-10-03T06:15:33.8905189Z Downloading https://services.gradle.org/distributions/gradle-8.10.2-bin.zip
2026-10-03T06:15:35.5620895Z .............10%.............20%.............30%.............40%.............50%.............60%.............70%.............80%.............90%.............100%
2026-10-03T06:15:36.7706938Z 
2026-10-03T06:15:36.7709671Z Welcome to Gradle 8.10.2!
2026-10-03T06:15:36.7710536Z 
2026-10-03T06:15:36.7712169Z Here are the highlights of this release:
2026-10-03T06:15:36.7712855Z  - Support for Java 23
2026-10-03T06:15:36.7719851Z  - Faster configuration cache
2026-10-03T06:15:36.7721231Z  - Better configuration cache reports
2026-10-03T06:15:36.7722175Z 
2026-10-03T06:15:36.7723207Z For more details see https://docs.gradle.org/8.10.2/release-notes.html
2026-10-03T06:15:36.7723852Z 
2026-10-03T06:15:36.9725343Z Starting a Gradle Daemon (subsequent builds will be faster)
2026-10-03T06:16:35.4777637Z > Task :app:checkKotlinGradlePluginConfigurationErrors SKIPPED
2026-10-03T06:16:35.4782607Z > Task :app:preBuild UP-TO-DATE
2026-10-03T06:16:35.4783237Z > Task :app:preDebugBuild UP-TO-DATE
2026-10-03T06:16:35.5697246Z > Task :app:generateDebugBuildConfig
2026-10-03T06:16:44.9727393Z > Task :app:generateDebugResValues
2026-10-03T06:16:44.9728115Z > Task :app:checkDebugAarMetadata
2026-10-03T06:16:45.1717261Z > Task :app:mapDebugSourceSetPaths
2026-10-03T06:16:45.1740767Z > Task :app:generateDebugResources
2026-10-03T06:16:46.6697299Z > Task :app:packageDebugResources
2026-10-03T06:16:47.5697710Z > Task :app:createDebugCompatibleScreenManifests
2026-10-03T06:16:47.5707750Z > Task :app:extractDeepLinksDebug
2026-10-03T06:16:47.6696819Z > Task :app:mergeDebugResources
2026-10-03T06:16:47.7727450Z > Task :app:parseDebugLocalResources
2026-10-03T06:16:47.9706065Z > Task :app:processDebugMainManifest
2026-10-03T06:16:48.0719467Z > Task :app:processDebugManifest
2026-10-03T06:16:48.1717785Z > Task :app:preDebugUnitTestBuild UP-TO-DATE
2026-10-03T06:16:48.1718948Z > Task :app:processDebugManifestForPackage
2026-10-03T06:16:48.1719818Z > Task :app:javaPreCompileDebug
2026-10-03T06:16:48.1720525Z > Task :app:javaPreCompileDebugUnitTest
2026-10-03T06:16:50.0697243Z > Task :app:processDebugResources
2026-10-03T06:17:20.0709530Z > Task :app:compileDebugKotlin
2026-10-03T06:18:00.2704116Z w: file:///home/runner/work/Private-gallery-/Private-gallery-/app/src/main/java/uk/co/traynor/privategallery/MainActivity.kt:1227:18 This declaration overrides a deprecated member but is not marked as deprecated itself. Please add the '@Deprecated' annotation or suppress the diagnostic.
2026-10-03T06:18:00.2757277Z w: file:///home/runner/work/Private-gallery-/Private-gallery-/app/src/main/java/uk/co/traynor/privategallery/MainActivity.kt:1242:15 'fun onBackPressed(): Unit' is deprecated. This method has been deprecated in favor of using the
2026-10-03T06:18:00.2759416Z       {@link OnBackPressedDispatcher} via {@link #getOnBackPressedDispatcher()}.
2026-10-03T06:18:00.2760466Z       The OnBackPressedDispatcher controls how back button events are dispatched
2026-10-03T06:18:00.2761314Z       to one or more {@link OnBackPressedCallback} objects.
2026-10-03T06:18:00.2763339Z w: file:///home/runner/work/Private-gallery-/Private-gallery-/app/src/main/java/uk/co/traynor/privategallery/MainActivity.kt:3069:83 'val Icons.Filled.ArrowBack: ImageVector' is deprecated. Use the AutoMirrored version at Icons.AutoMirrored.Filled.ArrowBack.
2026-10-03T06:18:00.2766976Z w: file:///home/runner/work/Private-gallery-/Private-gallery-/app/src/main/java/uk/co/traynor/privategallery/MainActivity.kt:3074:80 'val Icons.Filled.ArrowBack: ImageVector' is deprecated. Use the AutoMirrored version at Icons.AutoMirrored.Filled.ArrowBack.
2026-10-03T06:18:00.2770131Z w: file:///home/runner/work/Private-gallery-/Private-gallery-/app/src/main/java/uk/co/traynor/privategallery/core/browser/v2/SecureWebViewFactory.kt:43:13 'var databaseEnabled: Boolean' is deprecated. Deprecated in Java.
2026-10-03T06:18:00.2773129Z w: file:///home/runner/work/Private-gallery-/Private-gallery-/app/src/main/java/uk/co/traynor/privategallery/core/browser/v2/SecureWebViewFactory.kt:46:13 'var allowFileAccessFromFileURLs: Boolean' is deprecated. Deprecated in Java.
2026-10-03T06:18:00.2776412Z w: file:///home/runner/work/Private-gallery-/Private-gallery-/app/src/main/java/uk/co/traynor/privategallery/core/browser/v2/SecureWebViewFactory.kt:47:13 'var allowUniversalAccessFromFileURLs: Boolean' is deprecated. Deprecated in Java.
2026-10-03T06:18:00.2779904Z w: file:///home/runner/work/Private-gallery-/Private-gallery-/app/src/main/java/uk/co/traynor/privategallery/core/domain/SecondaryBiometricSlot.kt:144:17 'fun setUserAuthenticationValidityDurationSeconds(p0: Int): KeyGenParameterSpec.Builder' is deprecated. Deprecated in Java.
2026-10-03T06:18:00.2783565Z w: file:///home/runner/work/Private-gallery-/Private-gallery-/app/src/main/java/uk/co/traynor/privategallery/core/domain/SecondaryBiometricSlot.kt:166:17 'val isInsideSecureHardware: Boolean' is deprecated. Deprecated in Java.
2026-10-03T06:18:00.2803595Z w: file:///home/runner/work/Private-gallery-/Private-gallery-/app/src/main/java/uk/co/traynor/privategallery/core/security/PrimarySessionAuthority.kt:15:25 Non-public primary constructor is exposed via the generated 'copy()' method of the 'data' class.
2026-10-03T06:18:00.2805406Z 
2026-10-03T06:18:00.2805762Z The generated 'copy()' will change its visibility in future releases.
2026-10-03T06:18:00.2812041Z 
2026-10-03T06:18:00.2812291Z To suppress the warning do one of the following:
2026-10-03T06:18:00.2813053Z - Annotate the data class with the '@ConsistentCopyVisibility' annotation.
2026-10-03T06:18:00.2813948Z - Use the '-Xconsistent-data-class-copy-visibility' compiler flag.
2026-10-03T06:18:00.2814792Z - Annotate the data class with the '@ExposedCopyVisibility' annotation 
2026-10-03T06:18:00.2815605Z   (Discouraged, but can be used to keep binary compatibility).
2026-10-03T06:18:00.2816369Z 
2026-10-03T06:18:00.2817107Z To learn more, see the documentation of the '@ConsistentCopyVisibility' and '@ExposedCopyVisibility' annotations.
2026-10-03T06:18:00.2817932Z 
2026-10-03T06:18:00.2818136Z This will become an error in Kotlin 2.1.
2026-10-03T06:18:00.2820076Z w: file:///home/runner/work/Private-gallery-/Private-gallery-/app/src/main/java/uk/co/traynor/privategallery/core/security/PrimarySessionAuthority.kt:16:24 Non-public primary constructor is exposed via the generated 'copy()' method of the 'data' class.
2026-10-03T06:18:00.2821853Z 
2026-10-03T06:18:00.2822206Z The generated 'copy()' will change its visibility in future releases.
2026-10-03T06:18:00.2822717Z 
2026-10-03T06:18:00.2822962Z To suppress the warning do one of the following:
2026-10-03T06:18:00.2823727Z - Annotate the data class with the '@ConsistentCopyVisibility' annotation.
2026-10-03T06:18:00.2825116Z - Use the '-Xconsistent-data-class-copy-visibility' compiler flag.
2026-10-03T06:18:00.2826004Z - Annotate the data class with the '@ExposedCopyVisibility' annotation 
2026-10-03T06:18:00.2850847Z   (Discouraged, but can be used to keep binary compatibility).
2026-10-03T06:18:00.2851344Z 
2026-10-03T06:18:00.2851989Z To learn more, see the documentation of the '@ConsistentCopyVisibility' and '@ExposedCopyVisibility' annotations.
2026-10-03T06:18:00.2852800Z 
2026-10-03T06:18:00.2853009Z This will become an error in Kotlin 2.1.
2026-10-03T06:18:00.2854883Z w: file:///home/runner/work/Private-gallery-/Private-gallery-/app/src/main/java/uk/co/traynor/privategallery/core/security/PrimarySessionAuthority.kt:17:29 Non-public primary constructor is exposed via the generated 'copy()' method of the 'data' class.
2026-10-03T06:18:00.2867221Z 
2026-10-03T06:18:00.2867590Z The generated 'copy()' will change its visibility in future releases.
2026-10-03T06:18:00.2868128Z 
2026-10-03T06:18:00.2868363Z To suppress the warning do one of the following:
2026-10-03T06:18:00.2869122Z - Annotate the data class with the '@ConsistentCopyVisibility' annotation.
2026-10-03T06:18:00.2870017Z - Use the '-Xconsistent-data-class-copy-visibility' compiler flag.
2026-10-03T06:18:00.2870867Z - Annotate the data class with the '@ExposedCopyVisibility' annotation 
2026-10-03T06:18:00.2871684Z   (Discouraged, but can be used to keep binary compatibility).
2026-10-03T06:18:00.2872150Z 
2026-10-03T06:18:00.2872776Z To learn more, see the documentation of the '@ConsistentCopyVisibility' and '@ExposedCopyVisibility' annotations.
2026-10-03T06:18:00.2873585Z 
2026-10-03T06:18:00.2873777Z This will become an error in Kotlin 2.1.
2026-10-03T06:18:00.2875705Z w: file:///home/runner/work/Private-gallery-/Private-gallery-/app/src/main/java/uk/co/traynor/privategallery/core/security/PrimarySessionAuthority.kt:23:35 Non-public primary constructor is exposed via the generated 'copy()' method of the 'data' class.
2026-10-03T06:18:00.2877950Z 
2026-10-03T06:18:00.2878307Z The generated 'copy()' will change its visibility in future releases.
2026-10-03T06:18:00.2878809Z 
2026-10-03T06:18:00.2879044Z To suppress the warning do one of the following:
2026-10-03T06:18:00.2879795Z - Annotate the data class with the '@ConsistentCopyVisibility' annotation.
2026-10-03T06:18:00.2880670Z - Use the '-Xconsistent-data-class-copy-visibility' compiler flag.
2026-10-03T06:18:00.2881517Z - Annotate the data class with the '@ExposedCopyVisibility' annotation 
2026-10-03T06:18:00.2882338Z   (Discouraged, but can be used to keep binary compatibility).
2026-10-03T06:18:00.2882790Z 
2026-10-03T06:18:00.2883420Z To learn more, see the documentation of the '@ConsistentCopyVisibility' and '@ExposedCopyVisibility' annotations.
2026-10-03T06:18:00.2884214Z 
2026-10-03T06:18:00.2884414Z This will become an error in Kotlin 2.1.
2026-10-03T06:18:00.2886520Z w: file:///home/runner/work/Private-gallery-/Private-gallery-/app/src/main/java/uk/co/traynor/privategallery/core/security/PrimarySessionAuthority.kt:29:32 Non-public primary constructor is exposed via the generated 'copy()' method of the 'data' class.
2026-10-03T06:18:00.2888273Z 
2026-10-03T06:18:00.2888604Z The generated 'copy()' will change its visibility in future releases.
2026-10-03T06:18:00.2889105Z 
2026-10-03T06:18:00.2889335Z To suppress the warning do one of the following:
2026-10-03T06:18:00.2890075Z - Annotate the data class with the '@ConsistentCopyVisibility' annotation.
2026-10-03T06:18:00.2890932Z - Use the '-Xconsistent-data-class-copy-visibility' compiler flag.
2026-10-03T06:18:00.2891774Z - Annotate the data class with the '@ExposedCopyVisibility' annotation 
2026-10-03T06:18:00.2892614Z   (Discouraged, but can be used to keep binary compatibility).
2026-10-03T06:18:00.2893076Z 
2026-10-03T06:18:00.2893688Z To learn more, see the documentation of the '@ConsistentCopyVisibility' and '@ExposedCopyVisibility' annotations.
2026-10-03T06:18:00.2894507Z 
2026-10-03T06:18:00.2894704Z This will become an error in Kotlin 2.1.
2026-10-03T06:18:00.2946347Z w: file:///home/runner/work/Private-gallery-/Private-gallery-/app/src/main/java/uk/co/traynor/privategallery/ui/BrowserVideoFullscreen.kt:67:100 'static field FLAG_FULLSCREEN: Int' is deprecated. Deprecated in Java.
2026-10-03T06:18:00.2949225Z w: file:///home/runner/work/Private-gallery-/Private-gallery-/app/src/main/java/uk/co/traynor/privategallery/ui/BrowserVideoFullscreen.kt:68:66 'static field FLAG_FULLSCREEN: Int' is deprecated. Deprecated in Java.
2026-10-03T06:18:00.2951933Z w: file:///home/runner/work/Private-gallery-/Private-gallery-/app/src/main/java/uk/co/traynor/privategallery/ui/BrowserVideoFullscreen.kt:74:92 'static field FLAG_FULLSCREEN: Int' is deprecated. Deprecated in Java.
2026-10-03T06:18:00.2955406Z w: file:///home/runner/work/Private-gallery-/Private-gallery-/app/src/main/java/uk/co/traynor/privategallery/ui/FullscreenMediaViewer.kt:270:53 This declaration needs opt-in. Its usage should be marked with '@kotlinx.coroutines.ExperimentalCoroutinesApi' or '@OptIn(kotlinx.coroutines.ExperimentalCoroutinesApi::class)'
2026-10-03T06:18:00.2959796Z w: file:///home/runner/work/Private-gallery-/Private-gallery-/app/src/main/java/uk/co/traynor/privategallery/ui/PhotoEditor.kt:63:21 'val LocalLifecycleOwner: ProvidableCompositionLocal<LifecycleOwner>' is deprecated. Moved to lifecycle-runtime-compose library in androidx.lifecycle.compose package.
2026-10-03T06:18:00.2963878Z w: file:///home/runner/work/Private-gallery-/Private-gallery-/app/src/main/java/uk/co/traynor/privategallery/ui/PhotoEditor.kt:134:53 This declaration needs opt-in. Its usage should be marked with '@kotlinx.coroutines.ExperimentalCoroutinesApi' or '@OptIn(kotlinx.coroutines.ExperimentalCoroutinesApi::class)'
2026-10-03T06:18:00.2967814Z w: file:///home/runner/work/Private-gallery-/Private-gallery-/app/src/main/java/uk/co/traynor/privategallery/ui/PhotoEditor.kt:303:227 'val Icons.Filled.RotateRight: ImageVector' is deprecated. Use the AutoMirrored version at Icons.AutoMirrored.Filled.RotateRight.
2026-10-03T06:18:00.2970817Z w: file:///home/runner/work/Private-gallery-/Private-gallery-/app/src/main/java/uk/co/traynor/privategallery/ui/PhotoEditor.kt:327:34 Condition is always 'true'.
2026-10-03T06:18:00.2973161Z w: file:///home/runner/work/Private-gallery-/Private-gallery-/app/src/main/java/uk/co/traynor/privategallery/ui/PrivateBrowser.kt:833:13 'var databaseEnabled: Boolean' is deprecated. Deprecated in Java.
2026-10-03T06:18:00.2975833Z w: file:///home/runner/work/Private-gallery-/Private-gallery-/app/src/main/java/uk/co/traynor/privategallery/ui/PrivateBrowser.kt:836:13 'var allowFileAccessFromFileURLs: Boolean' is deprecated. Deprecated in Java.
2026-10-03T06:18:00.3049673Z w: file:///home/runner/work/Private-gallery-/Private-gallery-/app/src/main/java/uk/co/traynor/privategallery/ui/PrivateBrowser.kt:837:13 'var allowUniversalAccessFromFileURLs: Boolean' is deprecated. Deprecated in Java.
2026-10-03T06:18:00.3052859Z w: file:///home/runner/work/Private-gallery-/Private-gallery-/app/src/main/java/uk/co/traynor/privategallery/ui/PrivateBrowser.kt:972:25 'var allowFileAccessFromFileURLs: Boolean' is deprecated. Deprecated in Java.
2026-10-03T06:18:00.3055701Z w: file:///home/runner/work/Private-gallery-/Private-gallery-/app/src/main/java/uk/co/traynor/privategallery/ui/PrivateBrowser.kt:973:25 'var allowUniversalAccessFromFileURLs: Boolean' is deprecated. Deprecated in Java.
2026-10-03T06:18:00.3059076Z w: file:///home/runner/work/Private-gallery-/Private-gallery-/app/src/main/java/uk/co/traynor/privategallery/ui/PrivateVideoPlayer.kt:202:85 'val Icons.Filled.ArrowBack: ImageVector' is deprecated. Use the AutoMirrored version at Icons.AutoMirrored.Filled.ArrowBack.
2026-10-03T06:18:00.3062553Z w: file:///home/runner/work/Private-gallery-/Private-gallery-/app/src/main/java/uk/co/traynor/privategallery/ui/PrivateVideoPlayer.kt:205:125 'val Icons.Filled.VolumeOff: ImageVector' is deprecated. Use the AutoMirrored version at Icons.AutoMirrored.Filled.VolumeOff.
2026-10-03T06:18:00.3066524Z w: file:///home/runner/work/Private-gallery-/Private-gallery-/app/src/main/java/uk/co/traynor/privategallery/ui/PrivateVideoPlayer.kt:205:154 'val Icons.Filled.VolumeUp: ImageVector' is deprecated. Use the AutoMirrored version at Icons.AutoMirrored.Filled.VolumeUp.
2026-10-03T06:18:10.3695963Z 
2026-10-03T06:18:10.3737246Z > Task :app:compileDebugJavaWithJavac
2026-10-03T06:18:10.4697295Z > Task :app:processDebugJavaRes
2026-10-03T06:18:10.5695542Z > Task :app:bundleDebugClassesToRuntimeJar
2026-10-03T06:18:10.6696560Z > Task :app:bundleDebugClassesToCompileJar
2026-10-03T06:18:25.9695592Z 
2026-10-03T06:18:25.9696584Z > Task :app:compileDebugUnitTestKotlin
2026-10-03T06:18:25.9699123Z w: file:///home/runner/work/Private-gallery-/Private-gallery-/app/src/test/java/uk/co/traynor/privategallery/core/security/OriginalTerminalRetirementTest.kt:24:30 Java type mismatch: inferred type is 'kotlin.Any?', but 'kotlin.Any' was expected.
2026-10-03T06:18:25.9704423Z w: file:///home/runner/work/Private-gallery-/Private-gallery-/app/src/test/java/uk/co/traynor/privategallery/core/security/ReleaseCapacityTest.kt:428:52 Java type mismatch: inferred type is 'kotlin.Any?', but 'kotlin.Any' was expected.
2026-10-03T06:18:25.9711232Z w: file:///home/runner/work/Private-gallery-/Private-gallery-/app/src/test/java/uk/co/traynor/privategallery/core/vpn/EncryptedVpnProfileStoreTest.kt:10:20 'fun createTempDir(prefix: String = ..., suffix: String? = ..., directory: File? = ...): File' is deprecated. Avoid creating temporary directories in the default temp location with this function due to too wide permissions on the newly created directory. Use kotlin.io.path.createTempDirectory instead.
2026-10-03T06:18:25.9718955Z w: file:///home/runner/work/Private-gallery-/Private-gallery-/app/src/test/java/uk/co/traynor/privategallery/core/vpn/VpnProfileRepositoryTest.kt:10:20 'fun createTempDir(prefix: String = ..., suffix: String? = ..., directory: File? = ...): File' is deprecated. Avoid creating temporary directories in the default temp location with this function due to too wide permissions on the newly created directory. Use kotlin.io.path.createTempDirectory instead.
2026-10-03T06:18:25.9727043Z w: file:///home/runner/work/Private-gallery-/Private-gallery-/app/src/test/java/uk/co/traynor/privategallery/core/vpn/VpnProfileRepositoryTest.kt:21:20 'fun createTempDir(prefix: String = ..., suffix: String? = ..., directory: File? = ...): File' is deprecated. Avoid creating temporary directories in the default temp location with this function due to too wide permissions on the newly created directory. Use kotlin.io.path.createTempDirectory instead.
2026-10-03T06:18:25.9733157Z w: file:///home/runner/work/Private-gallery-/Private-gallery-/app/src/test/java/uk/co/traynor/privategallery/core/vpn/VpnProfileRepositoryTest.kt:35:20 'fun createTempDir(prefix: String = ..., suffix: String? = ..., directory: File? = ...): File' is deprecated. Avoid creating temporary directories in the default temp location with this function due to too wide permissions on the newly created directory. Use kotlin.io.path.createTempDirectory instead.
2026-10-03T06:18:25.9739937Z w: file:///home/runner/work/Private-gallery-/Private-gallery-/app/src/test/java/uk/co/traynor/privategallery/core/vpn/VpnProfileRepositoryTest.kt:52:20 'fun createTempDir(prefix: String = ..., suffix: String? = ..., directory: File? = ...): File' is deprecated. Avoid creating temporary directories in the default temp location with this function due to too wide permissions on the newly created directory. Use kotlin.io.path.createTempDirectory instead.
2026-10-03T06:18:26.1736828Z 
2026-10-03T06:18:26.1747359Z > Task :app:compileDebugUnitTestJavaWithJavac NO-SOURCE
2026-10-03T06:18:26.1808649Z > Task :app:processDebugUnitTestJavaRes
2026-10-03T06:18:32.8696063Z > Task :app:testDebugUnitTest
2026-10-03T06:18:32.8698579Z 
2026-10-03T06:18:32.8699049Z BUILD SUCCESSFUL in 2m 58s
2026-10-03T06:18:32.8699780Z 24 actionable tasks: 24 executed
2026-10-03T06:18:33.2430216Z ##[group]Run ./gradlew testDebugUnitTest --tests '*core.domain.*'
2026-10-03T06:18:33.2430693Z [36;1m./gradlew testDebugUnitTest --tests '*core.domain.*'[0m
2026-10-03T06:18:33.2494491Z shell: /usr/bin/bash -e {0}
2026-10-03T06:18:33.2494736Z env:
2026-10-03T06:18:33.2495037Z   JAVA_HOME: /opt/hostedtoolcache/Java_Temurin-Hotspot_jdk/17.0.20-1/x64
2026-10-03T06:18:33.2495531Z   JAVA_HOME_17_X64: /opt/hostedtoolcache/Java_Temurin-Hotspot_jdk/17.0.20-1/x64
2026-10-03T06:18:33.2495919Z   MAVEN_ARGS: -ntp
2026-10-03T06:18:33.2496517Z   pythonLocation: /opt/hostedtoolcache/Python/3.12.14/x64
2026-10-03T06:18:33.2496960Z   PKG_CONFIG_PATH: /opt/hostedtoolcache/Python/3.12.14/x64/lib/pkgconfig
2026-10-03T06:18:33.2497386Z   Python_ROOT_DIR: /opt/hostedtoolcache/Python/3.12.14/x64
2026-10-03T06:18:33.2497776Z   Python2_ROOT_DIR: /opt/hostedtoolcache/Python/3.12.14/x64
2026-10-03T06:18:33.2498178Z   Python3_ROOT_DIR: /opt/hostedtoolcache/Python/3.12.14/x64
2026-10-03T06:18:33.2498626Z   LD_LIBRARY_PATH: /opt/hostedtoolcache/Python/3.12.14/x64/lib
2026-10-03T06:18:33.2498962Z ##[endgroup]
2026-10-03T06:18:34.4414353Z > Task :app:checkKotlinGradlePluginConfigurationErrors SKIPPED
2026-10-03T06:18:34.4416595Z > Task :app:preBuild UP-TO-DATE
2026-10-03T06:18:34.4420239Z > Task :app:preDebugBuild UP-TO-DATE
2026-10-03T06:18:34.4421662Z > Task :app:generateDebugBuildConfig UP-TO-DATE
2026-10-03T06:18:34.5382212Z > Task :app:checkDebugAarMetadata UP-TO-DATE
2026-10-03T06:18:34.5468639Z > Task :app:generateDebugResValues UP-TO-DATE
2026-10-03T06:18:34.5486819Z > Task :app:mapDebugSourceSetPaths UP-TO-DATE
2026-10-03T06:18:34.5508060Z > Task :app:generateDebugResources UP-TO-DATE
2026-10-03T06:18:34.5509209Z > Task :app:mergeDebugResources UP-TO-DATE
2026-10-03T06:18:34.5510094Z > Task :app:packageDebugResources UP-TO-DATE
2026-10-03T06:18:34.6381528Z > Task :app:parseDebugLocalResources UP-TO-DATE
2026-10-03T06:18:34.6391835Z > Task :app:createDebugCompatibleScreenManifests UP-TO-DATE
2026-10-03T06:18:34.6422793Z > Task :app:extractDeepLinksDebug UP-TO-DATE
2026-10-03T06:18:34.6423956Z > Task :app:processDebugMainManifest UP-TO-DATE
2026-10-03T06:18:34.6424913Z > Task :app:processDebugManifest UP-TO-DATE
2026-10-03T06:18:34.6425819Z > Task :app:processDebugManifestForPackage UP-TO-DATE
2026-10-03T06:18:34.6427006Z > Task :app:processDebugResources UP-TO-DATE
2026-10-03T06:18:34.7381287Z > Task :app:compileDebugKotlin UP-TO-DATE
2026-10-03T06:18:34.7400203Z > Task :app:javaPreCompileDebug UP-TO-DATE
2026-10-03T06:18:34.7405900Z > Task :app:compileDebugJavaWithJavac UP-TO-DATE
2026-10-03T06:18:34.7407230Z > Task :app:bundleDebugClassesToRuntimeJar UP-TO-DATE
2026-10-03T06:18:34.7408226Z > Task :app:bundleDebugClassesToCompileJar UP-TO-DATE
2026-10-03T06:18:34.7409133Z > Task :app:compileDebugUnitTestKotlin UP-TO-DATE
2026-10-03T06:18:34.7410022Z > Task :app:preDebugUnitTestBuild UP-TO-DATE
2026-10-03T06:18:34.7410837Z > Task :app:javaPreCompileDebugUnitTest UP-TO-DATE
2026-10-03T06:18:34.7411786Z > Task :app:compileDebugUnitTestJavaWithJavac NO-SOURCE
2026-10-03T06:18:34.7412675Z > Task :app:processDebugJavaRes UP-TO-DATE
2026-10-03T06:18:34.8383123Z > Task :app:processDebugUnitTestJavaRes UP-TO-DATE
2026-10-03T06:18:36.1380106Z WARNING: A terminally deprecated method in java.lang.System has been called
2026-10-03T06:18:36.1382604Z WARNING: System::setSecurityManager has been called by uk.co.traynor.privategallery.core.domain.DomainInventoryTest (file:/home/runner/work/Private-gallery-/Private-gallery-/app/build/tmp/kotlin-classes/debugUnitTest/)
2026-10-03T06:18:36.1385631Z WARNING: Please consider reporting this to the maintainers of uk.co.traynor.privategallery.core.domain.DomainInventoryTest
2026-10-03T06:18:36.1387605Z WARNING: System::setSecurityManager will be removed in a future release
2026-10-03T06:19:04.7381831Z > Task :app:testDebugUnitTest
2026-10-03T06:22:41.3184839Z 
2026-10-03T06:22:41.3192109Z BUILD SUCCESSFUL in 4m 7s
2026-10-03T06:22:41.3194730Z 24 actionable tasks: 1 executed, 23 up-to-date
2026-10-03T06:22:41.3400366Z ##[group]Run ./gradlew testDebugUnitTest lintDebug assembleDebug assembleDebugAndroidTest --stacktrace
2026-10-03T06:22:41.3401726Z [36;1m./gradlew testDebugUnitTest lintDebug assembleDebug assembleDebugAndroidTest --stacktrace[0m
2026-10-03T06:22:41.3498170Z shell: /usr/bin/bash -e {0}
2026-10-03T06:22:41.3498634Z env:
2026-10-03T06:22:41.3499187Z   JAVA_HOME: /opt/hostedtoolcache/Java_Temurin-Hotspot_jdk/17.0.20-1/x64
2026-10-03T06:22:41.3500107Z   JAVA_HOME_17_X64: /opt/hostedtoolcache/Java_Temurin-Hotspot_jdk/17.0.20-1/x64
2026-10-03T06:22:41.3500828Z   MAVEN_ARGS: -ntp
2026-10-03T06:22:41.3501312Z   pythonLocation: /opt/hostedtoolcache/Python/3.12.14/x64
2026-10-03T06:22:41.3502047Z   PKG_CONFIG_PATH: /opt/hostedtoolcache/Python/3.12.14/x64/lib/pkgconfig
2026-10-03T06:22:41.3502801Z   Python_ROOT_DIR: /opt/hostedtoolcache/Python/3.12.14/x64
2026-10-03T06:22:41.3503498Z   Python2_ROOT_DIR: /opt/hostedtoolcache/Python/3.12.14/x64
2026-10-03T06:22:41.3504261Z   Python3_ROOT_DIR: /opt/hostedtoolcache/Python/3.12.14/x64
2026-10-03T06:22:41.3504984Z   LD_LIBRARY_PATH: /opt/hostedtoolcache/Python/3.12.14/x64/lib
2026-10-03T06:22:41.3505568Z ##[endgroup]
2026-10-03T06:22:42.9063260Z > Task :app:checkKotlinGradlePluginConfigurationErrors SKIPPED
2026-10-03T06:22:42.9081529Z > Task :app:preBuild UP-TO-DATE
2026-10-03T06:22:42.9087060Z > Task :app:preDebugBuild UP-TO-DATE
2026-10-03T06:22:42.9087952Z > Task :app:generateDebugBuildConfig UP-TO-DATE
2026-10-03T06:22:42.9992837Z > Task :app:checkDebugAarMetadata UP-TO-DATE
2026-10-03T06:22:43.0016063Z > Task :app:generateDebugResValues UP-TO-DATE
2026-10-03T06:22:43.0047218Z > Task :app:mapDebugSourceSetPaths UP-TO-DATE
2026-10-03T06:22:43.0063945Z > Task :app:generateDebugResources UP-TO-DATE
2026-10-03T06:22:43.0089502Z > Task :app:mergeDebugResources UP-TO-DATE
2026-10-03T06:22:43.0117053Z > Task :app:packageDebugResources UP-TO-DATE
2026-10-03T06:22:43.0144697Z > Task :app:parseDebugLocalResources UP-TO-DATE
2026-10-03T06:22:43.0157994Z > Task :app:createDebugCompatibleScreenManifests UP-TO-DATE
2026-10-03T06:22:43.0159640Z > Task :app:extractDeepLinksDebug UP-TO-DATE
2026-10-03T06:22:43.0172141Z > Task :app:processDebugMainManifest UP-TO-DATE
2026-10-03T06:22:43.0197105Z > Task :app:processDebugManifest UP-TO-DATE
2026-10-03T06:22:43.0208220Z > Task :app:processDebugManifestForPackage UP-TO-DATE
2026-10-03T06:22:43.0989188Z > Task :app:processDebugResources UP-TO-DATE
2026-10-03T06:22:43.1002642Z > Task :app:compileDebugKotlin UP-TO-DATE
2026-10-03T06:22:43.1005586Z > Task :app:javaPreCompileDebug UP-TO-DATE
2026-10-03T06:22:43.1010213Z > Task :app:compileDebugJavaWithJavac UP-TO-DATE
2026-10-03T06:22:43.1011114Z > Task :app:bundleDebugClassesToRuntimeJar UP-TO-DATE
2026-10-03T06:22:43.1011998Z > Task :app:bundleDebugClassesToCompileJar UP-TO-DATE
2026-10-03T06:22:43.2022218Z > Task :app:compileDebugUnitTestKotlin UP-TO-DATE
2026-10-03T06:22:43.2023260Z > Task :app:preDebugUnitTestBuild UP-TO-DATE
2026-10-03T06:22:43.2024153Z > Task :app:javaPreCompileDebugUnitTest UP-TO-DATE
2026-10-03T06:22:43.2025090Z > Task :app:compileDebugUnitTestJavaWithJavac NO-SOURCE
2026-10-03T06:22:43.2025970Z > Task :app:processDebugJavaRes UP-TO-DATE
2026-10-03T06:22:43.2027144Z > Task :app:processDebugUnitTestJavaRes UP-TO-DATE
2026-10-03T06:22:46.4987371Z WARNING: A terminally deprecated method in java.lang.System has been called
2026-10-03T06:22:46.4998220Z WARNING: System::setSecurityManager has been called by uk.co.traynor.privategallery.core.domain.DomainInventoryTest (file:/home/runner/work/Private-gallery-/Private-gallery-/app/build/tmp/kotlin-classes/debugUnitTest/)
2026-10-03T06:22:46.5029761Z WARNING: Please consider reporting this to the maintainers of uk.co.traynor.privategallery.core.domain.DomainInventoryTest
2026-10-03T06:22:46.5057141Z WARNING: System::setSecurityManager will be removed in a future release
2026-10-03T06:23:13.1987330Z > Task :app:testDebugUnitTest
2026-10-03T06:27:08.7989359Z > Task :app:preDebugAndroidTestBuild SKIPPED
2026-10-03T06:27:08.7990871Z > Task :app:generateDebugAndroidTestResValues
2026-10-03T06:27:13.6008012Z > Task :app:generateDebugAndroidTestLintModel
2026-10-03T06:27:13.6027102Z > Task :app:extractProguardFiles
2026-10-03T06:27:13.7987591Z > Task :app:generateDebugLintReportModel
2026-10-03T06:27:13.8006889Z > Task :app:generateDebugUnitTestLintModel
2026-10-03T06:27:18.8009363Z > Task :app:mergeDebugNativeDebugMetadata NO-SOURCE
2026-10-03T06:27:18.8036849Z > Task :app:mergeDebugShaders
2026-10-03T06:27:18.8056905Z > Task :app:compileDebugShaders NO-SOURCE
2026-10-03T06:27:18.8057769Z > Task :app:generateDebugAssets UP-TO-DATE
2026-10-03T06:27:18.9986983Z > Task :app:mergeDebugAssets
2026-10-03T06:27:19.0027007Z > Task :app:compressDebugAssets
2026-10-03T06:27:19.0028042Z > Task :app:desugarDebugFileDependencies
2026-10-03T06:27:43.8017272Z > Task :app:lintAnalyzeDebug
2026-10-03T06:27:48.7017504Z > Task :app:lintAnalyzeDebugAndroidTest
2026-10-03T06:27:48.7044339Z > Task :app:lintAnalyzeDebugUnitTest
2026-10-03T06:27:49.0017374Z > Task :app:dexBuilderDebug
2026-10-03T06:28:47.8007206Z > Task :app:mergeDebugGlobalSynthetics
2026-10-03T06:31:02.1005340Z > Task :app:mergeDebugJniLibFolders
2026-10-03T06:31:02.2997442Z > Task :app:checkDebugDuplicateClasses
2026-10-03T06:31:02.6986540Z > Task :app:mergeDebugNativeLibs
2026-10-03T06:31:03.7017091Z > Task :app:mergeDebugJavaResource
2026-10-03T06:31:03.8017287Z > Task :app:mergeLibDexDebug
2026-10-03T06:31:09.2016777Z 
2026-10-03T06:31:09.2097055Z > Task :app:stripDebugDebugSymbols
2026-10-03T06:31:09.2155626Z Unable to strip the following libraries, packaging them as they are: libandroidx.graphics.path.so, libwg-go.so, libwg-quick.so, libwg.so.
2026-10-03T06:31:09.3000084Z 
2026-10-03T06:31:09.3057036Z > Task :app:mergeProjectDexDebug
2026-10-03T06:31:11.5992958Z > Task :app:validateSigningDebug
2026-10-03T06:31:11.6014895Z > Task :app:writeDebugAppMetadata
2026-10-03T06:31:11.6042399Z > Task :app:writeDebugSigningConfigVersions
2026-10-03T06:31:11.8024669Z > Task :app:processDebugAndroidTestManifest
2026-10-03T06:31:11.8057176Z > Task :app:generateDebugAndroidTestBuildConfig
2026-10-03T06:31:11.8107242Z > Task :app:checkDebugAndroidTestAarMetadata
2026-10-03T06:31:11.8987091Z > Task :app:mapDebugAndroidTestSourceSetPaths
2026-10-03T06:31:11.9026771Z > Task :app:generateDebugAndroidTestResources
2026-10-03T06:31:12.2986949Z > Task :app:javaPreCompileDebugAndroidTest
2026-10-03T06:31:12.3997351Z > Task :app:mergeDebugAndroidTestShaders
2026-10-03T06:31:12.4017003Z > Task :app:compileDebugAndroidTestShaders NO-SOURCE
2026-10-03T06:31:12.4045654Z > Task :app:generateDebugAndroidTestAssets UP-TO-DATE
2026-10-03T06:31:12.4077507Z > Task :app:mergeDebugAndroidTestResources
2026-10-03T06:31:12.4124750Z > Task :app:mergeDebugAndroidTestAssets
2026-10-03T06:31:12.8986646Z > Task :app:processDebugAndroidTestResources
2026-10-03T06:31:12.9993233Z > Task :app:compressDebugAndroidTestAssets
2026-10-03T06:31:13.6015637Z > Task :app:desugarDebugAndroidTestFileDependencies
2026-10-03T06:31:23.2990476Z > Task :app:checkDebugAndroidTestDuplicateClasses
2026-10-03T06:31:23.6987198Z > Task :app:mergeExtDexDebug
2026-10-03T06:31:29.8017310Z > Task :app:mergeExtDexDebugAndroidTest
2026-10-03T06:31:29.8038495Z > Task :app:mergeLibDexDebugAndroidTest
2026-10-03T06:31:29.8107150Z > Task :app:mergeDebugAndroidTestJniLibFolders
2026-10-03T06:31:29.9037246Z > Task :app:mergeDebugAndroidTestNativeLibs NO-SOURCE
2026-10-03T06:31:29.9137181Z > Task :app:stripDebugAndroidTestDebugSymbols NO-SOURCE
2026-10-03T06:31:29.9166970Z > Task :app:validateSigningDebugAndroidTest
2026-10-03T06:31:30.0017428Z > Task :app:writeDebugAndroidTestSigningConfigVersions
2026-10-03T06:31:30.7047104Z > Task :app:packageDebug FAILED
2026-10-03T06:31:33.9989159Z 
2026-10-03T06:31:34.0037026Z > Task :app:compileDebugAndroidTestKotlin
2026-10-03T06:31:34.0068624Z w: file:///home/runner/work/Private-gallery-/Private-gallery-/app/src/androidTest/java/uk/co/traynor/privategallery/core/domain/SecondaryBiometricKeystoreTest.kt:52:30 'val isInsideSecureHardware: Boolean' is deprecated. Deprecated in Java.
2026-10-03T06:31:34.0098460Z w: file:///home/runner/work/Private-gallery-/Private-gallery-/app/src/androidTest/java/uk/co/traynor/privategallery/ui/PhotoEditorUiTest.kt:125:63 'val externalMediaDirs: (Array<File!>..Array<out File!>?)' is deprecated. Deprecated in Java.
2026-10-03T06:31:34.0158510Z w: file:///home/runner/work/Private-gallery-/Private-gallery-/app/src/androidTest/java/uk/co/traynor/privategallery/ui/ProfessionalUiTest.kt:176:59 'val externalMediaDirs: (Array<File!>..Array<out File!>?)' is deprecated. Deprecated in Java.
2026-10-03T06:31:52.5010464Z 
2026-10-03T06:31:52.5039205Z FAILURE: Build failed with an exception.
2026-10-03T06:31:52.5102396Z 
2026-10-03T06:31:52.5157204Z * What went wrong:
2026-10-03T06:31:52.5186893Z Execution failed for task ':app:packageDebug'.
2026-10-03T06:31:52.5247935Z > A failure occurred while executing com.android.build.gradle.tasks.PackageAndroidArtifact$IncrementalSplitterRunnable
2026-10-03T06:31:52.5264317Z 
2026-10-03T06:31:52.5306635Z * Try:
2026-10-03T06:31:52.5336853Z > Run with --info or --debug option to get more log output.
2026-10-03T06:31:52.5366812Z > Run with --scan to get full insights.
2026-10-03T06:31:52.5387225Z > Get more help at https://help.gradle.org.
2026-10-03T06:31:52.5396919Z 
2026-10-03T06:31:52.5397282Z * Exception is:
2026-10-03T06:31:52.5398227Z org.gradle.api.tasks.TaskExecutionException: Execution failed for task ':app:packageDebug'.
2026-10-03T06:31:52.5400024Z 	at org.gradle.api.internal.tasks.execution.ExecuteActionsTaskExecuter.lambda$executeIfValid$1(ExecuteActionsTaskExecuter.java:130)
2026-10-03T06:31:52.5401700Z 	at org.gradle.internal.Try$Failure.ifSuccessfulOrElse(Try.java:293)
2026-10-03T06:31:52.5403304Z 	at org.gradle.api.internal.tasks.execution.ExecuteActionsTaskExecuter.executeIfValid(ExecuteActionsTaskExecuter.java:128)
2026-10-03T06:31:52.5408570Z 	at org.gradle.api.internal.tasks.execution.ExecuteActionsTaskExecuter.execute(ExecuteActionsTaskExecuter.java:116)
2026-10-03T06:31:52.5411351Z 	at org.gradle.api.internal.tasks.execution.FinalizePropertiesTaskExecuter.execute(FinalizePropertiesTaskExecuter.java:46)
2026-10-03T06:31:52.5413413Z 	at org.gradle.api.internal.tasks.execution.ResolveTaskExecutionModeExecuter.execute(ResolveTaskExecutionModeExecuter.java:51)
2026-10-03T06:31:52.5415455Z 	at org.gradle.api.internal.tasks.execution.SkipTaskWithNoActionsExecuter.execute(SkipTaskWithNoActionsExecuter.java:57)
2026-10-03T06:31:52.5417674Z 	at org.gradle.api.internal.tasks.execution.SkipOnlyIfTaskExecuter.execute(SkipOnlyIfTaskExecuter.java:74)
2026-10-03T06:31:52.5419507Z 	at org.gradle.api.internal.tasks.execution.CatchExceptionTaskExecuter.execute(CatchExceptionTaskExecuter.java:36)
2026-10-03T06:31:52.5421968Z 	at org.gradle.api.internal.tasks.execution.EventFiringTaskExecuter$1.executeTask(EventFiringTaskExecuter.java:77)
2026-10-03T06:31:52.5423825Z 	at org.gradle.api.internal.tasks.execution.EventFiringTaskExecuter$1.call(EventFiringTaskExecuter.java:55)
2026-10-03T06:31:52.5425569Z 	at org.gradle.api.internal.tasks.execution.EventFiringTaskExecuter$1.call(EventFiringTaskExecuter.java:52)
2026-10-03T06:31:52.5427738Z 	at org.gradle.internal.operations.DefaultBuildOperationRunner$CallableBuildOperationWorker.execute(DefaultBuildOperationRunner.java:209)
2026-10-03T06:31:52.5429978Z 	at org.gradle.internal.operations.DefaultBuildOperationRunner$CallableBuildOperationWorker.execute(DefaultBuildOperationRunner.java:204)
2026-10-03T06:31:52.5431978Z 	at org.gradle.internal.operations.DefaultBuildOperationRunner$2.execute(DefaultBuildOperationRunner.java:66)
2026-10-03T06:31:52.5433709Z 	at org.gradle.internal.operations.DefaultBuildOperationRunner$2.execute(DefaultBuildOperationRunner.java:59)
2026-10-03T06:31:52.5435459Z 	at org.gradle.internal.operations.DefaultBuildOperationRunner.execute(DefaultBuildOperationRunner.java:166)
2026-10-03T06:31:52.5437795Z 	at org.gradle.internal.operations.DefaultBuildOperationRunner.execute(DefaultBuildOperationRunner.java:59)
2026-10-03T06:31:52.5439599Z 	at org.gradle.internal.operations.DefaultBuildOperationRunner.call(DefaultBuildOperationRunner.java:53)
2026-10-03T06:31:52.5441329Z 	at org.gradle.api.internal.tasks.execution.EventFiringTaskExecuter.execute(EventFiringTaskExecuter.java:52)
2026-10-03T06:31:52.5442934Z 	at org.gradle.execution.plan.LocalTaskNodeExecutor.execute(LocalTaskNodeExecutor.java:42)
2026-10-03T06:31:52.5444709Z 	at org.gradle.execution.taskgraph.DefaultTaskExecutionGraph$InvokeNodeExecutorsAction.execute(DefaultTaskExecutionGraph.java:331)
2026-10-03T06:31:52.5447005Z 	at org.gradle.execution.taskgraph.DefaultTaskExecutionGraph$InvokeNodeExecutorsAction.execute(DefaultTaskExecutionGraph.java:318)
2026-10-03T06:31:52.5449189Z 	at org.gradle.execution.taskgraph.DefaultTaskExecutionGraph$BuildOperationAwareExecutionAction.lambda$execute$0(DefaultTaskExecutionGraph.java:314)
2026-10-03T06:31:52.5451152Z 	at org.gradle.internal.operations.CurrentBuildOperationRef.with(CurrentBuildOperationRef.java:85)
2026-10-03T06:31:52.5453074Z 	at org.gradle.execution.taskgraph.DefaultTaskExecutionGraph$BuildOperationAwareExecutionAction.execute(DefaultTaskExecutionGraph.java:314)
2026-10-03T06:31:52.5455299Z 	at org.gradle.execution.taskgraph.DefaultTaskExecutionGraph$BuildOperationAwareExecutionAction.execute(DefaultTaskExecutionGraph.java:303)
2026-10-03T06:31:52.5457301Z 	at org.gradle.execution.plan.DefaultPlanExecutor$ExecutorWorker.execute(DefaultPlanExecutor.java:459)
2026-10-03T06:31:52.5458708Z 	at org.gradle.execution.plan.DefaultPlanExecutor$ExecutorWorker.run(DefaultPlanExecutor.java:376)
2026-10-03T06:31:52.5460239Z 	at org.gradle.internal.concurrent.ExecutorPolicy$CatchAndRecordFailures.onExecute(ExecutorPolicy.java:64)
2026-10-03T06:31:52.5461826Z 	at org.gradle.internal.concurrent.AbstractManagedExecutor$1.run(AbstractManagedExecutor.java:48)
2026-10-03T06:31:52.5464191Z Caused by: org.gradle.workers.internal.DefaultWorkerExecutor$WorkExecutionException: A failure occurred while executing com.android.build.gradle.tasks.PackageAndroidArtifact$IncrementalSplitterRunnable
2026-10-03T06:31:52.5480248Z 	at org.gradle.workers.internal.DefaultWorkerExecutor$WorkItemExecution.waitForCompletion(DefaultWorkerExecutor.java:287)
2026-10-03T06:31:52.5482003Z 	at org.gradle.internal.work.DefaultAsyncWorkTracker.lambda$waitForItemsAndGatherFailures$2(DefaultAsyncWorkTracker.java:130)
2026-10-03T06:31:52.5483275Z 	at org.gradle.internal.Factories$1.create(Factories.java:31)
2026-10-03T06:31:52.5484392Z 	at org.gradle.internal.work.DefaultWorkerLeaseService.withoutLocks(DefaultWorkerLeaseService.java:335)
2026-10-03T06:31:52.5485970Z 	at org.gradle.internal.work.DefaultWorkerLeaseService.withoutLocks(DefaultWorkerLeaseService.java:318)
2026-10-03T06:31:52.5487755Z 	at org.gradle.internal.work.DefaultWorkerLeaseService.withoutLock(DefaultWorkerLeaseService.java:323)
2026-10-03T06:31:52.5489357Z 	at org.gradle.internal.work.DefaultAsyncWorkTracker.waitForItemsAndGatherFailures(DefaultAsyncWorkTracker.java:126)
2026-10-03T06:31:52.5491138Z 	at org.gradle.internal.work.DefaultAsyncWorkTracker.lambda$waitForItemsAndGatherFailures$0(DefaultAsyncWorkTracker.java:100)
2026-10-03T06:31:52.5492429Z 	at org.gradle.internal.Factories$1.create(Factories.java:31)
2026-10-03T06:31:52.5493593Z 	at org.gradle.internal.work.DefaultWorkerLeaseService.withoutLocks(DefaultWorkerLeaseService.java:335)
2026-10-03T06:31:52.5495128Z 	at org.gradle.internal.work.DefaultWorkerLeaseService.runAsIsolatedTask(DefaultWorkerLeaseService.java:211)
2026-10-03T06:31:52.5496890Z 	at org.gradle.internal.work.DefaultWorkerLeaseService.runAsIsolatedTask(DefaultWorkerLeaseService.java:200)
2026-10-03T06:31:52.5498545Z 	at org.gradle.internal.work.DefaultAsyncWorkTracker.waitForItemsAndGatherFailures(DefaultAsyncWorkTracker.java:100)
2026-10-03T06:31:52.5500114Z 	at org.gradle.internal.work.DefaultAsyncWorkTracker.waitForAll(DefaultAsyncWorkTracker.java:78)
2026-10-03T06:31:52.5501760Z 	at org.gradle.internal.work.DefaultAsyncWorkTracker.waitForCompletion(DefaultAsyncWorkTracker.java:66)
2026-10-03T06:31:52.5503122Z 	at org.gradle.api.internal.tasks.execution.TaskExecution$3.run(TaskExecution.java:252)
2026-10-03T06:31:52.5504508Z 	at org.gradle.internal.operations.DefaultBuildOperationRunner$1.execute(DefaultBuildOperationRunner.java:29)
2026-10-03T06:31:52.5512561Z 	at org.gradle.internal.operations.DefaultBuildOperationRunner$1.execute(DefaultBuildOperationRunner.java:26)
2026-10-03T06:31:52.5514225Z 	at org.gradle.internal.operations.DefaultBuildOperationRunner$2.execute(DefaultBuildOperationRunner.java:66)
2026-10-03T06:31:52.5515798Z 	at org.gradle.internal.operations.DefaultBuildOperationRunner$2.execute(DefaultBuildOperationRunner.java:59)
2026-10-03T06:31:52.5517667Z 	at org.gradle.internal.operations.DefaultBuildOperationRunner.execute(DefaultBuildOperationRunner.java:166)
2026-10-03T06:31:52.5519244Z 	at org.gradle.internal.operations.DefaultBuildOperationRunner.execute(DefaultBuildOperationRunner.java:59)
2026-10-03T06:31:52.5520801Z 	at org.gradle.internal.operations.DefaultBuildOperationRunner.run(DefaultBuildOperationRunner.java:47)
2026-10-03T06:31:52.5522237Z 	at org.gradle.api.internal.tasks.execution.TaskExecution.executeAction(TaskExecution.java:229)
2026-10-03T06:31:52.5523595Z 	at org.gradle.api.internal.tasks.execution.TaskExecution.executeActions(TaskExecution.java:212)
2026-10-03T06:31:52.5525135Z 	at org.gradle.api.internal.tasks.execution.TaskExecution.executeWithPreviousOutputFiles(TaskExecution.java:195)
2026-10-03T06:31:52.5526894Z 	at org.gradle.api.internal.tasks.execution.TaskExecution.execute(TaskExecution.java:162)
2026-10-03T06:31:52.5528153Z 	at org.gradle.internal.execution.steps.ExecuteStep.executeInternal(ExecuteStep.java:105)
2026-10-03T06:31:52.5529362Z 	at org.gradle.internal.execution.steps.ExecuteStep.access$000(ExecuteStep.java:44)
2026-10-03T06:31:52.5530458Z 	at org.gradle.internal.execution.steps.ExecuteStep$1.call(ExecuteStep.java:59)
2026-10-03T06:31:52.5531511Z 	at org.gradle.internal.execution.steps.ExecuteStep$1.call(ExecuteStep.java:56)
2026-10-03T06:31:52.5533317Z 	at org.gradle.internal.operations.DefaultBuildOperationRunner$CallableBuildOperationWorker.execute(DefaultBuildOperationRunner.java:209)
2026-10-03T06:31:52.5535349Z 	at org.gradle.internal.operations.DefaultBuildOperationRunner$CallableBuildOperationWorker.execute(DefaultBuildOperationRunner.java:204)
2026-10-03T06:31:52.5537410Z 	at org.gradle.internal.operations.DefaultBuildOperationRunner$2.execute(DefaultBuildOperationRunner.java:66)
2026-10-03T06:31:52.5538988Z 	at org.gradle.internal.operations.DefaultBuildOperationRunner$2.execute(DefaultBuildOperationRunner.java:59)
2026-10-03T06:31:52.5540590Z 	at org.gradle.internal.operations.DefaultBuildOperationRunner.execute(DefaultBuildOperationRunner.java:166)
2026-10-03T06:31:52.5542165Z 	at org.gradle.internal.operations.DefaultBuildOperationRunner.execute(DefaultBuildOperationRunner.java:59)
2026-10-03T06:31:52.5543727Z 	at org.gradle.internal.operations.DefaultBuildOperationRunner.call(DefaultBuildOperationRunner.java:53)
2026-10-03T06:31:52.5545126Z 	at org.gradle.internal.execution.steps.ExecuteStep.execute(ExecuteStep.java:56)
2026-10-03T06:31:52.5546415Z 	at org.gradle.internal.execution.steps.ExecuteStep.execute(ExecuteStep.java:44)
2026-10-03T06:31:52.5547675Z 	at org.gradle.internal.execution.steps.CancelExecutionStep.execute(CancelExecutionStep.java:42)
2026-10-03T06:31:52.5549051Z 	at org.gradle.internal.execution.steps.TimeoutStep.executeWithoutTimeout(TimeoutStep.java:75)
2026-10-03T06:31:52.5550282Z 	at org.gradle.internal.execution.steps.TimeoutStep.execute(TimeoutStep.java:55)
2026-10-03T06:31:52.5551644Z 	at org.gradle.internal.execution.steps.PreCreateOutputParentsStep.execute(PreCreateOutputParentsStep.java:50)
2026-10-03T06:31:52.5553248Z 	at org.gradle.internal.execution.steps.PreCreateOutputParentsStep.execute(PreCreateOutputParentsStep.java:28)
2026-10-03T06:31:52.5554854Z 	at org.gradle.internal.execution.steps.RemovePreviousOutputsStep.execute(RemovePreviousOutputsStep.java:67)
2026-10-03T06:31:52.5556829Z 	at org.gradle.internal.execution.steps.RemovePreviousOutputsStep.execute(RemovePreviousOutputsStep.java:37)
2026-10-03T06:31:52.5558508Z 	at org.gradle.internal.execution.steps.BroadcastChangingOutputsStep.execute(BroadcastChangingOutputsStep.java:61)
2026-10-03T06:31:52.5560214Z 	at org.gradle.internal.execution.steps.BroadcastChangingOutputsStep.execute(BroadcastChangingOutputsStep.java:26)
2026-10-03T06:31:52.5561989Z 	at org.gradle.internal.execution.steps.CaptureOutputsAfterExecutionStep.execute(CaptureOutputsAfterExecutionStep.java:69)
2026-10-03T06:31:52.5563830Z 	at org.gradle.internal.execution.steps.CaptureOutputsAfterExecutionStep.execute(CaptureOutputsAfterExecutionStep.java:46)
2026-10-03T06:31:52.5565526Z 	at org.gradle.internal.execution.steps.ResolveInputChangesStep.execute(ResolveInputChangesStep.java:40)
2026-10-03T06:31:52.5567275Z 	at org.gradle.internal.execution.steps.ResolveInputChangesStep.execute(ResolveInputChangesStep.java:29)
2026-10-03T06:31:52.5568777Z 	at org.gradle.internal.execution.steps.BuildCacheStep.executeWithoutCache(BuildCacheStep.java:189)
2026-10-03T06:31:52.5570167Z 	at org.gradle.internal.execution.steps.BuildCacheStep.lambda$execute$1(BuildCacheStep.java:75)
2026-10-03T06:31:52.5571200Z 	at org.gradle.internal.Either$Right.fold(Either.java:175)
2026-10-03T06:31:52.5572115Z 	at org.gradle.internal.execution.caching.CachingState.fold(CachingState.java:62)
2026-10-03T06:31:52.5573277Z 	at org.gradle.internal.execution.steps.BuildCacheStep.execute(BuildCacheStep.java:73)
2026-10-03T06:31:52.5574460Z 	at org.gradle.internal.execution.steps.BuildCacheStep.execute(BuildCacheStep.java:48)
2026-10-03T06:31:52.5575814Z 	at org.gradle.internal.execution.steps.StoreExecutionStateStep.execute(StoreExecutionStateStep.java:46)
2026-10-03T06:31:52.5577515Z 	at org.gradle.internal.execution.steps.StoreExecutionStateStep.execute(StoreExecutionStateStep.java:35)
2026-10-03T06:31:52.5578946Z 	at org.gradle.internal.execution.steps.SkipUpToDateStep.executeBecause(SkipUpToDateStep.java:75)
2026-10-03T06:31:52.5580523Z 	at org.gradle.internal.execution.steps.SkipUpToDateStep.lambda$execute$2(SkipUpToDateStep.java:53)
2026-10-03T06:31:52.5581814Z 	at org.gradle.internal.execution.steps.SkipUpToDateStep.execute(SkipUpToDateStep.java:53)
2026-10-03T06:31:52.5583036Z 	at org.gradle.internal.execution.steps.SkipUpToDateStep.execute(SkipUpToDateStep.java:35)
2026-10-03T06:31:52.5584643Z 	at org.gradle.internal.execution.steps.legacy.MarkSnapshottingInputsFinishedStep.execute(MarkSnapshottingInputsFinishedStep.java:37)
2026-10-03T06:31:52.5586915Z 	at org.gradle.internal.execution.steps.legacy.MarkSnapshottingInputsFinishedStep.execute(MarkSnapshottingInputsFinishedStep.java:27)
2026-10-03T06:31:52.5588951Z 	at org.gradle.internal.execution.steps.ResolveIncrementalCachingStateStep.executeDelegate(ResolveIncrementalCachingStateStep.java:49)
2026-10-03T06:31:52.5590988Z 	at org.gradle.internal.execution.steps.ResolveIncrementalCachingStateStep.executeDelegate(ResolveIncrementalCachingStateStep.java:27)
2026-10-03T06:31:52.5592906Z 	at org.gradle.internal.execution.steps.AbstractResolveCachingStateStep.execute(AbstractResolveCachingStateStep.java:71)
2026-10-03T06:31:52.5594662Z 	at org.gradle.internal.execution.steps.AbstractResolveCachingStateStep.execute(AbstractResolveCachingStateStep.java:39)
2026-10-03T06:31:52.5596387Z 	at org.gradle.internal.execution.steps.ResolveChangesStep.execute(ResolveChangesStep.java:65)
2026-10-03T06:31:52.5597694Z 	at org.gradle.internal.execution.steps.ResolveChangesStep.execute(ResolveChangesStep.java:36)
2026-10-03T06:31:52.5598890Z 	at org.gradle.internal.execution.steps.ValidateStep.execute(ValidateStep.java:107)
2026-10-03T06:31:52.5600003Z 	at org.gradle.internal.execution.steps.ValidateStep.execute(ValidateStep.java:56)
2026-10-03T06:31:52.5601266Z 	at org.gradle.internal.execution.steps.AbstractCaptureStateBeforeExecutionStep.execute(AbstractCaptureStateBeforeExecutionStep.java:64)
2026-10-03T06:31:52.5602560Z 	at org.gradle.internal.execution.steps.AbstractCaptureStateBeforeExecutionStep.execute(AbstractCaptureStateBeforeExecutionStep.java:43)
2026-10-03T06:31:52.5604388Z 	at org.gradle.internal.execution.steps.AbstractSkipEmptyWorkStep.executeWithNonEmptySources(AbstractSkipEmptyWorkStep.java:125)
2026-10-03T06:31:52.5606311Z 	at org.gradle.internal.execution.steps.AbstractSkipEmptyWorkStep.execute(AbstractSkipEmptyWorkStep.java:56)
2026-10-03T06:31:52.5607849Z 	at org.gradle.internal.execution.steps.AbstractSkipEmptyWorkStep.execute(AbstractSkipEmptyWorkStep.java:36)
2026-10-03T06:31:52.5609599Z 	at org.gradle.internal.execution.steps.legacy.MarkSnapshottingInputsStartedStep.execute(MarkSnapshottingInputsStartedStep.java:38)
2026-10-03T06:31:52.5611442Z 	at org.gradle.internal.execution.steps.LoadPreviousExecutionStateStep.execute(LoadPreviousExecutionStateStep.java:36)
2026-10-03T06:31:52.5613104Z 	at org.gradle.internal.execution.steps.LoadPreviousExecutionStateStep.execute(LoadPreviousExecutionStateStep.java:23)
2026-10-03T06:31:52.5614691Z 	at org.gradle.internal.execution.steps.HandleStaleOutputsStep.execute(HandleStaleOutputsStep.java:75)
2026-10-03T06:31:52.5616254Z 	at org.gradle.internal.execution.steps.HandleStaleOutputsStep.execute(HandleStaleOutputsStep.java:41)
2026-10-03T06:31:52.5617775Z 	at org.gradle.internal.execution.steps.AssignMutableWorkspaceStep.lambda$execute$0(AssignMutableWorkspaceStep.java:35)
2026-10-03T06:31:52.5619231Z 	at org.gradle.api.internal.tasks.execution.TaskExecution$4.withWorkspace(TaskExecution.java:289)
2026-10-03T06:31:52.5620676Z 	at org.gradle.internal.execution.steps.AssignMutableWorkspaceStep.execute(AssignMutableWorkspaceStep.java:31)
2026-10-03T06:31:52.5622267Z 	at org.gradle.internal.execution.steps.AssignMutableWorkspaceStep.execute(AssignMutableWorkspaceStep.java:22)
2026-10-03T06:31:52.5623707Z 	at org.gradle.internal.execution.steps.ChoosePipelineStep.execute(ChoosePipelineStep.java:40)
2026-10-03T06:31:52.5625022Z 	at org.gradle.internal.execution.steps.ChoosePipelineStep.execute(ChoosePipelineStep.java:23)
2026-10-03T06:31:52.5627270Z 	at org.gradle.internal.execution.steps.ExecuteWorkBuildOperationFiringStep.lambda$execute$2(ExecuteWorkBuildOperationFiringStep.java:67)
2026-10-03T06:31:52.5629205Z 	at org.gradle.internal.execution.steps.ExecuteWorkBuildOperationFiringStep.execute(ExecuteWorkBuildOperationFiringStep.java:67)
2026-10-03T06:31:52.5631125Z 	at org.gradle.internal.execution.steps.ExecuteWorkBuildOperationFiringStep.execute(ExecuteWorkBuildOperationFiringStep.java:39)
2026-10-03T06:31:52.5632722Z 	at org.gradle.internal.execution.steps.IdentityCacheStep.execute(IdentityCacheStep.java:46)
2026-10-03T06:31:52.5634019Z 	at org.gradle.internal.execution.steps.IdentityCacheStep.execute(IdentityCacheStep.java:34)
2026-10-03T06:31:52.5635175Z 	at org.gradle.internal.execution.steps.IdentifyStep.execute(IdentifyStep.java:48)
2026-10-03T06:31:52.5636476Z 	at org.gradle.internal.execution.steps.IdentifyStep.execute(IdentifyStep.java:35)
2026-10-03T06:31:52.5637737Z 	at org.gradle.internal.execution.impl.DefaultExecutionEngine$1.execute(DefaultExecutionEngine.java:61)
2026-10-03T06:31:52.5639353Z 	at org.gradle.api.internal.tasks.execution.ExecuteActionsTaskExecuter.executeIfValid(ExecuteActionsTaskExecuter.java:127)
2026-10-03T06:31:52.5641113Z 	at org.gradle.api.internal.tasks.execution.ExecuteActionsTaskExecuter.execute(ExecuteActionsTaskExecuter.java:116)
2026-10-03T06:31:52.5642834Z 	at org.gradle.api.internal.tasks.execution.FinalizePropertiesTaskExecuter.execute(FinalizePropertiesTaskExecuter.java:46)
2026-10-03T06:31:52.5644656Z 	at org.gradle.api.internal.tasks.execution.ResolveTaskExecutionModeExecuter.execute(ResolveTaskExecutionModeExecuter.java:51)
2026-10-03T06:31:52.5646690Z 	at org.gradle.api.internal.tasks.execution.SkipTaskWithNoActionsExecuter.execute(SkipTaskWithNoActionsExecuter.java:57)
2026-10-03T06:31:52.5648337Z 	at org.gradle.api.internal.tasks.execution.SkipOnlyIfTaskExecuter.execute(SkipOnlyIfTaskExecuter.java:74)
2026-10-03T06:31:52.5650444Z 	at org.gradle.api.internal.tasks.execution.CatchExceptionTaskExecuter.execute(CatchExceptionTaskExecuter.java:36)
2026-10-03T06:31:52.5651985Z 	at org.gradle.api.internal.tasks.execution.EventFiringTaskExecuter$1.executeTask(EventFiringTaskExecuter.java:77)
2026-10-03T06:31:52.5652825Z 	at org.gradle.api.internal.tasks.execution.EventFiringTaskExecuter$1.call(EventFiringTaskExecuter.java:55)
2026-10-03T06:31:52.5653643Z 	at org.gradle.api.internal.tasks.execution.EventFiringTaskExecuter$1.call(EventFiringTaskExecuter.java:52)
2026-10-03T06:31:52.5654586Z 	at org.gradle.internal.operations.DefaultBuildOperationRunner$CallableBuildOperationWorker.execute(DefaultBuildOperationRunner.java:209)
2026-10-03T06:31:52.5655655Z 	at org.gradle.internal.operations.DefaultBuildOperationRunner$CallableBuildOperationWorker.execute(DefaultBuildOperationRunner.java:204)
2026-10-03T06:31:52.5656883Z 	at org.gradle.internal.operations.DefaultBuildOperationRunner$2.execute(DefaultBuildOperationRunner.java:66)
2026-10-03T06:31:52.5657721Z 	at org.gradle.internal.operations.DefaultBuildOperationRunner$2.execute(DefaultBuildOperationRunner.java:59)
2026-10-03T06:31:52.5658544Z 	at org.gradle.internal.operations.DefaultBuildOperationRunner.execute(DefaultBuildOperationRunner.java:166)
2026-10-03T06:31:52.5659357Z 	at org.gradle.internal.operations.DefaultBuildOperationRunner.execute(DefaultBuildOperationRunner.java:59)
2026-10-03T06:31:52.5660589Z 	at org.gradle.internal.operations.DefaultBuildOperationRunner.call(DefaultBuildOperationRunner.java:53)
2026-10-03T06:31:52.5661966Z 	at org.gradle.api.internal.tasks.execution.EventFiringTaskExecuter.execute(EventFiringTaskExecuter.java:52)
2026-10-03T06:31:52.5663252Z 	at org.gradle.execution.plan.LocalTaskNodeExecutor.execute(LocalTaskNodeExecutor.java:42)
2026-10-03T06:31:52.5664726Z 	at org.gradle.execution.taskgraph.DefaultTaskExecutionGraph$InvokeNodeExecutorsAction.execute(DefaultTaskExecutionGraph.java:331)
2026-10-03T06:31:52.5666708Z 	at org.gradle.execution.taskgraph.DefaultTaskExecutionGraph$InvokeNodeExecutorsAction.execute(DefaultTaskExecutionGraph.java:318)
2026-10-03T06:31:52.5668977Z 	at org.gradle.execution.taskgraph.DefaultTaskExecutionGraph$BuildOperationAwareExecutionAction.lambda$execute$0(DefaultTaskExecutionGraph.java:314)
2026-10-03T06:31:52.5670753Z 	at org.gradle.internal.operations.CurrentBuildOperationRef.with(CurrentBuildOperationRef.java:85)
2026-10-03T06:31:52.5672427Z 	at org.gradle.execution.taskgraph.DefaultTaskExecutionGraph$BuildOperationAwareExecutionAction.execute(DefaultTaskExecutionGraph.java:314)
2026-10-03T06:31:52.5674272Z 	at org.gradle.execution.taskgraph.DefaultTaskExecutionGraph$BuildOperationAwareExecutionAction.execute(DefaultTaskExecutionGraph.java:303)
2026-10-03T06:31:52.5676023Z 	at org.gradle.execution.plan.DefaultPlanExecutor$ExecutorWorker.execute(DefaultPlanExecutor.java:459)
2026-10-03T06:31:52.5681960Z 	at org.gradle.execution.plan.DefaultPlanExecutor$ExecutorWorker.run(DefaultPlanExecutor.java:376)
2026-10-03T06:31:52.5683476Z 	at org.gradle.internal.concurrent.ExecutorPolicy$CatchAndRecordFailures.onExecute(ExecutorPolicy.java:64)
2026-10-03T06:31:52.5684999Z 	at org.gradle.internal.concurrent.AbstractManagedExecutor$1.run(AbstractManagedExecutor.java:48)
2026-10-03T06:31:52.5686011Z Caused by: java.lang.OutOfMemoryError
2026-10-03T06:31:52.5687210Z 	at java.base/jdk.internal.reflect.NativeConstructorAccessorImpl.newInstance0(Native Method)
2026-10-03T06:31:52.5688670Z 	at java.base/jdk.internal.reflect.NativeConstructorAccessorImpl.newInstance(NativeConstructorAccessorImpl.java:77)
2026-10-03T06:31:52.5690355Z 	at java.base/jdk.internal.reflect.DelegatingConstructorAccessorImpl.newInstance(DelegatingConstructorAccessorImpl.java:45)
2026-10-03T06:31:52.5691784Z 	at com.android.builder.internal.packaging.ApkFlinger.close(ApkFlinger.kt:246)
2026-10-03T06:31:52.5692682Z 	at com.google.common.io.Closer.close(Closer.java:218)
2026-10-03T06:31:52.5693671Z 	at com.android.builder.internal.packaging.IncrementalPackager.close(IncrementalPackager.java:538)
2026-10-03T06:31:52.5695070Z 	at kotlin.io.CloseableKt.closeFinally(Closeable.kt:56)
2026-10-03T06:31:52.5696358Z 	at com.android.build.gradle.tasks.PackageAndroidArtifact$Companion.doTask(PackageAndroidArtifact.kt:1119)
2026-10-03T06:31:52.5697807Z 	at com.android.build.gradle.tasks.PackageAndroidArtifact$Companion.access$doTask(PackageAndroidArtifact.kt:923)
2026-10-03T06:31:52.5699451Z 	at com.android.build.gradle.tasks.PackageAndroidArtifact$IncrementalSplitterRunnable.doExecute(PackageAndroidArtifact.kt:523)
2026-10-03T06:31:52.5701113Z 	at com.android.build.gradle.internal.workeractions.WorkActionAdapter.execute(WorkActionAdapter.kt:38)
2026-10-03T06:31:52.5702480Z 	at org.gradle.workers.internal.DefaultWorkerServer.execute(DefaultWorkerServer.java:63)
2026-10-03T06:31:52.5703760Z 	at org.gradle.workers.internal.NoIsolationWorkerFactory$1$1.create(NoIsolationWorkerFactory.java:66)
2026-10-03T06:31:52.5705103Z 	at org.gradle.workers.internal.NoIsolationWorkerFactory$1$1.create(NoIsolationWorkerFactory.java:62)
2026-10-03T06:31:52.5706801Z 	at org.gradle.internal.classloader.ClassLoaderUtils.executeInClassloader(ClassLoaderUtils.java:100)
2026-10-03T06:31:52.5708309Z 	at org.gradle.workers.internal.NoIsolationWorkerFactory$1.lambda$execute$0(NoIsolationWorkerFactory.java:62)
2026-10-03T06:31:52.5709561Z 	at org.gradle.workers.internal.AbstractWorker$1.call(AbstractWorker.java:44)
2026-10-03T06:31:52.5710580Z 	at org.gradle.workers.internal.AbstractWorker$1.call(AbstractWorker.java:41)
2026-10-03T06:31:52.5712050Z 	at org.gradle.internal.operations.DefaultBuildOperationRunner$CallableBuildOperationWorker.execute(DefaultBuildOperationRunner.java:209)
2026-10-03T06:31:52.5997966Z 	at org.gradle.internal.operations.DefaultBuildOperationRunner$CallableBuildOperationWorker.execute(DefaultBuildOperationRunner.java:204)
2026-10-03T06:31:52.5999445Z 69 actionable tasks: 46 executed, 23 up-to-date
2026-10-03T06:31:52.6027376Z 	at org.gradle.internal.operations.DefaultBuildOperationRunner$2.execute(DefaultBuildOperationRunner.java:66)
2026-10-03T06:31:52.6029705Z 	at org.gradle.internal.operations.DefaultBuildOperationRunner$2.execute(DefaultBuildOperationRunner.java:59)
2026-10-03T06:31:52.6047642Z 	at org.gradle.internal.operations.DefaultBuildOperationRunner.execute(DefaultBuildOperationRunner.java:166)
2026-10-03T06:31:52.6049417Z 	at org.gradle.internal.operations.DefaultBuildOperationRunner.execute(DefaultBuildOperationRunner.java:59)
2026-10-03T06:31:52.6051123Z 	at org.gradle.internal.operations.DefaultBuildOperationRunner.call(DefaultBuildOperationRunner.java:53)
2026-10-03T06:31:52.6052746Z 	at org.gradle.workers.internal.AbstractWorker.executeWrappedInBuildOperation(AbstractWorker.java:41)
2026-10-03T06:31:52.6054295Z 	at org.gradle.workers.internal.NoIsolationWorkerFactory$1.execute(NoIsolationWorkerFactory.java:59)
2026-10-03T06:31:52.6055831Z 	at org.gradle.workers.internal.DefaultWorkerExecutor.lambda$submitWork$0(DefaultWorkerExecutor.java:174)
2026-10-03T06:31:52.6057942Z 	at org.gradle.internal.work.DefaultConditionalExecutionQueue$ExecutionRunner.runExecution(DefaultConditionalExecutionQueue.java:194)
2026-10-03T06:31:52.6059937Z 	at org.gradle.internal.work.DefaultConditionalExecutionQueue$ExecutionRunner.access$700(DefaultConditionalExecutionQueue.java:127)
2026-10-03T06:31:52.6061846Z 	at org.gradle.internal.work.DefaultConditionalExecutionQueue$ExecutionRunner$1.run(DefaultConditionalExecutionQueue.java:169)
2026-10-03T06:31:52.6063209Z 	at org.gradle.internal.Factories$1.create(Factories.java:31)
2026-10-03T06:31:52.6064373Z 	at org.gradle.internal.work.DefaultWorkerLeaseService.withLocks(DefaultWorkerLeaseService.java:263)
2026-10-03T06:31:52.6065938Z 	at org.gradle.internal.work.DefaultWorkerLeaseService.runAsWorkerThread(DefaultWorkerLeaseService.java:127)
2026-10-03T06:31:52.6067892Z 	at org.gradle.internal.work.DefaultWorkerLeaseService.runAsWorkerThread(DefaultWorkerLeaseService.java:132)
2026-10-03T06:31:52.6070011Z 	at org.gradle.internal.work.DefaultConditionalExecutionQueue$ExecutionRunner.runBatch(DefaultConditionalExecutionQueue.java:164)
2026-10-03T06:31:52.6071942Z 	at org.gradle.internal.work.DefaultConditionalExecutionQueue$ExecutionRunner.run(DefaultConditionalExecutionQueue.java:133)
2026-10-03T06:31:52.6073143Z 	... 2 more
2026-10-03T06:31:52.6073674Z Caused by: java.lang.OutOfMemoryError: Java heap space
2026-10-03T06:31:52.6074803Z 	at com.android.zipflinger.NoCopyByteArrayOutputStream.<init>(NoCopyByteArrayOutputStream.java:27)
2026-10-03T06:31:52.6076037Z 	at com.android.zipflinger.Compressor.deflate(Compressor.java:35)
2026-10-03T06:31:52.6077197Z 	at com.android.zipflinger.BytesSource.build(BytesSource.java:89)
2026-10-03T06:31:52.6078259Z 	at com.android.zipflinger.BytesSource.<init>(BytesSource.java:50)
2026-10-03T06:31:52.6079140Z 	at com.android.zipflinger.Sources.from(Sources.java:50)
2026-10-03T06:31:52.6079932Z 	at com.android.zipflinger.Sources.from(Sources.java:33)
2026-10-03T06:31:52.6080945Z 	at com.android.builder.internal.packaging.ApkFlinger$writeFile$1.call(ApkFlinger.kt:208)
2026-10-03T06:31:52.6082224Z 	at com.android.builder.internal.packaging.ApkFlinger$writeFile$1.call(ApkFlinger.kt:205)
2026-10-03T06:31:52.6082995Z 
2026-10-03T06:31:52.6083101Z 
2026-10-03T06:31:52.6083367Z BUILD FAILED in 9m 11s
2026-10-03T06:31:52.6953680Z ##[error]Process completed with exit code 1.
2026-10-03T06:31:52.7040326Z ##[group]Run actions/upload-artifact@v4
2026-10-03T06:31:52.7040632Z with:
2026-10-03T06:31:52.7040924Z   name: private-gallery-debug-and-instrumentation-diagnostics
2026-10-03T06:31:52.7043526Z   path: app/build/outputs/apk/debug/app-debug.apk
app/build/outputs/apk/phase0Evidence/app-phase0Evidence.apk
app/build/outputs/apk/androidTest/phase0Evidence/app-phase0Evidence-androidTest.apk
app/build/test-results/testDebugUnitTest
app/build/test-results/testPhase0EvidenceUnitTest
app/build/reports/tests/testDebugUnitTest
app/build/reports/tests/testPhase0EvidenceUnitTest
app/build/reports/lint-results-debug.*
app/build/reports/lint-results-phase0Evidence.*
app/build/reports/androidTests/connected/debug
app/build/outputs/androidTest-results/connected/debug
app/build/acceptance-diagnostics
app/build/outputs/connected_android_test_additional_output

2026-10-03T06:31:52.7046481Z   if-no-files-found: warn
2026-10-03T06:31:52.7046712Z   compression-level: 6
2026-10-03T06:31:52.7046949Z   overwrite: false
2026-10-03T06:31:52.7047158Z   include-hidden-files: false
2026-10-03T06:31:52.7047382Z env:
2026-10-03T06:31:52.7047672Z   JAVA_HOME: /opt/hostedtoolcache/Java_Temurin-Hotspot_jdk/17.0.20-1/x64
2026-10-03T06:31:52.7048167Z   JAVA_HOME_17_X64: /opt/hostedtoolcache/Java_Temurin-Hotspot_jdk/17.0.20-1/x64
2026-10-03T06:31:52.7048542Z   MAVEN_ARGS: -ntp
2026-10-03T06:31:52.7048805Z   pythonLocation: /opt/hostedtoolcache/Python/3.12.14/x64
2026-10-03T06:31:52.7049213Z   PKG_CONFIG_PATH: /opt/hostedtoolcache/Python/3.12.14/x64/lib/pkgconfig
2026-10-03T06:31:52.7049615Z   Python_ROOT_DIR: /opt/hostedtoolcache/Python/3.12.14/x64
2026-10-03T06:31:52.7049985Z   Python2_ROOT_DIR: /opt/hostedtoolcache/Python/3.12.14/x64
2026-10-03T06:31:52.7050364Z   Python3_ROOT_DIR: /opt/hostedtoolcache/Python/3.12.14/x64
2026-10-03T06:31:52.7050734Z   LD_LIBRARY_PATH: /opt/hostedtoolcache/Python/3.12.14/x64/lib
2026-10-03T06:31:52.7051048Z ##[endgroup]
2026-10-03T06:31:52.8885236Z (node:3990) [DEP0040] DeprecationWarning: The `punycode` module is deprecated. Please use a userland alternative instead.
2026-10-03T06:31:52.8887177Z (Use `node --trace-deprecation ...` to show where the warning was created)
2026-10-03T06:31:52.9829754Z Multiple search paths detected. Calculating the least common ancestor of all paths
2026-10-03T06:31:52.9833791Z The least common ancestor is /home/runner/work/Private-gallery-/Private-gallery-/app/build. This will be the root directory of the artifact
2026-10-03T06:31:52.9835884Z With the provided path, there will be 315 files uploaded
2026-10-03T06:31:52.9837001Z Artifact name is valid!
2026-10-03T06:31:52.9837372Z Root directory input is valid!
2026-10-03T06:31:53.3953648Z Beginning upload of artifact content to blob storage
2026-10-03T06:31:53.6571796Z (node:3990) [DEP0169] DeprecationWarning: `url.parse()` behavior is not standardized and prone to errors that have security implications. Use the WHATWG URL API instead. CVEs are not issued for `url.parse()` vulnerabilities.
2026-10-03T06:31:54.1690500Z Uploaded bytes 350103
2026-10-03T06:31:54.2408717Z Finished uploading artifact content to blob storage!
2026-10-03T06:31:54.2410275Z SHA256 digest of uploaded artifact zip is aa09e74359a7f797cd88437f32bbcdb2bbc15a8b7d582c8aac181153c64a47dc
2026-10-03T06:31:54.2411723Z Finalizing artifact upload
2026-10-03T06:31:54.4951034Z Artifact private-gallery-debug-and-instrumentation-diagnostics.zip successfully finalized. Artifact ID 11266359954
2026-10-03T06:31:54.4952503Z Artifact private-gallery-debug-and-instrumentation-diagnostics has been successfully uploaded! Final size is 350103 bytes. Artifact ID is 11266359954
2026-10-03T06:31:54.4958606Z Artifact download URL: https://github.com/traynor1987/Private-gallery-/actions/runs/37102424048/artifacts/11266359954
2026-10-03T06:31:54.5165801Z Post job cleanup.
2026-10-03T06:31:54.6600260Z Post job cleanup.
2026-10-03T06:31:54.7588300Z [command]/usr/bin/git version
2026-10-03T06:31:54.7634235Z git version 2.55.0
2026-10-03T06:31:54.7675824Z Temporarily overriding HOME='/home/runner/work/_temp/46df6642-1112-4a20-9dbd-19c22679cb33' before making global git config changes
2026-10-03T06:31:54.7677656Z Adding repository directory to the temporary git global config as a safe directory
2026-10-03T06:31:54.7682376Z [command]/usr/bin/git config --global --add safe.directory /home/runner/work/Private-gallery-/Private-gallery-
2026-10-03T06:31:54.7724404Z [command]/usr/bin/git config --local --name-only --get-regexp core\.sshCommand
2026-10-03T06:31:54.7761187Z [command]/usr/bin/git submodule foreach --recursive sh -c "git config --local --name-only --get-regexp 'core\.sshCommand' && git config --local --unset-all 'core.sshCommand' || :"
2026-10-03T06:31:54.8017532Z [command]/usr/bin/git config --local --name-only --get-regexp http\.https\:\/\/github\.com\/\.extraheader
2026-10-03T06:31:54.8044800Z http.https://github.com/.extraheader
2026-10-03T06:31:54.8058989Z [command]/usr/bin/git config --local --unset-all http.https://github.com/.extraheader
2026-10-03T06:31:54.8097263Z [command]/usr/bin/git submodule foreach --recursive sh -c "git config --local --name-only --get-regexp 'http\.https\:\/\/github\.com\/\.extraheader' && git config --local --unset-all 'http.https://github.com/.extraheader' || :"
2026-10-03T06:31:54.8365059Z [command]/usr/bin/git config --local --name-only --get-regexp ^includeIf\.gitdir:
2026-10-03T06:31:54.8403216Z [command]/usr/bin/git submodule foreach --recursive git config --local --show-origin --name-only --get-regexp remote.origin.url
2026-10-03T06:31:54.8813022Z Cleaning up orphan processes
2026-10-03T06:31:54.9210279Z Terminate orphan process: pid (2623) (java)
2026-10-03T06:31:54.9248888Z Terminate orphan process: pid (2775) (java)
2026-10-03T06:31:54.9383097Z ##[warning]Node.js 20 is deprecated. The following actions target Node.js 20 but are being forced to run on Node.js 24: actions/checkout@v4, actions/setup-python@v5, actions/upload-artifact@v4. For more information see: https://github.blog/changelog/2025-09-19-deprecation-of-node-20-on-github-actions-runners/

