To honour the JVM settings for this build a single-use Daemon process will be forked. For more on this, please refer to https://docs.gradle.org/8.10.2/userguide/gradle_daemon.html#sec:disabling_the_daemon in the Gradle documentation.
Daemon will be stopped at the end of the build 

> Task :app:dependencyInsight
org.jetbrains.kotlinx:kotlinx-coroutines-core:1.7.3 (by constraint)
  Variant jvmRuntimeElements-published:
    | Attribute Name                                  | Provided     | Requested    |
    |-------------------------------------------------|--------------|--------------|
    | org.gradle.libraryelements                      | jar          |              |
    | org.gradle.status                               | release      |              |
    | org.gradle.category                             | library      | library      |
    | org.gradle.usage                                | java-runtime | java-runtime |
    | org.jetbrains.kotlin.platform.type              | jvm          | androidJvm   |
    | com.android.build.api.attributes.AgpVersionAttr |              | 8.7.3        |
    | com.android.build.api.attributes.BuildTypeAttr  |              | debug        |
    | org.gradle.jvm.environment                      |              | android      |

org.jetbrains.kotlinx:kotlinx-coroutines-core:1.7.3
+--- androidx.activity:activity:1.10.0
|    +--- androidx.biometric:biometric:1.1.0 (requested androidx.activity:activity:1.1.0)
|    |    \--- project :app
|    |         \--- project :app (*)
|    +--- androidx.fragment:fragment:1.8.6 (requested androidx.activity:activity:1.8.1)
|    |    +--- androidx.biometric:biometric:1.1.0 (requested androidx.fragment:fragment:1.2.5) (*)
|    |    +--- androidx.appcompat:appcompat:1.2.0 (requested androidx.fragment:fragment:1.1.0)
|    |    |    \--- androidx.biometric:biometric:1.1.0 (*)
|    |    \--- androidx.fragment:fragment-ktx:1.8.6
|    |         +--- project :app (*)
|    |         \--- androidx.fragment:fragment:1.8.6 (*)
|    +--- androidx.compose.ui:ui-test-manifest:1.7.6 (requested androidx.activity:activity:1.2.1)
|    |    +--- project :app (requested androidx.compose.ui:ui-test-manifest) (*)
|    |    +--- androidx.compose:compose-bom:2024.12.01
|    |    |    \--- project :app (*)
|    |    +--- androidx.compose.ui:ui-tooling-preview-android:1.7.6
|    |    |    +--- androidx.compose:compose-bom:2024.12.01 (*)
|    |    |    \--- androidx.compose.ui:ui-tooling-preview:1.7.6
|    |    |         +--- androidx.compose:compose-bom:2024.12.01 (*)
|    |    |         +--- androidx.compose.ui:ui-tooling-data-android:1.7.6
|    |    |         |    +--- androidx.compose:compose-bom:2024.12.01 (*)
|    |    |         |    \--- androidx.compose.ui:ui-tooling-data:1.7.6
|    |    |         |         +--- androidx.compose:compose-bom:2024.12.01 (*)
|    |    |         |         +--- androidx.compose.ui:ui-tooling-preview-android:1.7.6 (*)
|    |    |         |         +--- androidx.compose.ui:ui-unit-android:1.7.6
|    |    |         |         |    +--- androidx.compose:compose-bom:2024.12.01 (*)
|    |    |         |         |    \--- androidx.compose.ui:ui-unit:1.7.6
|    |    |         |         |         +--- androidx.compose:compose-bom:2024.12.01 (*)
|    |    |         |         |         +--- androidx.compose.animation:animation-core-android:1.7.6
|    |    |         |         |         |    +--- androidx.compose:compose-bom:2024.12.01 (*)
|    |    |         |         |         |    \--- androidx.compose.animation:animation-core:1.7.6
|    |    |         |         |         |         +--- androidx.compose:compose-bom:2024.12.01 (*)
|    |    |         |         |         |         +--- androidx.compose.material3:material3-android:1.3.1 (requested androidx.compose.animation:animation-core:1.6.0)
|    |    |         |         |         |         |    +--- androidx.compose:compose-bom:2024.12.01 (*)
|    |    |         |         |         |         |    \--- androidx.compose.material3:material3:1.3.1
|    |    |         |         |         |         |         +--- project :app (requested androidx.compose.material3:material3) (*)
|    |    |         |         |         |         |         \--- androidx.compose:compose-bom:2024.12.01 (*)
|    |    |         |         |         |         +--- androidx.compose.material:material-android:1.7.6
|    |    |         |         |         |         |    +--- androidx.compose:compose-bom:2024.12.01 (*)
|    |    |         |         |         |         |    \--- androidx.compose.material:material:1.7.6
|    |    |         |         |         |         |         +--- androidx.compose:compose-bom:2024.12.01 (*)
|    |    |         |         |         |         |         \--- androidx.compose.ui:ui-tooling-android:1.7.6 (requested androidx.compose.material:material:1.0.0)
|    |    |         |         |         |         |              +--- androidx.compose:compose-bom:2024.12.01 (*)
|    |    |         |         |         |         |              \--- androidx.compose.ui:ui-tooling:1.7.6
|    |    |         |         |         |         |                   +--- project :app (requested androidx.compose.ui:ui-tooling) (*)
|    |    |         |         |         |         |                   +--- androidx.compose:compose-bom:2024.12.01 (*)
|    |    |         |         |         |         |                   +--- androidx.compose.ui:ui-tooling-preview-android:1.7.6 (*)
|    |    |         |         |         |         |                   +--- androidx.compose.ui:ui-tooling-data-android:1.7.6 (*)
|    |    |         |         |         |         |                   +--- androidx.compose.ui:ui-unit-android:1.7.6 (*)
|    |    |         |         |         |         |                   +--- androidx.compose.ui:ui-graphics-android:1.7.6
|    |    |         |         |         |         |                   |    +--- androidx.compose:compose-bom:2024.12.01 (*)
|    |    |         |         |         |         |                   |    \--- androidx.compose.ui:ui-graphics:1.7.6
|    |    |         |         |         |         |                   |         +--- androidx.compose:compose-bom:2024.12.01 (*)
|    |    |         |         |         |         |                   |         +--- androidx.compose.animation:animation-core-android:1.7.6 (*)
|    |    |         |         |         |         |                   |         +--- androidx.compose.ui:ui-tooling-preview-android:1.7.6 (*)
|    |    |         |         |         |         |                   |         +--- androidx.compose.ui:ui-tooling-data-android:1.7.6 (*)
|    |    |         |         |         |         |                   |         +--- androidx.compose.ui:ui-unit-android:1.7.6 (*)
|    |    |         |         |         |         |                   |         +--- androidx.compose.ui:ui-geometry-android:1.7.6
|    |    |         |         |         |         |                   |         |    +--- androidx.compose:compose-bom:2024.12.01 (*)
|    |    |         |         |         |         |                   |         |    \--- androidx.compose.ui:ui-geometry:1.7.6
|    |    |         |         |         |         |                   |         |         +--- androidx.compose:compose-bom:2024.12.01 (*)
|    |    |         |         |         |         |                   |         |         +--- androidx.compose.ui:ui-tooling-preview-android:1.7.6 (*)
|    |    |         |         |         |         |                   |         |         +--- androidx.compose.ui:ui-tooling-data-android:1.7.6 (*)
|    |    |         |         |         |         |                   |         |         +--- androidx.compose.ui:ui-unit-android:1.7.6 (*)
|    |    |         |         |         |         |                   |         |         +--- androidx.compose.ui:ui-graphics-android:1.7.6 (*)
|    |    |         |         |         |         |                   |         |         +--- androidx.compose.ui:ui-util-android:1.7.6
|    |    |         |         |         |         |                   |         |         |    +--- androidx.compose:compose-bom:2024.12.01 (*)
|    |    |         |         |         |         |                   |         |         |    \--- androidx.compose.ui:ui-util:1.7.6
|    |    |         |         |         |         |                   |         |         |         +--- androidx.compose:compose-bom:2024.12.01 (*)
|    |    |         |         |         |         |                   |         |         |         +--- androidx.compose.material3:material3-android:1.3.1 (requested androidx.compose.ui:ui-util:1.6.0) (*)
|    |    |         |         |         |         |                   |         |         |         +--- androidx.compose.material:material-android:1.7.6 (*)
|    |    |         |         |         |         |                   |         |         |         +--- androidx.compose.animation:animation-core-android:1.7.6 (*)
|    |    |         |         |         |         |                   |         |         |         +--- androidx.compose.material:material-ripple-android:1.7.6
|    |    |         |         |         |         |                   |         |         |         |    +--- androidx.compose:compose-bom:2024.12.01 (*)
|    |    |         |         |         |         |                   |         |         |         |    \--- androidx.compose.material:material-ripple:1.7.6
|    |    |         |         |         |         |                   |         |         |         |         +--- androidx.compose:compose-bom:2024.12.01 (*)
|    |    |         |         |         |         |                   |         |         |         |         +--- androidx.compose.material3:material3-android:1.3.1 (requested androidx.compose.material:material-ripple:1.7.0) (*)
|    |    |         |         |         |         |                   |         |         |         |         \--- androidx.compose.material:material-android:1.7.6 (*)
|    |    |         |         |         |         |                   |         |         |         +--- androidx.compose.ui:ui-tooling-preview-android:1.7.6 (*)
|    |    |         |         |         |         |                   |         |         |         +--- androidx.compose.ui:ui-tooling-data-android:1.7.6 (*)
|    |    |         |         |         |         |                   |         |         |         +--- androidx.compose.ui:ui-unit-android:1.7.6 (*)
|    |    |         |         |         |         |                   |         |         |         +--- androidx.compose.ui:ui-graphics-android:1.7.6 (*)
|    |    |         |         |         |         |                   |         |         |         +--- androidx.compose.ui:ui-geometry-android:1.7.6 (*)
|    |    |         |         |         |         |                   |         |         |         +--- androidx.compose.ui:ui-text-android:1.7.6
|    |    |         |         |         |         |                   |         |         |         |    +--- androidx.compose:compose-bom:2024.12.01 (*)
|    |    |         |         |         |         |                   |         |         |         |    \--- androidx.compose.ui:ui-text:1.7.6
|    |    |         |         |         |         |                   |         |         |         |         +--- androidx.compose:compose-bom:2024.12.01 (*)
|    |    |         |         |         |         |                   |         |         |         |         +--- androidx.compose.material3:material3-android:1.3.1 (requested androidx.compose.ui:ui-text:1.6.0) (*)
|    |    |         |         |         |         |                   |         |         |         |         +--- androidx.compose.material:material-android:1.7.6 (*)
|    |    |         |         |         |         |                   |         |         |         |         +--- androidx.compose.ui:ui-tooling-preview-android:1.7.6 (*)
|    |    |         |         |         |         |                   |         |         |         |         +--- androidx.compose.ui:ui-tooling-data-android:1.7.6 (*)
|    |    |         |         |         |         |                   |         |         |         |         +--- androidx.compose.ui:ui-unit-android:1.7.6 (*)
|    |    |         |         |         |         |                   |         |         |         |         +--- androidx.compose.ui:ui-graphics-android:1.7.6 (*)
|    |    |         |         |         |         |                   |         |         |         |         +--- androidx.compose.ui:ui-geometry-android:1.7.6 (*)
|    |    |         |         |         |         |                   |         |         |         |         +--- androidx.compose.ui:ui-util-android:1.7.6 (*)
|    |    |         |         |         |         |                   |         |         |         |         +--- androidx.compose.ui:ui-tooling-android:1.7.6 (*)
|    |    |         |         |         |         |                   |         |         |         |         +--- androidx.compose.foundation:foundation-android:1.7.6
|    |    |         |         |         |         |                   |         |         |         |         |    +--- androidx.compose:compose-bom:2024.12.01 (*)
|    |    |         |         |         |         |                   |         |         |         |         |    \--- androidx.compose.foundation:foundation:1.7.6
|    |    |         |         |         |         |                   |         |         |         |         |         +--- androidx.compose:compose-bom:2024.12.01 (*)
|    |    |         |         |         |         |                   |         |         |         |         |         +--- androidx.paging:paging-compose-android:3.3.6 (requested androidx.compose.foundation:foundation:1.5.0)
|    |    |         |         |         |         |                   |         |         |         |         |         |    \--- androidx.paging:paging-compose:3.3.6
|    |    |         |         |         |         |                   |         |         |         |         |         |         +--- project :app (*)
|    |    |         |         |         |         |                   |         |         |         |         |         |         +--- androidx.paging:paging-common-ktx:3.3.6
|    |    |         |         |         |         |                   |         |         |         |         |         |         |    +--- androidx.paging:paging-compose-android:3.3.6 (*)
|    |    |         |         |         |         |                   |         |         |         |         |         |         |    +--- androidx.paging:paging-common-android:3.3.6
|    |    |         |         |         |         |                   |         |         |         |         |         |         |    |    \--- androidx.paging:paging-common:3.3.6
|    |    |         |         |         |         |                   |         |         |         |         |         |         |    |         +--- androidx.paging:paging-compose-android:3.3.6 (*)
|    |    |         |         |         |         |                   |         |         |         |         |         |         |    |         +--- androidx.paging:paging-common-ktx:3.3.6 (*)
|    |    |         |         |         |         |                   |         |         |         |         |         |         |    |         +--- androidx.paging:paging-runtime-ktx:3.3.6
|    |    |         |         |         |         |                   |         |         |         |         |         |         |    |         |    +--- project :app (*)
|    |    |         |         |         |         |                   |         |         |         |         |         |         |    |         |    +--- androidx.paging:paging-compose-android:3.3.6 (*)
|    |    |         |         |         |         |                   |         |         |         |         |         |         |    |         |    \--- androidx.paging:paging-common-ktx:3.3.6 (*)
|    |    |         |         |         |         |                   |         |         |         |         |         |         |    |         \--- androidx.paging:paging-runtime:3.3.6
|    |    |         |         |         |         |                   |         |         |         |         |         |         |    |              +--- androidx.paging:paging-compose-android:3.3.6 (*)
|    |    |         |         |         |         |                   |         |         |         |         |         |         |    |              +--- androidx.paging:paging-common-android:3.3.6 (*)
|    |    |         |         |         |         |                   |         |         |         |         |         |         |    |              +--- androidx.paging:paging-common-ktx:3.3.6 (*)
|    |    |         |         |         |         |                   |         |         |         |         |         |         |    |              \--- androidx.paging:paging-runtime-ktx:3.3.6 (*)
|    |    |         |         |         |         |                   |         |         |         |         |         |         |    +--- androidx.paging:paging-runtime-ktx:3.3.6 (*)
|    |    |         |         |         |         |                   |         |         |         |         |         |         |    \--- androidx.paging:paging-runtime:3.3.6 (*)
|    |    |         |         |         |         |                   |         |         |         |         |         |         \--- androidx.paging:paging-runtime-ktx:3.3.6 (*)
|    |    |         |         |         |         |                   |         |         |         |         |         +--- androidx.compose.material3:material3-android:1.3.1 (requested androidx.compose.foundation:foundation:1.7.0) (*)
|    |    |         |         |         |         |                   |         |         |         |         |         +--- androidx.compose.material:material-android:1.7.6 (*)
|    |    |         |         |         |         |                   |         |         |         |         |         +--- androidx.compose.material:material-ripple-android:1.7.6 (*)
|    |    |         |         |         |         |                   |         |         |         |         |         +--- androidx.compose.foundation:foundation-layout-android:1.7.6
|    |    |         |         |         |         |                   |         |         |         |         |         |    +--- androidx.compose:compose-bom:2024.12.01 (*)
|    |    |         |         |         |         |                   |         |         |         |         |         |    \--- androidx.compose.foundation:foundation-layout:1.7.6
|    |    |         |         |         |         |                   |         |         |         |         |         |         +--- androidx.compose:compose-bom:2024.12.01 (*)
|    |    |         |         |         |         |                   |         |         |         |         |         |         +--- androidx.compose.material3:material3-android:1.3.1 (requested androidx.compose.foundation:foundation-layout:1.7.0) (*)
|    |    |         |         |         |         |                   |         |         |         |         |         |         +--- androidx.compose.material:material-android:1.7.6 (*)
|    |    |         |         |         |         |                   |         |         |         |         |         |         +--- androidx.compose.animation:animation-android:1.7.6
|    |    |         |         |         |         |                   |         |         |         |         |         |         |    +--- androidx.compose:compose-bom:2024.12.01 (*)
|    |    |         |         |         |         |                   |         |         |         |         |         |         |    \--- androidx.compose.animation:animation:1.7.6
|    |    |         |         |         |         |                   |         |         |         |         |         |         |         +--- androidx.compose:compose-bom:2024.12.01 (*)
|    |    |         |         |         |         |                   |         |         |         |         |         |         |         +--- androidx.compose.material:material-android:1.7.6 (*)
|    |    |         |         |         |         |                   |         |         |         |         |         |         |         +--- androidx.compose.animation:animation-core-android:1.7.6 (*)
|    |    |         |         |         |         |                   |         |         |         |         |         |         |         +--- androidx.compose.material:material-ripple-android:1.7.6 (*)
|    |    |         |         |         |         |                   |         |         |         |         |         |         |         +--- androidx.compose.ui:ui-tooling-android:1.7.6 (*)
|    |    |         |         |         |         |                   |         |         |         |         |         |         |         \--- androidx.compose.foundation:foundation-android:1.7.6 (*)
|    |    |         |         |         |         |                   |         |         |         |         |         |         \--- androidx.compose.foundation:foundation-android:1.7.6 (*)
|    |    |         |         |         |         |                   |         |         |         |         |         \--- androidx.compose.ui:ui-android:1.7.6
|    |    |         |         |         |         |                   |         |         |         |         |              +--- androidx.compose:compose-bom:2024.12.01 (*)
|    |    |         |         |         |         |                   |         |         |         |         |              \--- androidx.compose.ui:ui:1.7.6
|    |    |         |         |         |         |                   |         |         |         |         |                   +--- project :app (requested androidx.compose.ui:ui) (*)
|    |    |         |         |         |         |                   |         |         |         |         |                   +--- androidx.compose:compose-bom:2024.12.01 (*)
|    |    |         |         |         |         |                   |         |         |         |         |                   +--- androidx.compose.material3:material3-android:1.3.1 (requested androidx.compose.ui:ui:1.6.0) (*)
|    |    |         |         |         |         |                   |         |         |         |         |                   +--- androidx.compose.material:material-android:1.7.6 (*)
|    |    |         |         |         |         |                   |         |         |         |         |                   +--- androidx.compose.animation:animation-core-android:1.7.6 (*)
|    |    |         |         |         |         |                   |         |         |         |         |                   +--- androidx.compose.ui:ui-tooling-preview-android:1.7.6 (*)
|    |    |         |         |         |         |                   |         |         |         |         |                   +--- androidx.compose.ui:ui-tooling-data-android:1.7.6 (*)
|    |    |         |         |         |         |                   |         |         |         |         |                   +--- androidx.compose.ui:ui-unit-android:1.7.6 (*)
|    |    |         |         |         |         |                   |         |         |         |         |                   +--- androidx.compose.ui:ui-graphics-android:1.7.6 (*)
|    |    |         |         |         |         |                   |         |         |         |         |                   +--- androidx.compose.ui:ui-geometry-android:1.7.6 (*)
|    |    |         |         |         |         |                   |         |         |         |         |                   +--- androidx.compose.ui:ui-util-android:1.7.6 (*)
|    |    |         |         |         |         |                   |         |         |         |         |                   +--- androidx.compose.ui:ui-text-android:1.7.6 (*)
|    |    |         |         |         |         |                   |         |         |         |         |                   +--- androidx.compose.ui:ui-tooling-android:1.7.6 (*)
|    |    |         |         |         |         |                   |         |         |         |         |                   +--- androidx.compose.animation:animation-android:1.7.6 (*)
|    |    |         |         |         |         |                   |         |         |         |         |                   +--- androidx.compose.foundation:foundation-layout-android:1.7.6 (*)
|    |    |         |         |         |         |                   |         |         |         |         |                   +--- androidx.compose.foundation:foundation-android:1.7.6 (*)
|    |    |         |         |         |         |                   |         |         |         |         |                   +--- androidx.lifecycle:lifecycle-viewmodel-compose-android:2.8.7 (requested androidx.compose.ui:ui:1.6.0)
|    |    |         |         |         |         |                   |         |         |         |         |                   |    \--- androidx.lifecycle:lifecycle-viewmodel-compose:2.8.7
|    |    |         |         |         |         |                   |         |         |         |         |                   |         +--- project :app (*)
|    |    |         |         |         |         |                   |         |         |         |         |                   |         +--- androidx.lifecycle:lifecycle-process:2.8.7
|    |    |         |         |         |         |                   |         |         |         |         |                   |         |    +--- androidx.emoji2:emoji2:1.3.0 (requested androidx.lifecycle:lifecycle-process:2.4.1)
|    |    |         |         |         |         |                   |         |         |         |         |                   |         |    |    +--- androidx.compose.ui:ui-text-android:1.7.6 (requested androidx.emoji2:emoji2:1.2.0) (*)
|    |    |         |         |         |         |                   |         |         |         |         |                   |         |    |    +--- androidx.compose.foundation:foundation-android:1.7.6 (*)
|    |    |         |         |         |         |                   |         |         |         |         |                   |         |    |    \--- androidx.compose.ui:ui-android:1.7.6 (requested androidx.emoji2:emoji2:1.2.0) (*)
|    |    |         |         |         |         |                   |         |         |         |         |                   |         |    +--- androidx.lifecycle:lifecycle-runtime-compose-android:2.8.7
|    |    |         |         |         |         |                   |         |         |         |         |                   |         |    |    \--- androidx.lifecycle:lifecycle-runtime-compose:2.8.7
|    |    |         |         |         |         |                   |         |         |         |         |                   |         |    |         +--- androidx.lifecycle:lifecycle-process:2.8.7 (*)
|    |    |         |         |         |         |                   |         |         |         |         |                   |         |    |         +--- androidx.lifecycle:lifecycle-livedata:2.8.7
|    |    |         |         |         |         |                   |         |         |         |         |                   |         |    |         |    +--- androidx.loader:loader:1.0.0 (requested androidx.lifecycle:lifecycle-livedata:2.0.0)
|    |    |         |         |         |         |                   |         |         |         |         |                   |         |    |         |    |    \--- androidx.fragment:fragment:1.8.6 (*)
|    |    |         |         |         |         |                   |         |         |         |         |                   |         |    |         |    +--- androidx.lifecycle:lifecycle-process:2.8.7 (*)
|    |    |         |         |         |         |                   |         |         |         |         |                   |         |    |         |    +--- androidx.lifecycle:lifecycle-runtime-compose-android:2.8.7 (*)
|    |    |         |         |         |         |                   |         |         |         |         |                   |         |    |         |    +--- androidx.lifecycle:lifecycle-viewmodel-android:2.8.7
|    |    |         |         |         |         |                   |         |         |         |         |                   |         |    |         |    |    \--- androidx.lifecycle:lifecycle-viewmodel:2.8.7
|    |    |         |         |         |         |                   |         |         |         |         |                   |         |    |         |    |         +--- androidx.biometric:biometric:1.1.0 (requested androidx.lifecycle:lifecycle-viewmodel:2.2.0) (*)
|    |    |         |         |         |         |                   |         |         |         |         |                   |         |    |         |    |         +--- androidx.fragment:fragment:1.8.6 (requested androidx.lifecycle:lifecycle-viewmodel:2.6.1) (*)
|    |    |         |         |         |         |                   |         |         |         |         |                   |         |    |         |    |         +--- androidx.loader:loader:1.0.0 (requested androidx.lifecycle:lifecycle-viewmodel:2.0.0) (*)
|    |    |         |         |         |         |                   |         |         |         |         |                   |         |    |         |    |         +--- androidx.compose.material:material-android:1.7.6 (requested androidx.lifecycle:lifecycle-viewmodel:2.6.1) (*)
|    |    |         |         |         |         |                   |         |         |         |         |                   |         |    |         |    |         +--- androidx.lifecycle:lifecycle-process:2.8.7 (*)
|    |    |         |         |         |         |                   |         |         |         |         |                   |         |    |         |    |         +--- androidx.lifecycle:lifecycle-runtime-compose-android:2.8.7 (*)
|    |    |         |         |         |         |                   |         |         |         |         |                   |         |    |         |    |         +--- androidx.lifecycle:lifecycle-livedata:2.8.7 (*)
|    |    |         |         |         |         |                   |         |         |         |         |                   |         |    |         |    |         +--- androidx.lifecycle:lifecycle-common-jvm:2.8.7
|    |    |         |         |         |         |                   |         |         |         |         |                   |         |    |         |    |         |    \--- androidx.lifecycle:lifecycle-common:2.8.7
|    |    |         |         |         |         |                   |         |         |         |         |                   |         |    |         |    |         |         +--- androidx.compose.ui:ui-tooling-android:1.7.6 (requested androidx.lifecycle:lifecycle-common:2.6.1) (*)
|    |    |         |         |         |         |                   |         |         |         |         |                   |         |    |         |    |         |         +--- androidx.savedstate:savedstate:1.2.1 (requested androidx.lifecycle:lifecycle-common:2.6.1)
|    |    |         |         |         |         |                   |         |         |         |         |                   |         |    |         |    |         |         |    +--- androidx.fragment:fragment:1.8.6 (*)
|    |    |         |         |         |         |                   |         |         |         |         |                   |         |    |         |    |         |         |    +--- androidx.compose.material:material-android:1.7.6 (*)
|    |    |         |         |         |         |                   |         |         |         |         |                   |         |    |         |    |         |         |    +--- androidx.savedstate:savedstate-ktx:1.2.1
|    |    |         |         |         |         |                   |         |         |         |         |                   |         |    |         |    |         |         |    |    +--- androidx.fragment:fragment-ktx:1.8.6 (*)
|    |    |         |         |         |         |                   |         |         |         |         |                   |         |    |         |    |         |         |    |    +--- androidx.compose.ui:ui-tooling-android:1.7.6 (*)
|    |    |         |         |         |         |                   |         |         |         |         |                   |         |    |         |    |         |         |    |    +--- androidx.savedstate:savedstate:1.2.1 (*)
|    |    |         |         |         |         |                   |         |         |         |         |                   |         |    |         |    |         |         |    |    +--- androidx.compose.ui:ui-android:1.7.6 (*)
|    |    |         |         |         |         |                   |         |         |         |         |                   |         |    |         |    |         |         |    |    \--- androidx.activity:activity-ktx:1.10.0
|    |    |         |         |         |         |                   |         |         |         |         |                   |         |    |         |    |         |         |    |         +--- androidx.fragment:fragment-ktx:1.8.6 (requested androidx.activity:activity-ktx:1.8.1) (*)
|    |    |         |         |         |         |                   |         |         |         |         |                   |         |    |         |    |         |         |    |         +--- androidx.compose.ui:ui-android:1.7.6 (requested androidx.activity:activity-ktx:1.7.0) (*)
|    |    |         |         |         |         |                   |         |         |         |         |                   |         |    |         |    |         |         |    |         +--- androidx.activity:activity:1.10.0 (*)
|    |    |         |         |         |         |                   |         |         |         |         |                   |         |    |         |    |         |         |    |         \--- androidx.activity:activity-compose:1.10.0
|    |    |         |         |         |         |                   |         |         |         |         |                   |         |    |         |    |         |         |    |              +--- project :app (*)
|    |    |         |         |         |         |                   |         |         |         |         |                   |         |    |         |    |         |         |    |              +--- androidx.compose.material3:material3-android:1.3.1 (requested androidx.activity:activity-compose:1.8.2) (*)
|    |    |         |         |         |         |                   |         |         |         |         |                   |         |    |         |    |         |         |    |              +--- androidx.compose.ui:ui-tooling-android:1.7.6 (requested androidx.activity:activity-compose:1.7.0) (*)
|    |    |         |         |         |         |                   |         |         |         |         |                   |         |    |         |    |         |         |    |              +--- androidx.activity:activity:1.10.0 (*)
|    |    |         |         |         |         |                   |         |         |         |         |                   |         |    |         |    |         |         |    |              \--- androidx.activity:activity-ktx:1.10.0 (*)
|    |    |         |         |         |         |                   |         |         |         |         |                   |         |    |         |    |         |         |    +--- androidx.lifecycle:lifecycle-viewmodel-savedstate:2.8.7
|    |    |         |         |         |         |                   |         |         |         |         |                   |         |    |         |    |         |         |    |    +--- androidx.fragment:fragment:1.8.6 (requested androidx.lifecycle:lifecycle-viewmodel-savedstate:2.6.1) (*)
|    |    |         |         |         |         |                   |         |         |         |         |                   |         |    |         |    |         |         |    |    +--- androidx.lifecycle:lifecycle-process:2.8.7 (*)
|    |    |         |         |         |         |                   |         |         |         |         |                   |         |    |         |    |         |         |    |    +--- androidx.lifecycle:lifecycle-runtime-compose-android:2.8.7 (*)
|    |    |         |         |         |         |                   |         |         |         |         |                   |         |    |         |    |         |         |    |    +--- androidx.lifecycle:lifecycle-livedata:2.8.7 (*)
|    |    |         |         |         |         |                   |         |         |         |         |                   |         |    |         |    |         |         |    |    +--- androidx.lifecycle:lifecycle-viewmodel-android:2.8.7 (*)
|    |    |         |         |         |         |                   |         |         |         |         |                   |         |    |         |    |         |         |    |    +--- androidx.lifecycle:lifecycle-common-jvm:2.8.7 (*)
|    |    |         |         |         |         |                   |         |         |         |         |                   |         |    |         |    |         |         |    |    +--- androidx.lifecycle:lifecycle-runtime-android:2.8.7
|    |    |         |         |         |         |                   |         |         |         |         |                   |         |    |         |    |         |         |    |    |    \--- androidx.lifecycle:lifecycle-runtime:2.8.7
|    |    |         |         |         |         |                   |         |         |         |         |                   |         |    |         |    |         |         |    |    |         +--- androidx.fragment:fragment:1.8.6 (requested androidx.lifecycle:lifecycle-runtime:2.6.1) (*)
|    |    |         |         |         |         |                   |         |         |         |         |                   |         |    |         |    |         |         |    |    |         +--- androidx.compose.material:material-android:1.7.6 (requested androidx.lifecycle:lifecycle-runtime:2.6.1) (*)
|    |    |         |         |         |         |                   |         |         |         |         |                   |         |    |         |    |         |         |    |    |         +--- androidx.core:core:1.15.0 (requested androidx.lifecycle:lifecycle-runtime:2.6.2)
|    |    |         |         |         |         |                   |         |         |         |         |                   |         |    |         |    |         |         |    |    |         |    +--- androidx.biometric:biometric:1.1.0 (requested androidx.core:core:1.3.2) (*)
|    |    |         |         |         |         |                   |         |         |         |         |                   |         |    |         |    |         |         |    |    |         |    +--- androidx.appcompat:appcompat:1.2.0 (requested androidx.core:core:1.3.0) (*)
|    |    |         |         |         |         |                   |         |         |         |         |                   |         |    |         |    |         |         |    |    |         |    +--- androidx.webkit:webkit:1.12.1 (requested androidx.core:core:1.1.0)
|    |    |         |         |         |         |                   |         |         |         |         |                   |         |    |         |    |         |         |    |    |         |    |    \--- project :app (*)
|    |    |         |         |         |         |                   |         |         |         |         |                   |         |    |         |    |         |         |    |    |         |    +--- androidx.media3:media3-exoplayer:1.5.1 (requested androidx.core:core:1.8.0)
|    |    |         |         |         |         |                   |         |         |         |         |                   |         |    |         |    |         |         |    |    |         |    |    +--- project :app (*)
|    |    |         |         |         |         |                   |         |         |         |         |                   |         |    |         |    |         |         |    |    |         |    |    +--- androidx.media3:media3-transformer:1.5.1
|    |    |         |         |         |         |                   |         |         |         |         |                   |         |    |         |    |         |         |    |    |         |    |    |    +--- project :app (*)
|    |    |         |         |         |         |                   |         |         |         |         |                   |         |    |         |    |         |         |    |    |         |    |    |    \--- androidx.media3:media3-common:1.5.1
|    |    |         |         |         |         |                   |         |         |         |         |                   |         |    |         |    |         |         |    |    |         |    |    |         +--- androidx.media3:media3-ui:1.5.1
|    |    |         |         |         |         |                   |         |         |         |         |                   |         |    |         |    |         |         |    |    |         |    |    |         |    +--- project :app (*)
|    |    |         |         |         |         |                   |         |         |         |         |                   |         |    |         |    |         |         |    |    |         |    |    |         |    \--- androidx.media3:media3-common:1.5.1 (*)
|    |    |         |         |         |         |                   |         |         |         |         |                   |         |    |         |    |         |         |    |    |         |    |    |         +--- androidx.media3:media3-extractor:1.5.1
|    |    |         |         |         |         |                   |         |         |         |         |                   |         |    |         |    |         |         |    |    |         |    |    |         |    +--- androidx.media3:media3-common:1.5.1 (*)
|    |    |         |         |         |         |                   |         |         |         |         |                   |         |    |         |    |         |         |    |    |         |    |    |         |    \--- androidx.media3:media3-exoplayer:1.5.1 (*)
|    |    |         |         |         |         |                   |         |         |         |         |                   |         |    |         |    |         |         |    |    |         |    |    |         +--- androidx.media3:media3-muxer:1.5.1
|    |    |         |         |         |         |                   |         |         |         |         |                   |         |    |         |    |         |         |    |    |         |    |    |         |    +--- androidx.media3:media3-transformer:1.5.1 (*)
|    |    |         |         |         |         |                   |         |         |         |         |                   |         |    |         |    |         |         |    |    |         |    |    |         |    \--- androidx.media3:media3-common:1.5.1 (*)
|    |    |         |         |         |         |                   |         |         |         |         |                   |         |    |         |    |         |         |    |    |         |    |    |         +--- androidx.media3:media3-container:1.5.1
|    |    |         |         |         |         |                   |         |         |         |         |                   |         |    |         |    |         |         |    |    |         |    |    |         |    +--- androidx.media3:media3-transformer:1.5.1 (*)
|    |    |         |         |         |         |                   |         |         |         |         |                   |         |    |         |    |         |         |    |    |         |    |    |         |    +--- androidx.media3:media3-extractor:1.5.1 (*)
|    |    |         |         |         |         |                   |         |         |         |         |                   |         |    |         |    |         |         |    |    |         |    |    |         |    +--- androidx.media3:media3-muxer:1.5.1 (*)
|    |    |         |         |         |         |                   |         |         |         |         |                   |         |    |         |    |         |         |    |    |         |    |    |         |    +--- androidx.media3:media3-common:1.5.1 (*)
|    |    |         |         |         |         |                   |         |         |         |         |                   |         |    |         |    |         |         |    |    |         |    |    |         |    \--- androidx.media3:media3-exoplayer:1.5.1 (*)
|    |    |         |         |         |         |                   |         |         |         |         |                   |         |    |         |    |         |         |    |    |         |    |    |         +--- androidx.media3:media3-effect:1.5.1
|    |    |         |         |         |         |                   |         |         |         |         |                   |         |    |         |    |         |         |    |    |         |    |    |         |    +--- androidx.media3:media3-transformer:1.5.1 (*)
|    |    |         |         |         |         |                   |         |         |         |         |                   |         |    |         |    |         |         |    |    |         |    |    |         |    \--- androidx.media3:media3-common:1.5.1 (*)
|    |    |         |         |         |         |                   |         |         |         |         |                   |         |    |         |    |         |         |    |    |         |    |    |         +--- androidx.media3:media3-datasource:1.5.1
|    |    |         |         |         |         |                   |         |         |         |         |                   |         |    |         |    |         |         |    |    |         |    |    |         |    +--- androidx.media3:media3-transformer:1.5.1 (*)
|    |    |         |         |         |         |                   |         |         |         |         |                   |         |    |         |    |         |         |    |    |         |    |    |         |    +--- androidx.media3:media3-effect:1.5.1 (*)
|    |    |         |         |         |         |                   |         |         |         |         |                   |         |    |         |    |         |         |    |    |         |    |    |         |    +--- androidx.media3:media3-common:1.5.1 (*)
|    |    |         |         |         |         |                   |         |         |         |         |                   |         |    |         |    |         |         |    |    |         |    |    |         |    \--- androidx.media3:media3-exoplayer:1.5.1 (*)
|    |    |         |         |         |         |                   |         |         |         |         |                   |         |    |         |    |         |         |    |    |         |    |    |         +--- androidx.media3:media3-decoder:1.5.1
|    |    |         |         |         |         |                   |         |         |         |         |                   |         |    |         |    |         |         |    |    |         |    |    |         |    +--- androidx.media3:media3-extractor:1.5.1 (*)
|    |    |         |         |         |         |                   |         |         |         |         |                   |         |    |         |    |         |         |    |    |         |    |    |         |    +--- androidx.media3:media3-common:1.5.1 (*)
|    |    |         |         |         |         |                   |         |         |         |         |                   |         |    |         |    |         |         |    |    |         |    |    |         |    \--- androidx.media3:media3-exoplayer:1.5.1 (*)
|    |    |         |         |         |         |                   |         |         |         |         |                   |         |    |         |    |         |         |    |    |         |    |    |         +--- androidx.media3:media3-database:1.5.1
|    |    |         |         |         |         |                   |         |         |         |         |                   |         |    |         |    |         |         |    |    |         |    |    |         |    +--- androidx.media3:media3-datasource:1.5.1 (*)
|    |    |         |         |         |         |                   |         |         |         |         |                   |         |    |         |    |         |         |    |    |         |    |    |         |    +--- androidx.media3:media3-common:1.5.1 (*)
|    |    |         |         |         |         |                   |         |         |         |         |                   |         |    |         |    |         |         |    |    |         |    |    |         |    \--- androidx.media3:media3-exoplayer:1.5.1 (*)
|    |    |         |         |         |         |                   |         |         |         |         |                   |         |    |         |    |         |         |    |    |         |    |    |         \--- androidx.media3:media3-exoplayer:1.5.1 (*)
|    |    |         |         |         |         |                   |         |         |         |         |                   |         |    |         |    |         |         |    |    |         |    |    +--- androidx.media3:media3-common:1.5.1 (*)
|    |    |         |         |         |         |                   |         |         |         |         |                   |         |    |         |    |         |         |    |    |         |    |    +--- androidx.media3:media3-exoplayer-hls:1.5.1
|    |    |         |         |         |         |                   |         |         |         |         |                   |         |    |         |    |         |         |    |    |         |    |    |    +--- project :app (*)
|    |    |         |         |         |         |                   |         |         |         |         |                   |         |    |         |    |         |         |    |    |         |    |    |    \--- androidx.media3:media3-common:1.5.1 (*)
|    |    |         |         |         |         |                   |         |         |         |         |                   |         |    |         |    |         |         |    |    |         |    |    \--- androidx.media3:media3-exoplayer-dash:1.5.1
|    |    |         |         |         |         |                   |         |         |         |         |                   |         |    |         |    |         |         |    |    |         |    |         +--- project :app (*)
|    |    |         |         |         |         |                   |         |         |         |         |                   |         |    |         |    |         |         |    |    |         |    |         \--- androidx.media3:media3-common:1.5.1 (*)
|    |    |         |         |         |         |                   |         |         |         |         |                   |         |    |         |    |         |         |    |    |         |    +--- androidx.media:media:1.7.0 (requested androidx.core:core:1.6.0)
|    |    |         |         |         |         |                   |         |         |         |         |                   |         |    |         |    |         |         |    |    |         |    |    \--- androidx.media3:media3-ui:1.5.1 (*)
|    |    |         |         |         |         |                   |         |         |         |         |                   |         |    |         |    |         |         |    |    |         |    +--- androidx.recyclerview:recyclerview:1.3.0 (requested androidx.core:core:1.7.0)
|    |    |         |         |         |         |                   |         |         |         |         |                   |         |    |         |    |         |         |    |    |         |    |    +--- androidx.paging:paging-runtime:3.3.6 (requested androidx.recyclerview:recyclerview:1.2.1) (*)
|    |    |         |         |         |         |                   |         |         |         |         |                   |         |    |         |    |         |         |    |    |         |    |    \--- androidx.media3:media3-ui:1.5.1 (*)
|    |    |         |         |         |         |                   |         |         |         |         |                   |         |    |         |    |         |         |    |    |         |    +--- androidx.appcompat:appcompat-resources:1.2.0 (requested androidx.core:core:1.0.1)
|    |    |         |         |         |         |                   |         |         |         |         |                   |         |    |         |    |         |         |    |    |         |    |    \--- androidx.appcompat:appcompat:1.2.0 (*)
|    |    |         |         |         |         |                   |         |         |         |         |                   |         |    |         |    |         |         |    |    |         |    +--- androidx.drawerlayout:drawerlayout:1.0.0 (requested androidx.core:core:1.0.0)
|    |    |         |         |         |         |                   |         |         |         |         |                   |         |    |         |    |         |         |    |    |         |    |    \--- androidx.appcompat:appcompat:1.2.0 (*)
|    |    |         |         |         |         |                   |         |         |         |         |                   |         |    |         |    |         |         |    |    |         |    +--- androidx.loader:loader:1.0.0 (requested androidx.core:core:1.0.0) (*)
|    |    |         |         |         |         |                   |         |         |         |         |                   |         |    |         |    |         |         |    |    |         |    +--- androidx.viewpager:viewpager:1.0.0 (requested androidx.core:core:1.0.0)
|    |    |         |         |         |         |                   |         |         |         |         |                   |         |    |         |    |         |         |    |    |         |    |    \--- androidx.fragment:fragment:1.8.6 (*)
|    |    |         |         |         |         |                   |         |         |         |         |                   |         |    |         |    |         |         |    |    |         |    +--- androidx.customview:customview:1.0.0 (requested androidx.core:core:1.0.0)
|    |    |         |         |         |         |                   |         |         |         |         |                   |         |    |         |    |         |         |    |    |         |    |    +--- androidx.recyclerview:recyclerview:1.3.0 (*)
|    |    |         |         |         |         |                   |         |         |         |         |                   |         |    |         |    |         |         |    |    |         |    |    +--- androidx.drawerlayout:drawerlayout:1.0.0 (*)
|    |    |         |         |         |         |                   |         |         |         |         |                   |         |    |         |    |         |         |    |    |         |    |    \--- androidx.viewpager:viewpager:1.0.0 (*)
|    |    |         |         |         |         |                   |         |         |         |         |                   |         |    |         |    |         |         |    |    |         |    +--- androidx.autofill:autofill:1.0.0 (requested androidx.core:core:1.1.0)
|    |    |         |         |         |         |                   |         |         |         |         |                   |         |    |         |    |         |         |    |    |         |    |    \--- androidx.compose.ui:ui-android:1.7.6 (*)
|    |    |         |         |         |         |                   |         |         |         |         |                   |         |    |         |    |         |         |    |    |         |    +--- androidx.vectordrawable:vectordrawable:1.1.0 (requested androidx.core:core:1.1.0)
|    |    |         |         |         |         |                   |         |         |         |         |                   |         |    |         |    |         |         |    |    |         |    |    +--- androidx.appcompat:appcompat-resources:1.2.0 (*)
|    |    |         |         |         |         |                   |         |         |         |         |                   |         |    |         |    |         |         |    |    |         |    |    \--- androidx.vectordrawable:vectordrawable-animated:1.1.0
|    |    |         |         |         |         |                   |         |         |         |         |                   |         |    |         |    |         |         |    |    |         |    |         \--- androidx.appcompat:appcompat-resources:1.2.0 (*)
|    |    |         |         |         |         |                   |         |         |         |         |                   |         |    |         |    |         |         |    |    |         |    +--- androidx.compose.ui:ui-graphics-android:1.7.6 (requested androidx.core:core:1.12.0) (*)
|    |    |         |         |         |         |                   |         |         |         |         |                   |         |    |         |    |         |         |    |    |         |    +--- androidx.compose.ui:ui-text-android:1.7.6 (requested androidx.core:core:1.7.0) (*)
|    |    |         |         |         |         |                   |         |         |         |         |                   |         |    |         |    |         |         |    |    |         |    +--- androidx.compose.foundation:foundation-layout-android:1.7.6 (requested androidx.core:core:1.7.0) (*)
|    |    |         |         |         |         |                   |         |         |         |         |                   |         |    |         |    |         |         |    |    |         |    +--- androidx.compose.foundation:foundation-android:1.7.6 (requested androidx.core:core:1.13.1) (*)
|    |    |         |         |         |         |                   |         |         |         |         |                   |         |    |         |    |         |         |    |    |         |    +--- androidx.emoji2:emoji2:1.3.0 (requested androidx.core:core:1.3.0) (*)
|    |    |         |         |         |         |                   |         |         |         |         |                   |         |    |         |    |         |         |    |    |         |    +--- androidx.graphics:graphics-path:1.0.1 (requested androidx.core:core:1.12.0)
|    |    |         |         |         |         |                   |         |         |         |         |                   |         |    |         |    |         |         |    |    |         |    |    \--- androidx.compose.ui:ui-graphics-android:1.7.6 (*)
|    |    |         |         |         |         |                   |         |         |         |         |                   |         |    |         |    |         |         |    |    |         |    +--- androidx.compose.ui:ui-android:1.7.6 (requested androidx.core:core:1.12.0) (*)
|    |    |         |         |         |         |                   |         |         |         |         |                   |         |    |         |    |         |         |    |    |         |    \--- androidx.core:core-ktx:1.15.0
|    |    |         |         |         |         |                   |         |         |         |         |                   |         |    |         |    |         |         |    |    |         |         +--- project :app (*)
|    |    |         |         |         |         |                   |         |         |         |         |                   |         |    |         |    |         |         |    |    |         |         +--- androidx.fragment:fragment:1.8.6 (requested androidx.core:core-ktx:1.2.0) (*)
|    |    |         |         |         |         |                   |         |         |         |         |                   |         |    |         |    |         |         |    |    |         |         +--- androidx.fragment:fragment-ktx:1.8.6 (requested androidx.core:core-ktx:1.2.0) (*)
|    |    |         |         |         |         |                   |         |         |         |         |                   |         |    |         |    |         |         |    |    |         |         +--- androidx.paging:paging-runtime:3.3.6 (requested androidx.core:core-ktx:1.7.0) (*)
|    |    |         |         |         |         |                   |         |         |         |         |                   |         |    |         |    |         |         |    |    |         |         +--- androidx.core:core:1.15.0 (*)
|    |    |         |         |         |         |                   |         |         |         |         |                   |         |    |         |    |         |         |    |    |         |         +--- androidx.lifecycle:lifecycle-viewmodel-savedstate:2.8.7 (requested androidx.core:core-ktx:1.2.0) (*)
|    |    |         |         |         |         |                   |         |         |         |         |                   |         |    |         |    |         |         |    |    |         |         +--- androidx.activity:activity:1.10.0 (requested androidx.core:core-ktx:1.13.0) (*)
|    |    |         |         |         |         |                   |         |         |         |         |                   |         |    |         |    |         |         |    |    |         |         +--- androidx.activity:activity-compose:1.10.0 (requested androidx.core:core-ktx:1.13.0) (*)
|    |    |         |         |         |         |                   |         |         |         |         |                   |         |    |         |    |         |         |    |    |         |         \--- androidx.customview:customview-poolingcontainer:1.0.0 (requested androidx.core:core-ktx:1.5.0)
|    |    |         |         |         |         |                   |         |         |         |         |                   |         |    |         |    |         |         |    |    |         |              +--- androidx.recyclerview:recyclerview:1.3.0 (*)
|    |    |         |         |         |         |                   |         |         |         |         |                   |         |    |         |    |         |         |    |    |         |              \--- androidx.compose.ui:ui-android:1.7.6 (*)
|    |    |         |         |         |         |                   |         |         |         |         |                   |         |    |         |    |         |         |    |    |         +--- androidx.lifecycle:lifecycle-process:2.8.7 (*)
|    |    |         |         |         |         |                   |         |         |         |         |                   |         |    |         |    |         |         |    |    |         +--- androidx.lifecycle:lifecycle-runtime-compose-android:2.8.7 (*)
|    |    |         |         |         |         |                   |         |         |         |         |                   |         |    |         |    |         |         |    |    |         +--- androidx.lifecycle:lifecycle-livedata:2.8.7 (*)
|    |    |         |         |         |         |                   |         |         |         |         |                   |         |    |         |    |         |         |    |    |         +--- androidx.lifecycle:lifecycle-viewmodel-android:2.8.7 (*)
|    |    |         |         |         |         |                   |         |         |         |         |                   |         |    |         |    |         |         |    |    |         +--- androidx.lifecycle:lifecycle-common-jvm:2.8.7 (*)
|    |    |         |         |         |         |                   |         |         |         |         |                   |         |    |         |    |         |         |    |    |         +--- androidx.lifecycle:lifecycle-common-java8:2.8.7
|    |    |         |         |         |         |                   |         |         |         |         |                   |         |    |         |    |         |         |    |    |         |    +--- androidx.compose.material3:material3-android:1.3.1 (requested androidx.lifecycle:lifecycle-common-java8:2.6.1) (*)
|    |    |         |         |         |         |                   |         |         |         |         |                   |         |    |         |    |         |         |    |    |         |    +--- androidx.lifecycle:lifecycle-process:2.8.7 (*)
|    |    |         |         |         |         |                   |         |         |         |         |                   |         |    |         |    |         |         |    |    |         |    +--- androidx.lifecycle:lifecycle-runtime-compose-android:2.8.7 (*)
|    |    |         |         |         |         |                   |         |         |         |         |                   |         |    |         |    |         |         |    |    |         |    +--- androidx.lifecycle:lifecycle-livedata:2.8.7 (*)
|    |    |         |         |         |         |                   |         |         |         |         |                   |         |    |         |    |         |         |    |    |         |    +--- androidx.lifecycle:lifecycle-viewmodel-android:2.8.7 (*)
|    |    |         |         |         |         |                   |         |         |         |         |                   |         |    |         |    |         |         |    |    |         |    +--- androidx.lifecycle:lifecycle-common-jvm:2.8.7 (*)
|    |    |         |         |         |         |                   |         |         |         |         |                   |         |    |         |    |         |         |    |    |         |    +--- androidx.lifecycle:lifecycle-runtime-android:2.8.7 (*)
|    |    |         |         |         |         |                   |         |         |         |         |                   |         |    |         |    |         |         |    |    |         |    +--- androidx.lifecycle:lifecycle-livedata-ktx:2.8.7
|    |    |         |         |         |         |                   |         |         |         |         |                   |         |    |         |    |         |         |    |    |         |    |    +--- androidx.paging:paging-runtime:3.3.6 (requested androidx.lifecycle:lifecycle-livedata-ktx:2.4.0) (*)
|    |    |         |         |         |         |                   |         |         |         |         |                   |         |    |         |    |         |         |    |    |         |    |    +--- androidx.lifecycle:lifecycle-process:2.8.7 (*)
|    |    |         |         |         |         |                   |         |         |         |         |                   |         |    |         |    |         |         |    |    |         |    |    +--- androidx.lifecycle:lifecycle-runtime-compose-android:2.8.7 (*)
|    |    |         |         |         |         |                   |         |         |         |         |                   |         |    |         |    |         |         |    |    |         |    |    +--- androidx.lifecycle:lifecycle-livedata:2.8.7 (*)
|    |    |         |         |         |         |                   |         |         |         |         |                   |         |    |         |    |         |         |    |    |         |    |    +--- androidx.lifecycle:lifecycle-viewmodel-android:2.8.7 (*)
|    |    |         |         |         |         |                   |         |         |         |         |                   |         |    |         |    |         |         |    |    |         |    |    +--- androidx.lifecycle:lifecycle-common-jvm:2.8.7 (*)
|    |    |         |         |         |         |                   |         |         |         |         |                   |         |    |         |    |         |         |    |    |         |    |    +--- androidx.lifecycle:lifecycle-runtime-android:2.8.7 (*)
|    |    |         |         |         |         |                   |         |         |         |         |                   |         |    |         |    |         |         |    |    |         |    |    +--- androidx.lifecycle:lifecycle-common-java8:2.8.7 (*)
|    |    |         |         |         |         |                   |         |         |         |         |                   |         |    |         |    |         |         |    |    |         |    |    +--- androidx.lifecycle:lifecycle-viewmodel-savedstate:2.8.7 (*)
|    |    |         |         |         |         |                   |         |         |         |         |                   |         |    |         |    |         |         |    |    |         |    |    +--- androidx.lifecycle:lifecycle-viewmodel-ktx:2.8.7
|    |    |         |         |         |         |                   |         |         |         |         |                   |         |    |         |    |         |         |    |    |         |    |    |    +--- androidx.fragment:fragment-ktx:1.8.6 (requested androidx.lifecycle:lifecycle-viewmodel-ktx:2.6.1) (*)
|    |    |         |         |         |         |                   |         |         |         |         |                   |         |    |         |    |         |         |    |    |         |    |    |    +--- androidx.paging:paging-runtime:3.3.6 (requested androidx.lifecycle:lifecycle-viewmodel-ktx:2.4.0) (*)
|    |    |         |         |         |         |                   |         |         |         |         |                   |         |    |         |    |         |         |    |    |         |    |    |    +--- androidx.lifecycle:lifecycle-process:2.8.7 (*)
|    |    |         |         |         |         |                   |         |         |         |         |                   |         |    |         |    |         |         |    |    |         |    |    |    +--- androidx.lifecycle:lifecycle-runtime-compose-android:2.8.7 (*)
|    |    |         |         |         |         |                   |         |         |         |         |                   |         |    |         |    |         |         |    |    |         |    |    |    +--- androidx.lifecycle:lifecycle-livedata:2.8.7 (*)
|    |    |         |         |         |         |                   |         |         |         |         |                   |         |    |         |    |         |         |    |    |         |    |    |    +--- androidx.lifecycle:lifecycle-viewmodel-android:2.8.7 (*)
|    |    |         |         |         |         |                   |         |         |         |         |                   |         |    |         |    |         |         |    |    |         |    |    |    +--- androidx.lifecycle:lifecycle-common-jvm:2.8.7 (*)
|    |    |         |         |         |         |                   |         |         |         |         |                   |         |    |         |    |         |         |    |    |         |    |    |    +--- androidx.lifecycle:lifecycle-runtime-android:2.8.7 (*)
|    |    |         |         |         |         |                   |         |         |         |         |                   |         |    |         |    |         |         |    |    |         |    |    |    +--- androidx.lifecycle:lifecycle-common-java8:2.8.7 (*)
|    |    |         |         |         |         |                   |         |         |         |         |                   |         |    |         |    |         |         |    |    |         |    |    |    +--- androidx.lifecycle:lifecycle-livedata-ktx:2.8.7 (*)
|    |    |         |         |         |         |                   |         |         |         |         |                   |         |    |         |    |         |         |    |    |         |    |    |    +--- androidx.lifecycle:lifecycle-viewmodel-savedstate:2.8.7 (*)
|    |    |         |         |         |         |                   |         |         |         |         |                   |         |    |         |    |         |         |    |    |         |    |    |    +--- androidx.lifecycle:lifecycle-livedata-core-ktx:2.8.7
|    |    |         |         |         |         |                   |         |         |         |         |                   |         |    |         |    |         |         |    |    |         |    |    |    |    +--- androidx.fragment:fragment-ktx:1.8.6 (requested androidx.lifecycle:lifecycle-livedata-core-ktx:2.6.1) (*)
|    |    |         |         |         |         |                   |         |         |         |         |                   |         |    |         |    |         |         |    |    |         |    |    |    |    +--- androidx.lifecycle:lifecycle-process:2.8.7 (*)
|    |    |         |         |         |         |                   |         |         |         |         |                   |         |    |         |    |         |         |    |    |         |    |    |    |    +--- androidx.lifecycle:lifecycle-runtime-compose-android:2.8.7 (*)
|    |    |         |         |         |         |                   |         |         |         |         |                   |         |    |         |    |         |         |    |    |         |    |    |    |    +--- androidx.lifecycle:lifecycle-livedata:2.8.7 (*)
|    |    |         |         |         |         |                   |         |         |         |         |                   |         |    |         |    |         |         |    |    |         |    |    |    |    +--- androidx.lifecycle:lifecycle-viewmodel-android:2.8.7 (*)
|    |    |         |         |         |         |                   |         |         |         |         |                   |         |    |         |    |         |         |    |    |         |    |    |    |    +--- androidx.lifecycle:lifecycle-common-jvm:2.8.7 (*)
|    |    |         |         |         |         |                   |         |         |         |         |                   |         |    |         |    |         |         |    |    |         |    |    |    |    +--- androidx.lifecycle:lifecycle-runtime-android:2.8.7 (*)
|    |    |         |         |         |         |                   |         |         |         |         |                   |         |    |         |    |         |         |    |    |         |    |    |    |    +--- androidx.lifecycle:lifecycle-common-java8:2.8.7 (*)
|    |    |         |         |         |         |                   |         |         |         |         |                   |         |    |         |    |         |         |    |    |         |    |    |    |    +--- androidx.lifecycle:lifecycle-livedata-ktx:2.8.7 (*)
|    |    |         |         |         |         |                   |         |         |         |         |                   |         |    |         |    |         |         |    |    |         |    |    |    |    +--- androidx.lifecycle:lifecycle-viewmodel-savedstate:2.8.7 (*)
|    |    |         |         |         |         |                   |         |         |         |         |                   |         |    |         |    |         |         |    |    |         |    |    |    |    +--- androidx.lifecycle:lifecycle-viewmodel-ktx:2.8.7 (*)
|    |    |         |         |         |         |                   |         |         |         |         |                   |         |    |         |    |         |         |    |    |         |    |    |    |    +--- androidx.lifecycle:lifecycle-livedata-core:2.8.7
|    |    |         |         |         |         |                   |         |         |         |         |                   |         |    |         |    |         |         |    |    |         |    |    |    |    |    +--- androidx.biometric:biometric:1.1.0 (requested androidx.lifecycle:lifecycle-livedata-core:2.2.0) (*)
|    |    |         |         |         |         |                   |         |         |         |         |                   |         |    |         |    |         |         |    |    |         |    |    |    |    |    +--- androidx.fragment:fragment:1.8.6 (requested androidx.lifecycle:lifecycle-livedata-core:2.6.1) (*)
|    |    |         |         |         |         |                   |         |         |         |         |                   |         |    |         |    |         |         |    |    |         |    |    |    |    |    +--- androidx.lifecycle:lifecycle-process:2.8.7 (*)
|    |    |         |         |         |         |                   |         |         |         |         |                   |         |    |         |    |         |         |    |    |         |    |    |    |    |    +--- androidx.lifecycle:lifecycle-runtime-compose-android:2.8.7 (*)
|    |    |         |         |         |         |                   |         |         |         |         |                   |         |    |         |    |         |         |    |    |         |    |    |    |    |    +--- androidx.lifecycle:lifecycle-livedata:2.8.7 (*)
|    |    |         |         |         |         |                   |         |         |         |         |                   |         |    |         |    |         |         |    |    |         |    |    |    |    |    +--- androidx.lifecycle:lifecycle-viewmodel-android:2.8.7 (*)
|    |    |         |         |         |         |                   |         |         |         |         |                   |         |    |         |    |         |         |    |    |         |    |    |    |    |    +--- androidx.lifecycle:lifecycle-common-jvm:2.8.7 (*)
|    |    |         |         |         |         |                   |         |         |         |         |                   |         |    |         |    |         |         |    |    |         |    |    |    |    |    +--- androidx.lifecycle:lifecycle-runtime-android:2.8.7 (*)
|    |    |         |         |         |         |                   |         |         |         |         |                   |         |    |         |    |         |         |    |    |         |    |    |    |    |    +--- androidx.lifecycle:lifecycle-common-java8:2.8.7 (*)
|    |    |         |         |         |         |                   |         |         |         |         |                   |         |    |         |    |         |         |    |    |         |    |    |    |    |    +--- androidx.lifecycle:lifecycle-livedata-ktx:2.8.7 (*)
|    |    |         |         |         |         |                   |         |         |         |         |                   |         |    |         |    |         |         |    |    |         |    |    |    |    |    +--- androidx.lifecycle:lifecycle-viewmodel-savedstate:2.8.7 (*)
|    |    |         |         |         |         |                   |         |         |         |         |                   |         |    |         |    |         |         |    |    |         |    |    |    |    |    +--- androidx.lifecycle:lifecycle-viewmodel-ktx:2.8.7 (*)
|    |    |         |         |         |         |                   |         |         |         |         |                   |         |    |         |    |         |         |    |    |         |    |    |    |    |    +--- androidx.lifecycle:lifecycle-livedata-core-ktx:2.8.7 (*)
|    |    |         |         |         |         |                   |         |         |         |         |                   |         |    |         |    |         |         |    |    |         |    |    |    |    |    +--- androidx.lifecycle:lifecycle-runtime-ktx-android:2.8.7
|    |    |         |         |         |         |                   |         |         |         |         |                   |         |    |         |    |         |         |    |    |         |    |    |    |    |    |    \--- androidx.lifecycle:lifecycle-runtime-ktx:2.8.7
|    |    |         |         |         |         |                   |         |         |         |         |                   |         |    |         |    |         |         |    |    |         |    |    |    |    |    |         +--- project :app (*)
|    |    |         |         |         |         |                   |         |         |         |         |                   |         |    |         |    |         |         |    |    |         |    |    |    |    |    |         +--- androidx.paging:paging-runtime:3.3.6 (requested androidx.lifecycle:lifecycle-runtime-ktx:2.4.0) (*)
|    |    |         |         |         |         |                   |         |         |         |         |                   |         |    |         |    |         |         |    |    |         |    |    |    |    |    |         +--- androidx.lifecycle:lifecycle-process:2.8.7 (*)
|    |    |         |         |         |         |                   |         |         |         |         |                   |         |    |         |    |         |         |    |    |         |    |    |    |    |    |         +--- androidx.lifecycle:lifecycle-runtime-compose-android:2.8.7 (*)
|    |    |         |         |         |         |                   |         |         |         |         |                   |         |    |         |    |         |         |    |    |         |    |    |    |    |    |         +--- androidx.lifecycle:lifecycle-livedata:2.8.7 (*)
|    |    |         |         |         |         |                   |         |         |         |         |                   |         |    |         |    |         |         |    |    |         |    |    |    |    |    |         +--- androidx.lifecycle:lifecycle-viewmodel-android:2.8.7 (*)
|    |    |         |         |         |         |                   |         |         |         |         |                   |         |    |         |    |         |         |    |    |         |    |    |    |    |    |         +--- androidx.lifecycle:lifecycle-common-jvm:2.8.7 (*)
|    |    |         |         |         |         |                   |         |         |         |         |                   |         |    |         |    |         |         |    |    |         |    |    |    |    |    |         +--- androidx.lifecycle:lifecycle-runtime-android:2.8.7 (*)
|    |    |         |         |         |         |                   |         |         |         |         |                   |         |    |         |    |         |         |    |    |         |    |    |    |    |    |         +--- androidx.lifecycle:lifecycle-common-java8:2.8.7 (*)
|    |    |         |         |         |         |                   |         |         |         |         |                   |         |    |         |    |         |         |    |    |         |    |    |    |    |    |         +--- androidx.lifecycle:lifecycle-livedata-ktx:2.8.7 (*)
|    |    |         |         |         |         |                   |         |         |         |         |                   |         |    |         |    |         |         |    |    |         |    |    |    |    |    |         +--- androidx.lifecycle:lifecycle-viewmodel-savedstate:2.8.7 (*)
|    |    |         |         |         |         |                   |         |         |         |         |                   |         |    |         |    |         |         |    |    |         |    |    |    |    |    |         +--- androidx.lifecycle:lifecycle-viewmodel-ktx:2.8.7 (*)
|    |    |         |         |         |         |                   |         |         |         |         |                   |         |    |         |    |         |         |    |    |         |    |    |    |    |    |         +--- androidx.lifecycle:lifecycle-livedata-core-ktx:2.8.7 (*)
|    |    |         |         |         |         |                   |         |         |         |         |                   |         |    |         |    |         |         |    |    |         |    |    |    |    |    |         +--- androidx.lifecycle:lifecycle-livedata-core:2.8.7 (*)
|    |    |         |         |         |         |                   |         |         |         |         |                   |         |    |         |    |         |         |    |    |         |    |    |    |    |    |         +--- androidx.lifecycle:lifecycle-viewmodel-compose-android:2.8.7 (*)
|    |    |         |         |         |         |                   |         |         |         |         |                   |         |    |         |    |         |         |    |    |         |    |    |    |    |    |         \--- androidx.activity:activity-ktx:1.10.0 (requested androidx.lifecycle:lifecycle-runtime-ktx:2.6.1) (*)
|    |    |         |         |         |         |                   |         |         |         |         |                   |         |    |         |    |         |         |    |    |         |    |    |    |    |    \--- androidx.lifecycle:lifecycle-viewmodel-compose-android:2.8.7 (*)
|    |    |         |         |         |         |                   |         |         |         |         |                   |         |    |         |    |         |         |    |    |         |    |    |    |    +--- androidx.lifecycle:lifecycle-runtime-ktx-android:2.8.7 (*)
|    |    |         |         |         |         |                   |         |         |         |         |                   |         |    |         |    |         |         |    |    |         |    |    |    |    \--- androidx.lifecycle:lifecycle-viewmodel-compose-android:2.8.7 (*)
|    |    |         |         |         |         |                   |         |         |         |         |                   |         |    |         |    |         |         |    |    |         |    |    |    +--- androidx.lifecycle:lifecycle-livedata-core:2.8.7 (*)
|    |    |         |         |         |         |                   |         |         |         |         |                   |         |    |         |    |         |         |    |    |         |    |    |    +--- androidx.lifecycle:lifecycle-runtime-ktx-android:2.8.7 (*)
|    |    |         |         |         |         |                   |         |         |         |         |                   |         |    |         |    |         |         |    |    |         |    |    |    +--- androidx.lifecycle:lifecycle-viewmodel-compose-android:2.8.7 (*)
|    |    |         |         |         |         |                   |         |         |         |         |                   |         |    |         |    |         |         |    |    |         |    |    |    \--- androidx.activity:activity-ktx:1.10.0 (requested androidx.lifecycle:lifecycle-viewmodel-ktx:2.6.1) (*)
|    |    |         |         |         |         |                   |         |         |         |         |                   |         |    |         |    |         |         |    |    |         |    |    +--- androidx.lifecycle:lifecycle-livedata-core-ktx:2.8.7 (*)
|    |    |         |         |         |         |                   |         |         |         |         |                   |         |    |         |    |         |         |    |    |         |    |    +--- androidx.lifecycle:lifecycle-livedata-core:2.8.7 (*)
|    |    |         |         |         |         |                   |         |         |         |         |                   |         |    |         |    |         |         |    |    |         |    |    +--- androidx.lifecycle:lifecycle-runtime-ktx-android:2.8.7 (*)
|    |    |         |         |         |         |                   |         |         |         |         |                   |         |    |         |    |         |         |    |    |         |    |    \--- androidx.lifecycle:lifecycle-viewmodel-compose-android:2.8.7 (*)
|    |    |         |         |         |         |                   |         |         |         |         |                   |         |    |         |    |         |         |    |    |         |    +--- androidx.lifecycle:lifecycle-viewmodel-savedstate:2.8.7 (*)
|    |    |         |         |         |         |                   |         |         |         |         |                   |         |    |         |    |         |         |    |    |         |    +--- androidx.lifecycle:lifecycle-viewmodel-ktx:2.8.7 (*)
|    |    |         |         |         |         |                   |         |         |         |         |                   |         |    |         |    |         |         |    |    |         |    +--- androidx.lifecycle:lifecycle-livedata-core-ktx:2.8.7 (*)
|    |    |         |         |         |         |                   |         |         |         |         |                   |         |    |         |    |         |         |    |    |         |    +--- androidx.lifecycle:lifecycle-livedata-core:2.8.7 (*)
|    |    |         |         |         |         |                   |         |         |         |         |                   |         |    |         |    |         |         |    |    |         |    +--- androidx.lifecycle:lifecycle-runtime-ktx-android:2.8.7 (*)
|    |    |         |         |         |         |                   |         |         |         |         |                   |         |    |         |    |         |         |    |    |         |    \--- androidx.lifecycle:lifecycle-viewmodel-compose-android:2.8.7 (*)
|    |    |         |         |         |         |                   |         |         |         |         |                   |         |    |         |    |         |         |    |    |         +--- androidx.lifecycle:lifecycle-livedata-ktx:2.8.7 (*)
|    |    |         |         |         |         |                   |         |         |         |         |                   |         |    |         |    |         |         |    |    |         +--- androidx.lifecycle:lifecycle-viewmodel-savedstate:2.8.7 (*)
|    |    |         |         |         |         |                   |         |         |         |         |                   |         |    |         |    |         |         |    |    |         +--- androidx.lifecycle:lifecycle-viewmodel-ktx:2.8.7 (*)
|    |    |         |         |         |         |                   |         |         |         |         |                   |         |    |         |    |         |         |    |    |         +--- androidx.lifecycle:lifecycle-livedata-core-ktx:2.8.7 (*)
|    |    |         |         |         |         |                   |         |         |         |         |                   |         |    |         |    |         |         |    |    |         +--- androidx.lifecycle:lifecycle-livedata-core:2.8.7 (*)
|    |    |         |         |         |         |                   |         |         |         |         |                   |         |    |         |    |         |         |    |    |         +--- androidx.lifecycle:lifecycle-runtime-ktx-android:2.8.7 (*)
|    |    |         |         |         |         |                   |         |         |         |         |                   |         |    |         |    |         |         |    |    |         +--- androidx.lifecycle:lifecycle-viewmodel-compose-android:2.8.7 (*)
|    |    |         |         |         |         |                   |         |         |         |         |                   |         |    |         |    |         |         |    |    |         +--- androidx.activity:activity:1.10.0 (requested androidx.lifecycle:lifecycle-runtime:2.6.1) (*)
|    |    |         |         |         |         |                   |         |         |         |         |                   |         |    |         |    |         |         |    |    |         \--- androidx.activity:activity-compose:1.10.0 (requested androidx.lifecycle:lifecycle-runtime:2.6.1) (*)
|    |    |         |         |         |         |                   |         |         |         |         |                   |         |    |         |    |         |         |    |    +--- androidx.lifecycle:lifecycle-common-java8:2.8.7 (*)
|    |    |         |         |         |         |                   |         |         |         |         |                   |         |    |         |    |         |         |    |    +--- androidx.lifecycle:lifecycle-livedata-ktx:2.8.7 (*)
|    |    |         |         |         |         |                   |         |         |         |         |                   |         |    |         |    |         |         |    |    +--- androidx.lifecycle:lifecycle-viewmodel-ktx:2.8.7 (*)
|    |    |         |         |         |         |                   |         |         |         |         |                   |         |    |         |    |         |         |    |    +--- androidx.lifecycle:lifecycle-livedata-core-ktx:2.8.7 (*)
|    |    |         |         |         |         |                   |         |         |         |         |                   |         |    |         |    |         |         |    |    +--- androidx.lifecycle:lifecycle-livedata-core:2.8.7 (*)
|    |    |         |         |         |         |                   |         |         |         |         |                   |         |    |         |    |         |         |    |    +--- androidx.lifecycle:lifecycle-runtime-ktx-android:2.8.7 (*)
|    |    |         |         |         |         |                   |         |         |         |         |                   |         |    |         |    |         |         |    |    +--- androidx.lifecycle:lifecycle-viewmodel-compose-android:2.8.7 (*)
|    |    |         |         |         |         |                   |         |         |         |         |                   |         |    |         |    |         |         |    |    \--- androidx.activity:activity:1.10.0 (requested androidx.lifecycle:lifecycle-viewmodel-savedstate:2.6.1) (*)
|    |    |         |         |         |         |                   |         |         |         |         |                   |         |    |         |    |         |         |    +--- androidx.activity:activity:1.10.0 (*)
|    |    |         |         |         |         |                   |         |         |         |         |                   |         |    |         |    |         |         |    \--- androidx.activity:activity-compose:1.10.0 (*)
|    |    |         |         |         |         |                   |         |         |         |         |                   |         |    |         |    |         |         +--- androidx.lifecycle:lifecycle-process:2.8.7 (*)
|    |    |         |         |         |         |                   |         |         |         |         |                   |         |    |         |    |         |         +--- androidx.lifecycle:lifecycle-runtime-compose-android:2.8.7 (*)
|    |    |         |         |         |         |                   |         |         |         |         |                   |         |    |         |    |         |         +--- androidx.lifecycle:lifecycle-livedata:2.8.7 (*)
|    |    |         |         |         |         |                   |         |         |         |         |                   |         |    |         |    |         |         +--- androidx.lifecycle:lifecycle-viewmodel-android:2.8.7 (*)
|    |    |         |         |         |         |                   |         |         |         |         |                   |         |    |         |    |         |         +--- androidx.lifecycle:lifecycle-runtime-android:2.8.7 (*)
|    |    |         |         |         |         |                   |         |         |         |         |                   |         |    |         |    |         |         +--- androidx.lifecycle:lifecycle-common-java8:2.8.7 (*)
|    |    |         |         |         |         |                   |         |         |         |         |                   |         |    |         |    |         |         +--- androidx.lifecycle:lifecycle-livedata-ktx:2.8.7 (*)
|    |    |         |         |         |         |                   |         |         |         |         |                   |         |    |         |    |         |         +--- androidx.lifecycle:lifecycle-viewmodel-savedstate:2.8.7 (*)
|    |    |         |         |         |         |                   |         |         |         |         |                   |         |    |         |    |         |         +--- androidx.lifecycle:lifecycle-viewmodel-ktx:2.8.7 (*)
|    |    |         |         |         |         |                   |         |         |         |         |                   |         |    |         |    |         |         +--- androidx.lifecycle:lifecycle-livedata-core-ktx:2.8.7 (*)
|    |    |         |         |         |         |                   |         |         |         |         |                   |         |    |         |    |         |         +--- androidx.lifecycle:lifecycle-livedata-core:2.8.7 (*)
|    |    |         |         |         |         |                   |         |         |         |         |                   |         |    |         |    |         |         +--- androidx.lifecycle:lifecycle-runtime-ktx-android:2.8.7 (*)
|    |    |         |         |         |         |                   |         |         |         |         |                   |         |    |         |    |         |         +--- androidx.lifecycle:lifecycle-viewmodel-compose-android:2.8.7 (*)
|    |    |         |         |         |         |                   |         |         |         |         |                   |         |    |         |    |         |         +--- androidx.activity:activity:1.10.0 (requested androidx.lifecycle:lifecycle-common:2.6.1) (*)
|    |    |         |         |         |         |                   |         |         |         |         |                   |         |    |         |    |         |         \--- androidx.activity:activity-compose:1.10.0 (requested androidx.lifecycle:lifecycle-common:2.6.1) (*)
|    |    |         |         |         |         |                   |         |         |         |         |                   |         |    |         |    |         +--- androidx.lifecycle:lifecycle-runtime-android:2.8.7 (*)
|    |    |         |         |         |         |                   |         |         |         |         |                   |         |    |         |    |         +--- androidx.lifecycle:lifecycle-common-java8:2.8.7 (*)
|    |    |         |         |         |         |                   |         |         |         |         |                   |         |    |         |    |         +--- androidx.lifecycle:lifecycle-livedata-ktx:2.8.7 (*)
|    |    |         |         |         |         |                   |         |         |         |         |                   |         |    |         |    |         +--- androidx.lifecycle:lifecycle-viewmodel-savedstate:2.8.7 (*)
|    |    |         |         |         |         |                   |         |         |         |         |                   |         |    |         |    |         +--- androidx.lifecycle:lifecycle-viewmodel-ktx:2.8.7 (*)
|    |    |         |         |         |         |                   |         |         |         |         |                   |         |    |         |    |         +--- androidx.lifecycle:lifecycle-livedata-core-ktx:2.8.7 (*)
|    |    |         |         |         |         |                   |         |         |         |         |                   |         |    |         |    |         +--- androidx.lifecycle:lifecycle-livedata-core:2.8.7 (*)
|    |    |         |         |         |         |                   |         |         |         |         |                   |         |    |         |    |         +--- androidx.lifecycle:lifecycle-runtime-ktx-android:2.8.7 (*)
|    |    |         |         |         |         |                   |         |         |         |         |                   |         |    |         |    |         +--- androidx.lifecycle:lifecycle-viewmodel-compose-android:2.8.7 (*)
|    |    |         |         |         |         |                   |         |         |         |         |                   |         |    |         |    |         +--- androidx.compose.ui:ui-android:1.7.6 (requested androidx.lifecycle:lifecycle-viewmodel:2.6.1) (*)
|    |    |         |         |         |         |                   |         |         |         |         |                   |         |    |         |    |         +--- androidx.activity:activity:1.10.0 (requested androidx.lifecycle:lifecycle-viewmodel:2.6.1) (*)
|    |    |         |         |         |         |                   |         |         |         |         |                   |         |    |         |    |         \--- androidx.activity:activity-compose:1.10.0 (requested androidx.lifecycle:lifecycle-viewmodel:2.6.1) (*)
|    |    |         |         |         |         |                   |         |         |         |         |                   |         |    |         |    +--- androidx.lifecycle:lifecycle-common-jvm:2.8.7 (*)
|    |    |         |         |         |         |                   |         |         |         |         |                   |         |    |         |    +--- androidx.lifecycle:lifecycle-runtime-android:2.8.7 (*)
|    |    |         |         |         |         |                   |         |         |         |         |                   |         |    |         |    +--- androidx.lifecycle:lifecycle-common-java8:2.8.7 (*)
|    |    |         |         |         |         |                   |         |         |         |         |                   |         |    |         |    +--- androidx.lifecycle:lifecycle-livedata-ktx:2.8.7 (*)
|    |    |         |         |         |         |                   |         |         |         |         |                   |         |    |         |    +--- androidx.lifecycle:lifecycle-viewmodel-savedstate:2.8.7 (*)
|    |    |         |         |         |         |                   |         |         |         |         |                   |         |    |         |    +--- androidx.lifecycle:lifecycle-viewmodel-ktx:2.8.7 (*)
|    |    |         |         |         |         |                   |         |         |         |         |                   |         |    |         |    +--- androidx.lifecycle:lifecycle-livedata-core-ktx:2.8.7 (*)
|    |    |         |         |         |         |                   |         |         |         |         |                   |         |    |         |    +--- androidx.lifecycle:lifecycle-livedata-core:2.8.7 (*)
|    |    |         |         |         |         |                   |         |         |         |         |                   |         |    |         |    +--- androidx.lifecycle:lifecycle-runtime-ktx-android:2.8.7 (*)
|    |    |         |         |         |         |                   |         |         |         |         |                   |         |    |         |    \--- androidx.lifecycle:lifecycle-viewmodel-compose-android:2.8.7 (*)
|    |    |         |         |         |         |                   |         |         |         |         |                   |         |    |         +--- androidx.lifecycle:lifecycle-viewmodel-android:2.8.7 (*)
|    |    |         |         |         |         |                   |         |         |         |         |                   |         |    |         +--- androidx.lifecycle:lifecycle-common-jvm:2.8.7 (*)
|    |    |         |         |         |         |                   |         |         |         |         |                   |         |    |         +--- androidx.lifecycle:lifecycle-runtime-android:2.8.7 (*)
|    |    |         |         |         |         |                   |         |         |         |         |                   |         |    |         +--- androidx.lifecycle:lifecycle-common-java8:2.8.7 (*)
|    |    |         |         |         |         |                   |         |         |         |         |                   |         |    |         +--- androidx.lifecycle:lifecycle-livedata-ktx:2.8.7 (*)
|    |    |         |         |         |         |                   |         |         |         |         |                   |         |    |         +--- androidx.lifecycle:lifecycle-viewmodel-savedstate:2.8.7 (*)
|    |    |         |         |         |         |                   |         |         |         |         |                   |         |    |         +--- androidx.lifecycle:lifecycle-viewmodel-ktx:2.8.7 (*)
|    |    |         |         |         |         |                   |         |         |         |         |                   |         |    |         +--- androidx.lifecycle:lifecycle-livedata-core-ktx:2.8.7 (*)
|    |    |         |         |         |         |                   |         |         |         |         |                   |         |    |         +--- androidx.lifecycle:lifecycle-livedata-core:2.8.7 (*)
|    |    |         |         |         |         |                   |         |         |         |         |                   |         |    |         +--- androidx.lifecycle:lifecycle-runtime-ktx-android:2.8.7 (*)
|    |    |         |         |         |         |                   |         |         |         |         |                   |         |    |         +--- androidx.lifecycle:lifecycle-viewmodel-compose-android:2.8.7 (*)
|    |    |         |         |         |         |                   |         |         |         |         |                   |         |    |         \--- androidx.compose.ui:ui-android:1.7.6 (requested androidx.lifecycle:lifecycle-runtime-compose:2.8.3) (*)
|    |    |         |         |         |         |                   |         |         |         |         |                   |         |    +--- androidx.lifecycle:lifecycle-livedata:2.8.7 (*)
|    |    |         |         |         |         |                   |         |         |         |         |                   |         |    +--- androidx.lifecycle:lifecycle-viewmodel-android:2.8.7 (*)
|    |    |         |         |         |         |                   |         |         |         |         |                   |         |    +--- androidx.lifecycle:lifecycle-common-jvm:2.8.7 (*)
|    |    |         |         |         |         |                   |         |         |         |         |                   |         |    +--- androidx.lifecycle:lifecycle-runtime-android:2.8.7 (*)
|    |    |         |         |         |         |                   |         |         |         |         |                   |         |    +--- androidx.lifecycle:lifecycle-common-java8:2.8.7 (*)
|    |    |         |         |         |         |                   |         |         |         |         |                   |         |    +--- androidx.lifecycle:lifecycle-livedata-ktx:2.8.7 (*)
|    |    |         |         |         |         |                   |         |         |         |         |                   |         |    +--- androidx.lifecycle:lifecycle-viewmodel-savedstate:2.8.7 (*)
|    |    |         |         |         |         |                   |         |         |         |         |                   |         |    +--- androidx.lifecycle:lifecycle-viewmodel-ktx:2.8.7 (*)
|    |    |         |         |         |         |                   |         |         |         |         |                   |         |    +--- androidx.lifecycle:lifecycle-livedata-core-ktx:2.8.7 (*)
|    |    |         |         |         |         |                   |         |         |         |         |                   |         |    +--- androidx.lifecycle:lifecycle-livedata-core:2.8.7 (*)
|    |    |         |         |         |         |                   |         |         |         |         |                   |         |    +--- androidx.lifecycle:lifecycle-runtime-ktx-android:2.8.7 (*)
|    |    |         |         |         |         |                   |         |         |         |         |                   |         |    \--- androidx.lifecycle:lifecycle-viewmodel-compose-android:2.8.7 (*)
|    |    |         |         |         |         |                   |         |         |         |         |                   |         +--- androidx.lifecycle:lifecycle-runtime-compose-android:2.8.7 (*)
|    |    |         |         |         |         |                   |         |         |         |         |                   |         +--- androidx.lifecycle:lifecycle-livedata:2.8.7 (*)
|    |    |         |         |         |         |                   |         |         |         |         |                   |         +--- androidx.lifecycle:lifecycle-viewmodel-android:2.8.7 (*)
|    |    |         |         |         |         |                   |         |         |         |         |                   |         +--- androidx.lifecycle:lifecycle-common-jvm:2.8.7 (*)
|    |    |         |         |         |         |                   |         |         |         |         |                   |         +--- androidx.lifecycle:lifecycle-runtime-android:2.8.7 (*)
|    |    |         |         |         |         |                   |         |         |         |         |                   |         +--- androidx.lifecycle:lifecycle-common-java8:2.8.7 (*)
|    |    |         |         |         |         |                   |         |         |         |         |                   |         +--- androidx.lifecycle:lifecycle-livedata-ktx:2.8.7 (*)
|    |    |         |         |         |         |                   |         |         |         |         |                   |         +--- androidx.lifecycle:lifecycle-viewmodel-savedstate:2.8.7 (*)
|    |    |         |         |         |         |                   |         |         |         |         |                   |         +--- androidx.lifecycle:lifecycle-viewmodel-ktx:2.8.7 (*)
|    |    |         |         |         |         |                   |         |         |         |         |                   |         +--- androidx.lifecycle:lifecycle-livedata-core-ktx:2.8.7 (*)
|    |    |         |         |         |         |                   |         |         |         |         |                   |         +--- androidx.lifecycle:lifecycle-livedata-core:2.8.7 (*)
|    |    |         |         |         |         |                   |         |         |         |         |                   |         \--- androidx.lifecycle:lifecycle-runtime-ktx-android:2.8.7 (*)
|    |    |         |         |         |         |                   |         |         |         |         |                   +--- androidx.compose.material:material-icons-core-android:1.7.6 (requested androidx.compose.ui:ui:1.6.0)
|    |    |         |         |         |         |                   |         |         |         |         |                   |    +--- androidx.compose:compose-bom:2024.12.01 (*)
|    |    |         |         |         |         |                   |         |         |         |         |                   |    \--- androidx.compose.material:material-icons-core:1.7.6
|    |    |         |         |         |         |                   |         |         |         |         |                   |         +--- androidx.compose:compose-bom:2024.12.01 (*)
|    |    |         |         |         |         |                   |         |         |         |         |                   |         +--- androidx.compose.material3:material3-android:1.3.1 (requested androidx.compose.material:material-icons-core:1.6.0) (*)
|    |    |         |         |         |         |                   |         |         |         |         |                   |         \--- androidx.compose.material:material-icons-extended-android:1.7.6
|    |    |         |         |         |         |                   |         |         |         |         |                   |              +--- androidx.compose:compose-bom:2024.12.01 (*)
|    |    |         |         |         |         |                   |         |         |         |         |                   |              \--- androidx.compose.material:material-icons-extended:1.7.6
|    |    |         |         |         |         |                   |         |         |         |         |                   |                   +--- project :app (requested androidx.compose.material:material-icons-extended) (*)
|    |    |         |         |         |         |                   |         |         |         |         |                   |                   \--- androidx.compose:compose-bom:2024.12.01 (*)
|    |    |         |         |         |         |                   |         |         |         |         |                   +--- androidx.compose.ui:ui-test-manifest:1.7.6 (*)
|    |    |         |         |         |         |                   |         |         |         |         |                   \--- androidx.activity:activity-compose:1.10.0 (requested androidx.compose.ui:ui:1.0.1) (*)
|    |    |         |         |         |         |                   |         |         |         |         +--- androidx.compose.ui:ui-android:1.7.6 (*)
|    |    |         |         |         |         |                   |         |         |         |         \--- androidx.compose.ui:ui-test-manifest:1.7.6 (*)
|    |    |         |         |         |         |                   |         |         |         +--- androidx.compose.ui:ui-tooling-android:1.7.6 (*)
|    |    |         |         |         |         |                   |         |         |         +--- androidx.compose.animation:animation-android:1.7.6 (*)
|    |    |         |         |         |         |                   |         |         |         +--- androidx.compose.foundation:foundation-layout-android:1.7.6 (*)
|    |    |         |         |         |         |                   |         |         |         +--- androidx.compose.foundation:foundation-android:1.7.6 (*)
|    |    |         |         |         |         |                   |         |         |         +--- androidx.compose.ui:ui-android:1.7.6 (*)
|    |    |         |         |         |         |                   |         |         |         \--- androidx.compose.ui:ui-test-manifest:1.7.6 (*)
|    |    |         |         |         |         |                   |         |         +--- androidx.compose.ui:ui-text-android:1.7.6 (*)
|    |    |         |         |         |         |                   |         |         +--- androidx.compose.ui:ui-tooling-android:1.7.6 (*)
|    |    |         |         |         |         |                   |         |         +--- androidx.compose.animation:animation-android:1.7.6 (*)
|    |    |         |         |         |         |                   |         |         +--- androidx.compose.ui:ui-android:1.7.6 (*)
|    |    |         |         |         |         |                   |         |         \--- androidx.compose.ui:ui-test-manifest:1.7.6 (*)
|    |    |         |         |         |         |                   |         +--- androidx.compose.ui:ui-util-android:1.7.6 (*)
|    |    |         |         |         |         |                   |         +--- androidx.compose.ui:ui-text-android:1.7.6 (*)
|    |    |         |         |         |         |                   |         +--- androidx.compose.ui:ui-tooling-android:1.7.6 (*)
|    |    |         |         |         |         |                   |         +--- androidx.compose.animation:animation-android:1.7.6 (*)
|    |    |         |         |         |         |                   |         +--- androidx.compose.ui:ui-android:1.7.6 (*)
|    |    |         |         |         |         |                   |         \--- androidx.compose.ui:ui-test-manifest:1.7.6 (*)
|    |    |         |         |         |         |                   +--- androidx.compose.ui:ui-geometry-android:1.7.6 (*)
|    |    |         |         |         |         |                   +--- androidx.compose.ui:ui-util-android:1.7.6 (*)
|    |    |         |         |         |         |                   +--- androidx.compose.ui:ui-text-android:1.7.6 (*)
|    |    |         |         |         |         |                   +--- androidx.compose.ui:ui-android:1.7.6 (*)
|    |    |         |         |         |         |                   \--- androidx.compose.ui:ui-test-manifest:1.7.6 (*)
|    |    |         |         |         |         +--- androidx.compose.animation:animation-android:1.7.6 (*)
|    |    |         |         |         |         \--- androidx.compose.foundation:foundation-layout-android:1.7.6 (requested androidx.compose.animation:animation-core:1.2.1) (*)
|    |    |         |         |         +--- androidx.compose.ui:ui-tooling-preview-android:1.7.6 (*)
|    |    |         |         |         +--- androidx.compose.ui:ui-tooling-data-android:1.7.6 (*)
|    |    |         |         |         +--- androidx.compose.ui:ui-graphics-android:1.7.6 (*)
|    |    |         |         |         +--- androidx.compose.ui:ui-geometry-android:1.7.6 (*)
|    |    |         |         |         +--- androidx.compose.ui:ui-util-android:1.7.6 (*)
|    |    |         |         |         +--- androidx.compose.ui:ui-text-android:1.7.6 (*)
|    |    |         |         |         +--- androidx.compose.ui:ui-tooling-android:1.7.6 (*)
|    |    |         |         |         +--- androidx.compose.foundation:foundation-layout-android:1.7.6 (*)
|    |    |         |         |         +--- androidx.compose.ui:ui-android:1.7.6 (*)
|    |    |         |         |         \--- androidx.compose.ui:ui-test-manifest:1.7.6 (*)
|    |    |         |         +--- androidx.compose.ui:ui-graphics-android:1.7.6 (*)
|    |    |         |         +--- androidx.compose.ui:ui-geometry-android:1.7.6 (*)
|    |    |         |         +--- androidx.compose.ui:ui-util-android:1.7.6 (*)
|    |    |         |         +--- androidx.compose.ui:ui-text-android:1.7.6 (*)
|    |    |         |         +--- androidx.compose.ui:ui-tooling-android:1.7.6 (*)
|    |    |         |         +--- androidx.compose.ui:ui-android:1.7.6 (*)
|    |    |         |         \--- androidx.compose.ui:ui-test-manifest:1.7.6 (*)
|    |    |         +--- androidx.compose.ui:ui-unit-android:1.7.6 (*)
|    |    |         +--- androidx.compose.ui:ui-graphics-android:1.7.6 (*)
|    |    |         +--- androidx.compose.ui:ui-geometry-android:1.7.6 (*)
|    |    |         +--- androidx.compose.ui:ui-util-android:1.7.6 (*)
|    |    |         +--- androidx.compose.ui:ui-text-android:1.7.6 (*)
|    |    |         +--- androidx.compose.ui:ui-tooling-android:1.7.6 (*)
|    |    |         +--- androidx.compose.ui:ui-android:1.7.6 (*)
|    |    |         \--- androidx.compose.ui:ui-test-manifest:1.7.6 (*)
|    |    +--- androidx.compose.ui:ui-tooling-data-android:1.7.6 (*)
|    |    +--- androidx.compose.ui:ui-unit-android:1.7.6 (*)
|    |    +--- androidx.compose.ui:ui-graphics-android:1.7.6 (*)
|    |    +--- androidx.compose.ui:ui-geometry-android:1.7.6 (*)
|    |    +--- androidx.compose.ui:ui-util-android:1.7.6 (*)
|    |    +--- androidx.compose.ui:ui-text-android:1.7.6 (*)
|    |    +--- androidx.compose.ui:ui-tooling-android:1.7.6 (*)
|    |    \--- androidx.compose.ui:ui-android:1.7.6 (*)
|    +--- androidx.activity:activity-ktx:1.10.0 (*)
|    \--- androidx.activity:activity-compose:1.10.0 (*)
+--- androidx.activity:activity-compose:1.10.0 (*)
+--- androidx.compose.animation:animation-core-android:1.7.6 (*)
+--- androidx.compose.runtime:runtime-android:1.7.6
|    +--- androidx.compose:compose-bom:2024.12.01 (*)
|    \--- androidx.compose.runtime:runtime:1.7.6
|         +--- androidx.compose:compose-bom:2024.12.01 (*)
|         +--- androidx.paging:paging-compose-android:3.3.6 (requested androidx.compose.runtime:runtime:1.5.0) (*)
|         +--- androidx.compose.material3:material3-android:1.3.1 (requested androidx.compose.runtime:runtime:1.7.0) (*)
|         +--- androidx.compose.material:material-android:1.7.6 (*)
|         +--- androidx.compose.animation:animation-core-android:1.7.6 (*)
|         +--- androidx.compose.material:material-ripple-android:1.7.6 (*)
|         +--- androidx.compose.ui:ui-tooling-preview-android:1.7.6 (*)
|         +--- androidx.compose.ui:ui-tooling-data-android:1.7.6 (*)
|         +--- androidx.compose.ui:ui-unit-android:1.7.6 (*)
|         +--- androidx.compose.ui:ui-graphics-android:1.7.6 (*)
|         +--- androidx.compose.ui:ui-geometry-android:1.7.6 (*)
|         +--- androidx.compose.ui:ui-text-android:1.7.6 (*)
|         +--- androidx.compose.ui:ui-tooling-android:1.7.6 (*)
|         +--- androidx.compose.animation:animation-android:1.7.6 (*)
|         +--- androidx.compose.foundation:foundation-layout-android:1.7.6 (*)
|         +--- androidx.compose.foundation:foundation-android:1.7.6 (*)
|         +--- androidx.lifecycle:lifecycle-runtime-compose-android:2.8.7 (requested androidx.compose.runtime:runtime:1.7.1) (*)
|         +--- androidx.lifecycle:lifecycle-viewmodel-compose-android:2.8.7 (requested androidx.compose.runtime:runtime:1.6.0) (*)
|         +--- androidx.compose.ui:ui-android:1.7.6 (*)
|         +--- androidx.activity:activity-compose:1.10.0 (requested androidx.compose.runtime:runtime:1.7.0) (*)
|         \--- androidx.compose.runtime:runtime-saveable-android:1.7.6
|              +--- androidx.compose:compose-bom:2024.12.01 (*)
|              \--- androidx.compose.runtime:runtime-saveable:1.7.6
|                   +--- androidx.compose:compose-bom:2024.12.01 (*)
|                   +--- androidx.compose.ui:ui-text-android:1.7.6 (*)
|                   +--- androidx.compose.ui:ui-android:1.7.6 (*)
|                   +--- androidx.activity:activity-compose:1.10.0 (requested androidx.compose.runtime:runtime-saveable:1.7.0) (*)
|                   \--- androidx.compose.runtime:runtime-android:1.7.6 (*)
+--- androidx.compose.ui:ui-android:1.7.6 (*)
+--- androidx.compose.ui:ui-text-android:1.7.6 (*)
+--- androidx.lifecycle:lifecycle-common-jvm:2.8.7 (*)
+--- androidx.lifecycle:lifecycle-livedata:2.8.7 (*)
+--- androidx.lifecycle:lifecycle-livedata-ktx:2.8.7 (*)
+--- androidx.lifecycle:lifecycle-viewmodel-android:2.8.7 (*)
+--- androidx.paging:paging-common-android:3.3.6 (*)
+--- org.jetbrains.kotlinx:kotlinx-coroutines-android:1.7.3
|    +--- androidx.paging:paging-runtime:3.3.6 (*)
|    +--- androidx.lifecycle:lifecycle-viewmodel-android:2.8.7 (*)
|    +--- androidx.lifecycle:lifecycle-runtime-android:2.8.7 (*)
|    +--- androidx.lifecycle:lifecycle-viewmodel-savedstate:2.8.7 (*)
|    +--- androidx.lifecycle:lifecycle-viewmodel-ktx:2.8.7 (*)
|    +--- androidx.lifecycle:lifecycle-runtime-ktx-android:2.8.7 (*)
|    +--- androidx.compose.ui:ui-android:1.7.6 (*)
|    +--- androidx.compose.runtime:runtime-android:1.7.6 (*)
|    \--- org.jetbrains.kotlinx:kotlinx-coroutines-bom:1.7.3
|         +--- org.jetbrains.kotlinx:kotlinx-coroutines-android:1.7.3 (*)
|         \--- org.jetbrains.kotlinx:kotlinx-coroutines-core-jvm:1.7.3
|              +--- org.jetbrains.kotlinx:kotlinx-coroutines-bom:1.7.3 (*)
|              \--- org.jetbrains.kotlinx:kotlinx-coroutines-core:1.7.3 (*)
\--- org.jetbrains.kotlinx:kotlinx-coroutines-bom:1.7.3 (*)

org.jetbrains.kotlinx:kotlinx-coroutines-core-jvm:1.7.3 (by constraint)
  Variant jvmRuntimeElements-published:
    | Attribute Name                                  | Provided     | Requested    |
    |-------------------------------------------------|--------------|--------------|
    | org.gradle.libraryelements                      | jar          |              |
    | org.gradle.status                               | release      |              |
    | org.gradle.category                             | library      | library      |
    | org.gradle.usage                                | java-runtime | java-runtime |
    | org.jetbrains.kotlin.platform.type              | jvm          | androidJvm   |
    | com.android.build.api.attributes.AgpVersionAttr |              | 8.7.3        |
    | com.android.build.api.attributes.BuildTypeAttr  |              | debug        |
    | org.gradle.jvm.environment                      |              | android      |

org.jetbrains.kotlinx:kotlinx-coroutines-core-jvm:1.7.3
+--- org.jetbrains.kotlinx:kotlinx-coroutines-bom:1.7.3
|    +--- org.jetbrains.kotlinx:kotlinx-coroutines-android:1.7.3
|    |    +--- androidx.paging:paging-runtime:3.3.6
|    |    |    +--- androidx.paging:paging-compose-android:3.3.6
|    |    |    |    \--- androidx.paging:paging-compose:3.3.6
|    |    |    |         +--- project :app
|    |    |    |         |    \--- project :app (*)
|    |    |    |         +--- androidx.paging:paging-common-ktx:3.3.6
|    |    |    |         |    +--- androidx.paging:paging-compose-android:3.3.6 (*)
|    |    |    |         |    +--- androidx.paging:paging-common-android:3.3.6
|    |    |    |         |    |    \--- androidx.paging:paging-common:3.3.6
|    |    |    |         |    |         +--- androidx.paging:paging-compose-android:3.3.6 (*)
|    |    |    |         |    |         +--- androidx.paging:paging-common-ktx:3.3.6 (*)
|    |    |    |         |    |         +--- androidx.paging:paging-runtime-ktx:3.3.6
|    |    |    |         |    |         |    +--- project :app (*)
|    |    |    |         |    |         |    +--- androidx.paging:paging-compose-android:3.3.6 (*)
|    |    |    |         |    |         |    \--- androidx.paging:paging-common-ktx:3.3.6 (*)
|    |    |    |         |    |         \--- androidx.paging:paging-runtime:3.3.6 (*)
|    |    |    |         |    +--- androidx.paging:paging-runtime-ktx:3.3.6 (*)
|    |    |    |         |    \--- androidx.paging:paging-runtime:3.3.6 (*)
|    |    |    |         \--- androidx.paging:paging-runtime-ktx:3.3.6 (*)
|    |    |    +--- androidx.paging:paging-common-android:3.3.6 (*)
|    |    |    +--- androidx.paging:paging-common-ktx:3.3.6 (*)
|    |    |    \--- androidx.paging:paging-runtime-ktx:3.3.6 (*)
|    |    +--- androidx.lifecycle:lifecycle-viewmodel-android:2.8.7
|    |    |    \--- androidx.lifecycle:lifecycle-viewmodel:2.8.7
|    |    |         +--- androidx.biometric:biometric:1.1.0 (requested androidx.lifecycle:lifecycle-viewmodel:2.2.0)
|    |    |         |    \--- project :app (*)
|    |    |         +--- androidx.fragment:fragment:1.8.6 (requested androidx.lifecycle:lifecycle-viewmodel:2.6.1)
|    |    |         |    +--- androidx.biometric:biometric:1.1.0 (requested androidx.fragment:fragment:1.2.5) (*)
|    |    |         |    +--- androidx.appcompat:appcompat:1.2.0 (requested androidx.fragment:fragment:1.1.0)
|    |    |         |    |    \--- androidx.biometric:biometric:1.1.0 (*)
|    |    |         |    \--- androidx.fragment:fragment-ktx:1.8.6
|    |    |         |         +--- project :app (*)
|    |    |         |         \--- androidx.fragment:fragment:1.8.6 (*)
|    |    |         +--- androidx.loader:loader:1.0.0 (requested androidx.lifecycle:lifecycle-viewmodel:2.0.0)
|    |    |         |    \--- androidx.fragment:fragment:1.8.6 (*)
|    |    |         +--- androidx.compose.material:material-android:1.7.6 (requested androidx.lifecycle:lifecycle-viewmodel:2.6.1)
|    |    |         |    +--- androidx.compose:compose-bom:2024.12.01
|    |    |         |    |    \--- project :app (*)
|    |    |         |    \--- androidx.compose.material:material:1.7.6
|    |    |         |         +--- androidx.compose:compose-bom:2024.12.01 (*)
|    |    |         |         \--- androidx.compose.ui:ui-tooling-android:1.7.6 (requested androidx.compose.material:material:1.0.0)
|    |    |         |              +--- androidx.compose:compose-bom:2024.12.01 (*)
|    |    |         |              \--- androidx.compose.ui:ui-tooling:1.7.6
|    |    |         |                   +--- project :app (requested androidx.compose.ui:ui-tooling) (*)
|    |    |         |                   +--- androidx.compose:compose-bom:2024.12.01 (*)
|    |    |         |                   +--- androidx.compose.ui:ui-tooling-preview-android:1.7.6
|    |    |         |                   |    +--- androidx.compose:compose-bom:2024.12.01 (*)
|    |    |         |                   |    \--- androidx.compose.ui:ui-tooling-preview:1.7.6
|    |    |         |                   |         +--- androidx.compose:compose-bom:2024.12.01 (*)
|    |    |         |                   |         +--- androidx.compose.ui:ui-tooling-data-android:1.7.6
|    |    |         |                   |         |    +--- androidx.compose:compose-bom:2024.12.01 (*)
|    |    |         |                   |         |    \--- androidx.compose.ui:ui-tooling-data:1.7.6
|    |    |         |                   |         |         +--- androidx.compose:compose-bom:2024.12.01 (*)
|    |    |         |                   |         |         +--- androidx.compose.ui:ui-tooling-preview-android:1.7.6 (*)
|    |    |         |                   |         |         +--- androidx.compose.ui:ui-unit-android:1.7.6
|    |    |         |                   |         |         |    +--- androidx.compose:compose-bom:2024.12.01 (*)
|    |    |         |                   |         |         |    \--- androidx.compose.ui:ui-unit:1.7.6
|    |    |         |                   |         |         |         +--- androidx.compose:compose-bom:2024.12.01 (*)
|    |    |         |                   |         |         |         +--- androidx.compose.animation:animation-core-android:1.7.6
|    |    |         |                   |         |         |         |    +--- androidx.compose:compose-bom:2024.12.01 (*)
|    |    |         |                   |         |         |         |    \--- androidx.compose.animation:animation-core:1.7.6
|    |    |         |                   |         |         |         |         +--- androidx.compose:compose-bom:2024.12.01 (*)
|    |    |         |                   |         |         |         |         +--- androidx.compose.material3:material3-android:1.3.1 (requested androidx.compose.animation:animation-core:1.6.0)
|    |    |         |                   |         |         |         |         |    +--- androidx.compose:compose-bom:2024.12.01 (*)
|    |    |         |                   |         |         |         |         |    \--- androidx.compose.material3:material3:1.3.1
|    |    |         |                   |         |         |         |         |         +--- project :app (requested androidx.compose.material3:material3) (*)
|    |    |         |                   |         |         |         |         |         \--- androidx.compose:compose-bom:2024.12.01 (*)
|    |    |         |                   |         |         |         |         +--- androidx.compose.material:material-android:1.7.6 (*)
|    |    |         |                   |         |         |         |         +--- androidx.compose.animation:animation-android:1.7.6
|    |    |         |                   |         |         |         |         |    +--- androidx.compose:compose-bom:2024.12.01 (*)
|    |    |         |                   |         |         |         |         |    \--- androidx.compose.animation:animation:1.7.6
|    |    |         |                   |         |         |         |         |         +--- androidx.compose:compose-bom:2024.12.01 (*)
|    |    |         |                   |         |         |         |         |         +--- androidx.compose.material:material-android:1.7.6 (*)
|    |    |         |                   |         |         |         |         |         +--- androidx.compose.animation:animation-core-android:1.7.6 (*)
|    |    |         |                   |         |         |         |         |         +--- androidx.compose.material:material-ripple-android:1.7.6
|    |    |         |                   |         |         |         |         |         |    +--- androidx.compose:compose-bom:2024.12.01 (*)
|    |    |         |                   |         |         |         |         |         |    \--- androidx.compose.material:material-ripple:1.7.6
|    |    |         |                   |         |         |         |         |         |         +--- androidx.compose:compose-bom:2024.12.01 (*)
|    |    |         |                   |         |         |         |         |         |         +--- androidx.compose.material3:material3-android:1.3.1 (requested androidx.compose.material:material-ripple:1.7.0) (*)
|    |    |         |                   |         |         |         |         |         |         \--- androidx.compose.material:material-android:1.7.6 (*)
|    |    |         |                   |         |         |         |         |         +--- androidx.compose.ui:ui-tooling-android:1.7.6 (*)
|    |    |         |                   |         |         |         |         |         \--- androidx.compose.foundation:foundation-android:1.7.6
|    |    |         |                   |         |         |         |         |              +--- androidx.compose:compose-bom:2024.12.01 (*)
|    |    |         |                   |         |         |         |         |              \--- androidx.compose.foundation:foundation:1.7.6
|    |    |         |                   |         |         |         |         |                   +--- androidx.compose:compose-bom:2024.12.01 (*)
|    |    |         |                   |         |         |         |         |                   +--- androidx.paging:paging-compose-android:3.3.6 (requested androidx.compose.foundation:foundation:1.5.0) (*)
|    |    |         |                   |         |         |         |         |                   +--- androidx.compose.material3:material3-android:1.3.1 (requested androidx.compose.foundation:foundation:1.7.0) (*)
|    |    |         |                   |         |         |         |         |                   +--- androidx.compose.material:material-android:1.7.6 (*)
|    |    |         |                   |         |         |         |         |                   +--- androidx.compose.material:material-ripple-android:1.7.6 (*)
|    |    |         |                   |         |         |         |         |                   +--- androidx.compose.foundation:foundation-layout-android:1.7.6
|    |    |         |                   |         |         |         |         |                   |    +--- androidx.compose:compose-bom:2024.12.01 (*)
|    |    |         |                   |         |         |         |         |                   |    \--- androidx.compose.foundation:foundation-layout:1.7.6
|    |    |         |                   |         |         |         |         |                   |         +--- androidx.compose:compose-bom:2024.12.01 (*)
|    |    |         |                   |         |         |         |         |                   |         +--- androidx.compose.material3:material3-android:1.3.1 (requested androidx.compose.foundation:foundation-layout:1.7.0) (*)
|    |    |         |                   |         |         |         |         |                   |         +--- androidx.compose.material:material-android:1.7.6 (*)
|    |    |         |                   |         |         |         |         |                   |         +--- androidx.compose.animation:animation-android:1.7.6 (*)
|    |    |         |                   |         |         |         |         |                   |         \--- androidx.compose.foundation:foundation-android:1.7.6 (*)
|    |    |         |                   |         |         |         |         |                   \--- androidx.compose.ui:ui-android:1.7.6
|    |    |         |                   |         |         |         |         |                        +--- androidx.compose:compose-bom:2024.12.01 (*)
|    |    |         |                   |         |         |         |         |                        \--- androidx.compose.ui:ui:1.7.6
|    |    |         |                   |         |         |         |         |                             +--- project :app (requested androidx.compose.ui:ui) (*)
|    |    |         |                   |         |         |         |         |                             +--- androidx.compose:compose-bom:2024.12.01 (*)
|    |    |         |                   |         |         |         |         |                             +--- androidx.compose.material3:material3-android:1.3.1 (requested androidx.compose.ui:ui:1.6.0) (*)
|    |    |         |                   |         |         |         |         |                             +--- androidx.compose.material:material-android:1.7.6 (*)
|    |    |         |                   |         |         |         |         |                             +--- androidx.compose.animation:animation-core-android:1.7.6 (*)
|    |    |         |                   |         |         |         |         |                             +--- androidx.compose.ui:ui-tooling-preview-android:1.7.6 (*)
|    |    |         |                   |         |         |         |         |                             +--- androidx.compose.ui:ui-tooling-data-android:1.7.6 (*)
|    |    |         |                   |         |         |         |         |                             +--- androidx.compose.ui:ui-unit-android:1.7.6 (*)
|    |    |         |                   |         |         |         |         |                             +--- androidx.compose.ui:ui-graphics-android:1.7.6
|    |    |         |                   |         |         |         |         |                             |    +--- androidx.compose:compose-bom:2024.12.01 (*)
|    |    |         |                   |         |         |         |         |                             |    \--- androidx.compose.ui:ui-graphics:1.7.6
|    |    |         |                   |         |         |         |         |                             |         +--- androidx.compose:compose-bom:2024.12.01 (*)
|    |    |         |                   |         |         |         |         |                             |         +--- androidx.compose.animation:animation-core-android:1.7.6 (*)
|    |    |         |                   |         |         |         |         |                             |         +--- androidx.compose.ui:ui-tooling-preview-android:1.7.6 (*)
|    |    |         |                   |         |         |         |         |                             |         +--- androidx.compose.ui:ui-tooling-data-android:1.7.6 (*)
|    |    |         |                   |         |         |         |         |                             |         +--- androidx.compose.ui:ui-unit-android:1.7.6 (*)
|    |    |         |                   |         |         |         |         |                             |         +--- androidx.compose.ui:ui-geometry-android:1.7.6
|    |    |         |                   |         |         |         |         |                             |         |    +--- androidx.compose:compose-bom:2024.12.01 (*)
|    |    |         |                   |         |         |         |         |                             |         |    \--- androidx.compose.ui:ui-geometry:1.7.6
|    |    |         |                   |         |         |         |         |                             |         |         +--- androidx.compose:compose-bom:2024.12.01 (*)
|    |    |         |                   |         |         |         |         |                             |         |         +--- androidx.compose.ui:ui-tooling-preview-android:1.7.6 (*)
|    |    |         |                   |         |         |         |         |                             |         |         +--- androidx.compose.ui:ui-tooling-data-android:1.7.6 (*)
|    |    |         |                   |         |         |         |         |                             |         |         +--- androidx.compose.ui:ui-unit-android:1.7.6 (*)
|    |    |         |                   |         |         |         |         |                             |         |         +--- androidx.compose.ui:ui-graphics-android:1.7.6 (*)
|    |    |         |                   |         |         |         |         |                             |         |         +--- androidx.compose.ui:ui-util-android:1.7.6
|    |    |         |                   |         |         |         |         |                             |         |         |    +--- androidx.compose:compose-bom:2024.12.01 (*)
|    |    |         |                   |         |         |         |         |                             |         |         |    \--- androidx.compose.ui:ui-util:1.7.6
|    |    |         |                   |         |         |         |         |                             |         |         |         +--- androidx.compose:compose-bom:2024.12.01 (*)
|    |    |         |                   |         |         |         |         |                             |         |         |         +--- androidx.compose.material3:material3-android:1.3.1 (requested androidx.compose.ui:ui-util:1.6.0) (*)
|    |    |         |                   |         |         |         |         |                             |         |         |         +--- androidx.compose.material:material-android:1.7.6 (*)
|    |    |         |                   |         |         |         |         |                             |         |         |         +--- androidx.compose.animation:animation-core-android:1.7.6 (*)
|    |    |         |                   |         |         |         |         |                             |         |         |         +--- androidx.compose.material:material-ripple-android:1.7.6 (*)
|    |    |         |                   |         |         |         |         |                             |         |         |         +--- androidx.compose.ui:ui-tooling-preview-android:1.7.6 (*)
|    |    |         |                   |         |         |         |         |                             |         |         |         +--- androidx.compose.ui:ui-tooling-data-android:1.7.6 (*)
|    |    |         |                   |         |         |         |         |                             |         |         |         +--- androidx.compose.ui:ui-unit-android:1.7.6 (*)
|    |    |         |                   |         |         |         |         |                             |         |         |         +--- androidx.compose.ui:ui-graphics-android:1.7.6 (*)
|    |    |         |                   |         |         |         |         |                             |         |         |         +--- androidx.compose.ui:ui-geometry-android:1.7.6 (*)
|    |    |         |                   |         |         |         |         |                             |         |         |         +--- androidx.compose.ui:ui-text-android:1.7.6
|    |    |         |                   |         |         |         |         |                             |         |         |         |    +--- androidx.compose:compose-bom:2024.12.01 (*)
|    |    |         |                   |         |         |         |         |                             |         |         |         |    \--- androidx.compose.ui:ui-text:1.7.6
|    |    |         |                   |         |         |         |         |                             |         |         |         |         +--- androidx.compose:compose-bom:2024.12.01 (*)
|    |    |         |                   |         |         |         |         |                             |         |         |         |         +--- androidx.compose.material3:material3-android:1.3.1 (requested androidx.compose.ui:ui-text:1.6.0) (*)
|    |    |         |                   |         |         |         |         |                             |         |         |         |         +--- androidx.compose.material:material-android:1.7.6 (*)
|    |    |         |                   |         |         |         |         |                             |         |         |         |         +--- androidx.compose.ui:ui-tooling-preview-android:1.7.6 (*)
|    |    |         |                   |         |         |         |         |                             |         |         |         |         +--- androidx.compose.ui:ui-tooling-data-android:1.7.6 (*)
|    |    |         |                   |         |         |         |         |                             |         |         |         |         +--- androidx.compose.ui:ui-unit-android:1.7.6 (*)
|    |    |         |                   |         |         |         |         |                             |         |         |         |         +--- androidx.compose.ui:ui-graphics-android:1.7.6 (*)
|    |    |         |                   |         |         |         |         |                             |         |         |         |         +--- androidx.compose.ui:ui-geometry-android:1.7.6 (*)
|    |    |         |                   |         |         |         |         |                             |         |         |         |         +--- androidx.compose.ui:ui-util-android:1.7.6 (*)
|    |    |         |                   |         |         |         |         |                             |         |         |         |         +--- androidx.compose.ui:ui-tooling-android:1.7.6 (*)
|    |    |         |                   |         |         |         |         |                             |         |         |         |         +--- androidx.compose.foundation:foundation-android:1.7.6 (*)
|    |    |         |                   |         |         |         |         |                             |         |         |         |         +--- androidx.compose.ui:ui-android:1.7.6 (*)
|    |    |         |                   |         |         |         |         |                             |         |         |         |         \--- androidx.compose.ui:ui-test-manifest:1.7.6
|    |    |         |                   |         |         |         |         |                             |         |         |         |              +--- project :app (requested androidx.compose.ui:ui-test-manifest) (*)
|    |    |         |                   |         |         |         |         |                             |         |         |         |              +--- androidx.compose:compose-bom:2024.12.01 (*)
|    |    |         |                   |         |         |         |         |                             |         |         |         |              +--- androidx.compose.ui:ui-tooling-preview-android:1.7.6 (*)
|    |    |         |                   |         |         |         |         |                             |         |         |         |              +--- androidx.compose.ui:ui-tooling-data-android:1.7.6 (*)
|    |    |         |                   |         |         |         |         |                             |         |         |         |              +--- androidx.compose.ui:ui-unit-android:1.7.6 (*)
|    |    |         |                   |         |         |         |         |                             |         |         |         |              +--- androidx.compose.ui:ui-graphics-android:1.7.6 (*)
|    |    |         |                   |         |         |         |         |                             |         |         |         |              +--- androidx.compose.ui:ui-geometry-android:1.7.6 (*)
|    |    |         |                   |         |         |         |         |                             |         |         |         |              +--- androidx.compose.ui:ui-util-android:1.7.6 (*)
|    |    |         |                   |         |         |         |         |                             |         |         |         |              +--- androidx.compose.ui:ui-text-android:1.7.6 (*)
|    |    |         |                   |         |         |         |         |                             |         |         |         |              +--- androidx.compose.ui:ui-tooling-android:1.7.6 (*)
|    |    |         |                   |         |         |         |         |                             |         |         |         |              \--- androidx.compose.ui:ui-android:1.7.6 (*)
|    |    |         |                   |         |         |         |         |                             |         |         |         +--- androidx.compose.ui:ui-tooling-android:1.7.6 (*)
|    |    |         |                   |         |         |         |         |                             |         |         |         +--- androidx.compose.animation:animation-android:1.7.6 (*)
|    |    |         |                   |         |         |         |         |                             |         |         |         +--- androidx.compose.foundation:foundation-layout-android:1.7.6 (*)
|    |    |         |                   |         |         |         |         |                             |         |         |         +--- androidx.compose.foundation:foundation-android:1.7.6 (*)
|    |    |         |                   |         |         |         |         |                             |         |         |         +--- androidx.compose.ui:ui-android:1.7.6 (*)
|    |    |         |                   |         |         |         |         |                             |         |         |         \--- androidx.compose.ui:ui-test-manifest:1.7.6 (*)
|    |    |         |                   |         |         |         |         |                             |         |         +--- androidx.compose.ui:ui-text-android:1.7.6 (*)
|    |    |         |                   |         |         |         |         |                             |         |         +--- androidx.compose.ui:ui-tooling-android:1.7.6 (*)
|    |    |         |                   |         |         |         |         |                             |         |         +--- androidx.compose.animation:animation-android:1.7.6 (*)
|    |    |         |                   |         |         |         |         |                             |         |         +--- androidx.compose.ui:ui-android:1.7.6 (*)
|    |    |         |                   |         |         |         |         |                             |         |         \--- androidx.compose.ui:ui-test-manifest:1.7.6 (*)
|    |    |         |                   |         |         |         |         |                             |         +--- androidx.compose.ui:ui-util-android:1.7.6 (*)
|    |    |         |                   |         |         |         |         |                             |         +--- androidx.compose.ui:ui-text-android:1.7.6 (*)
|    |    |         |                   |         |         |         |         |                             |         +--- androidx.compose.ui:ui-tooling-android:1.7.6 (*)
|    |    |         |                   |         |         |         |         |                             |         +--- androidx.compose.animation:animation-android:1.7.6 (*)
|    |    |         |                   |         |         |         |         |                             |         +--- androidx.compose.ui:ui-android:1.7.6 (*)
|    |    |         |                   |         |         |         |         |                             |         \--- androidx.compose.ui:ui-test-manifest:1.7.6 (*)
|    |    |         |                   |         |         |         |         |                             +--- androidx.compose.ui:ui-geometry-android:1.7.6 (*)
|    |    |         |                   |         |         |         |         |                             +--- androidx.compose.ui:ui-util-android:1.7.6 (*)
|    |    |         |                   |         |         |         |         |                             +--- androidx.compose.ui:ui-text-android:1.7.6 (*)
|    |    |         |                   |         |         |         |         |                             +--- androidx.compose.ui:ui-tooling-android:1.7.6 (*)
|    |    |         |                   |         |         |         |         |                             +--- androidx.compose.animation:animation-android:1.7.6 (*)
|    |    |         |                   |         |         |         |         |                             +--- androidx.compose.foundation:foundation-layout-android:1.7.6 (*)
|    |    |         |                   |         |         |         |         |                             +--- androidx.compose.foundation:foundation-android:1.7.6 (*)
|    |    |         |                   |         |         |         |         |                             +--- androidx.lifecycle:lifecycle-viewmodel-compose-android:2.8.7 (requested androidx.compose.ui:ui:1.6.0)
|    |    |         |                   |         |         |         |         |                             |    \--- androidx.lifecycle:lifecycle-viewmodel-compose:2.8.7
|    |    |         |                   |         |         |         |         |                             |         +--- project :app (*)
|    |    |         |                   |         |         |         |         |                             |         +--- androidx.lifecycle:lifecycle-process:2.8.7
|    |    |         |                   |         |         |         |         |                             |         |    +--- androidx.emoji2:emoji2:1.3.0 (requested androidx.lifecycle:lifecycle-process:2.4.1)
|    |    |         |                   |         |         |         |         |                             |         |    |    +--- androidx.compose.ui:ui-text-android:1.7.6 (requested androidx.emoji2:emoji2:1.2.0) (*)
|    |    |         |                   |         |         |         |         |                             |         |    |    +--- androidx.compose.foundation:foundation-android:1.7.6 (*)
|    |    |         |                   |         |         |         |         |                             |         |    |    \--- androidx.compose.ui:ui-android:1.7.6 (requested androidx.emoji2:emoji2:1.2.0) (*)
|    |    |         |                   |         |         |         |         |                             |         |    +--- androidx.lifecycle:lifecycle-runtime-compose-android:2.8.7
|    |    |         |                   |         |         |         |         |                             |         |    |    \--- androidx.lifecycle:lifecycle-runtime-compose:2.8.7
|    |    |         |                   |         |         |         |         |                             |         |    |         +--- androidx.lifecycle:lifecycle-process:2.8.7 (*)
|    |    |         |                   |         |         |         |         |                             |         |    |         +--- androidx.lifecycle:lifecycle-livedata:2.8.7
|    |    |         |                   |         |         |         |         |                             |         |    |         |    +--- androidx.loader:loader:1.0.0 (requested androidx.lifecycle:lifecycle-livedata:2.0.0) (*)
|    |    |         |                   |         |         |         |         |                             |         |    |         |    +--- androidx.lifecycle:lifecycle-process:2.8.7 (*)
|    |    |         |                   |         |         |         |         |                             |         |    |         |    +--- androidx.lifecycle:lifecycle-runtime-compose-android:2.8.7 (*)
|    |    |         |                   |         |         |         |         |                             |         |    |         |    +--- androidx.lifecycle:lifecycle-viewmodel-android:2.8.7 (*)
|    |    |         |                   |         |         |         |         |                             |         |    |         |    +--- androidx.lifecycle:lifecycle-common-jvm:2.8.7
|    |    |         |                   |         |         |         |         |                             |         |    |         |    |    \--- androidx.lifecycle:lifecycle-common:2.8.7
|    |    |         |                   |         |         |         |         |                             |         |    |         |    |         +--- androidx.compose.ui:ui-tooling-android:1.7.6 (requested androidx.lifecycle:lifecycle-common:2.6.1) (*)
|    |    |         |                   |         |         |         |         |                             |         |    |         |    |         +--- androidx.savedstate:savedstate:1.2.1 (requested androidx.lifecycle:lifecycle-common:2.6.1)
|    |    |         |                   |         |         |         |         |                             |         |    |         |    |         |    +--- androidx.fragment:fragment:1.8.6 (*)
|    |    |         |                   |         |         |         |         |                             |         |    |         |    |         |    +--- androidx.compose.material:material-android:1.7.6 (*)
|    |    |         |                   |         |         |         |         |                             |         |    |         |    |         |    +--- androidx.savedstate:savedstate-ktx:1.2.1
|    |    |         |                   |         |         |         |         |                             |         |    |         |    |         |    |    +--- androidx.fragment:fragment-ktx:1.8.6 (*)
|    |    |         |                   |         |         |         |         |                             |         |    |         |    |         |    |    +--- androidx.compose.ui:ui-tooling-android:1.7.6 (*)
|    |    |         |                   |         |         |         |         |                             |         |    |         |    |         |    |    +--- androidx.savedstate:savedstate:1.2.1 (*)
|    |    |         |                   |         |         |         |         |                             |         |    |         |    |         |    |    +--- androidx.compose.ui:ui-android:1.7.6 (*)
|    |    |         |                   |         |         |         |         |                             |         |    |         |    |         |    |    \--- androidx.activity:activity-ktx:1.10.0
|    |    |         |                   |         |         |         |         |                             |         |    |         |    |         |    |         +--- androidx.fragment:fragment-ktx:1.8.6 (requested androidx.activity:activity-ktx:1.8.1) (*)
|    |    |         |                   |         |         |         |         |                             |         |    |         |    |         |    |         +--- androidx.compose.ui:ui-android:1.7.6 (requested androidx.activity:activity-ktx:1.7.0) (*)
|    |    |         |                   |         |         |         |         |                             |         |    |         |    |         |    |         +--- androidx.activity:activity:1.10.0
|    |    |         |                   |         |         |         |         |                             |         |    |         |    |         |    |         |    +--- androidx.biometric:biometric:1.1.0 (requested androidx.activity:activity:1.1.0) (*)
|    |    |         |                   |         |         |         |         |                             |         |    |         |    |         |    |         |    +--- androidx.fragment:fragment:1.8.6 (requested androidx.activity:activity:1.8.1) (*)
|    |    |         |                   |         |         |         |         |                             |         |    |         |    |         |    |         |    +--- androidx.compose.ui:ui-test-manifest:1.7.6 (requested androidx.activity:activity:1.2.1) (*)
|    |    |         |                   |         |         |         |         |                             |         |    |         |    |         |    |         |    +--- androidx.activity:activity-ktx:1.10.0 (*)
|    |    |         |                   |         |         |         |         |                             |         |    |         |    |         |    |         |    \--- androidx.activity:activity-compose:1.10.0
|    |    |         |                   |         |         |         |         |                             |         |    |         |    |         |    |         |         +--- project :app (*)
|    |    |         |                   |         |         |         |         |                             |         |    |         |    |         |    |         |         +--- androidx.compose.material3:material3-android:1.3.1 (requested androidx.activity:activity-compose:1.8.2) (*)
|    |    |         |                   |         |         |         |         |                             |         |    |         |    |         |    |         |         +--- androidx.compose.ui:ui-tooling-android:1.7.6 (requested androidx.activity:activity-compose:1.7.0) (*)
|    |    |         |                   |         |         |         |         |                             |         |    |         |    |         |    |         |         +--- androidx.activity:activity:1.10.0 (*)
|    |    |         |                   |         |         |         |         |                             |         |    |         |    |         |    |         |         \--- androidx.activity:activity-ktx:1.10.0 (*)
|    |    |         |                   |         |         |         |         |                             |         |    |         |    |         |    |         \--- androidx.activity:activity-compose:1.10.0 (*)
|    |    |         |                   |         |         |         |         |                             |         |    |         |    |         |    +--- androidx.lifecycle:lifecycle-viewmodel-savedstate:2.8.7
|    |    |         |                   |         |         |         |         |                             |         |    |         |    |         |    |    +--- androidx.fragment:fragment:1.8.6 (requested androidx.lifecycle:lifecycle-viewmodel-savedstate:2.6.1) (*)
|    |    |         |                   |         |         |         |         |                             |         |    |         |    |         |    |    +--- androidx.lifecycle:lifecycle-process:2.8.7 (*)
|    |    |         |                   |         |         |         |         |                             |         |    |         |    |         |    |    +--- androidx.lifecycle:lifecycle-runtime-compose-android:2.8.7 (*)
|    |    |         |                   |         |         |         |         |                             |         |    |         |    |         |    |    +--- androidx.lifecycle:lifecycle-livedata:2.8.7 (*)
|    |    |         |                   |         |         |         |         |                             |         |    |         |    |         |    |    +--- androidx.lifecycle:lifecycle-viewmodel-android:2.8.7 (*)
|    |    |         |                   |         |         |         |         |                             |         |    |         |    |         |    |    +--- androidx.lifecycle:lifecycle-common-jvm:2.8.7 (*)
|    |    |         |                   |         |         |         |         |                             |         |    |         |    |         |    |    +--- androidx.lifecycle:lifecycle-runtime-android:2.8.7
|    |    |         |                   |         |         |         |         |                             |         |    |         |    |         |    |    |    \--- androidx.lifecycle:lifecycle-runtime:2.8.7
|    |    |         |                   |         |         |         |         |                             |         |    |         |    |         |    |    |         +--- androidx.fragment:fragment:1.8.6 (requested androidx.lifecycle:lifecycle-runtime:2.6.1) (*)
|    |    |         |                   |         |         |         |         |                             |         |    |         |    |         |    |    |         +--- androidx.compose.material:material-android:1.7.6 (requested androidx.lifecycle:lifecycle-runtime:2.6.1) (*)
|    |    |         |                   |         |         |         |         |                             |         |    |         |    |         |    |    |         +--- androidx.core:core:1.15.0 (requested androidx.lifecycle:lifecycle-runtime:2.6.2)
|    |    |         |                   |         |         |         |         |                             |         |    |         |    |         |    |    |         |    +--- androidx.biometric:biometric:1.1.0 (requested androidx.core:core:1.3.2) (*)
|    |    |         |                   |         |         |         |         |                             |         |    |         |    |         |    |    |         |    +--- androidx.appcompat:appcompat:1.2.0 (requested androidx.core:core:1.3.0) (*)
|    |    |         |                   |         |         |         |         |                             |         |    |         |    |         |    |    |         |    +--- androidx.webkit:webkit:1.12.1 (requested androidx.core:core:1.1.0)
|    |    |         |                   |         |         |         |         |                             |         |    |         |    |         |    |    |         |    |    \--- project :app (*)
|    |    |         |                   |         |         |         |         |                             |         |    |         |    |         |    |    |         |    +--- androidx.media3:media3-exoplayer:1.5.1 (requested androidx.core:core:1.8.0)
|    |    |         |                   |         |         |         |         |                             |         |    |         |    |         |    |    |         |    |    +--- project :app (*)
|    |    |         |                   |         |         |         |         |                             |         |    |         |    |         |    |    |         |    |    +--- androidx.media3:media3-transformer:1.5.1
|    |    |         |                   |         |         |         |         |                             |         |    |         |    |         |    |    |         |    |    |    +--- project :app (*)
|    |    |         |                   |         |         |         |         |                             |         |    |         |    |         |    |    |         |    |    |    \--- androidx.media3:media3-common:1.5.1
|    |    |         |                   |         |         |         |         |                             |         |    |         |    |         |    |    |         |    |    |         +--- androidx.media3:media3-ui:1.5.1
|    |    |         |                   |         |         |         |         |                             |         |    |         |    |         |    |    |         |    |    |         |    +--- project :app (*)
|    |    |         |                   |         |         |         |         |                             |         |    |         |    |         |    |    |         |    |    |         |    \--- androidx.media3:media3-common:1.5.1 (*)
|    |    |         |                   |         |         |         |         |                             |         |    |         |    |         |    |    |         |    |    |         +--- androidx.media3:media3-extractor:1.5.1
|    |    |         |                   |         |         |         |         |                             |         |    |         |    |         |    |    |         |    |    |         |    +--- androidx.media3:media3-common:1.5.1 (*)
|    |    |         |                   |         |         |         |         |                             |         |    |         |    |         |    |    |         |    |    |         |    \--- androidx.media3:media3-exoplayer:1.5.1 (*)
|    |    |         |                   |         |         |         |         |                             |         |    |         |    |         |    |    |         |    |    |         +--- androidx.media3:media3-muxer:1.5.1
|    |    |         |                   |         |         |         |         |                             |         |    |         |    |         |    |    |         |    |    |         |    +--- androidx.media3:media3-transformer:1.5.1 (*)
|    |    |         |                   |         |         |         |         |                             |         |    |         |    |         |    |    |         |    |    |         |    \--- androidx.media3:media3-common:1.5.1 (*)
|    |    |         |                   |         |         |         |         |                             |         |    |         |    |         |    |    |         |    |    |         +--- androidx.media3:media3-container:1.5.1
|    |    |         |                   |         |         |         |         |                             |         |    |         |    |         |    |    |         |    |    |         |    +--- androidx.media3:media3-transformer:1.5.1 (*)
|    |    |         |                   |         |         |         |         |                             |         |    |         |    |         |    |    |         |    |    |         |    +--- androidx.media3:media3-extractor:1.5.1 (*)
|    |    |         |                   |         |         |         |         |                             |         |    |         |    |         |    |    |         |    |    |         |    +--- androidx.media3:media3-muxer:1.5.1 (*)
|    |    |         |                   |         |         |         |         |                             |         |    |         |    |         |    |    |         |    |    |         |    +--- androidx.media3:media3-common:1.5.1 (*)
|    |    |         |                   |         |         |         |         |                             |         |    |         |    |         |    |    |         |    |    |         |    \--- androidx.media3:media3-exoplayer:1.5.1 (*)
|    |    |         |                   |         |         |         |         |                             |         |    |         |    |         |    |    |         |    |    |         +--- androidx.media3:media3-effect:1.5.1
|    |    |         |                   |         |         |         |         |                             |         |    |         |    |         |    |    |         |    |    |         |    +--- androidx.media3:media3-transformer:1.5.1 (*)
|    |    |         |                   |         |         |         |         |                             |         |    |         |    |         |    |    |         |    |    |         |    \--- androidx.media3:media3-common:1.5.1 (*)
|    |    |         |                   |         |         |         |         |                             |         |    |         |    |         |    |    |         |    |    |         +--- androidx.media3:media3-datasource:1.5.1
|    |    |         |                   |         |         |         |         |                             |         |    |         |    |         |    |    |         |    |    |         |    +--- androidx.media3:media3-transformer:1.5.1 (*)
|    |    |         |                   |         |         |         |         |                             |         |    |         |    |         |    |    |         |    |    |         |    +--- androidx.media3:media3-effect:1.5.1 (*)
|    |    |         |                   |         |         |         |         |                             |         |    |         |    |         |    |    |         |    |    |         |    +--- androidx.media3:media3-common:1.5.1 (*)
|    |    |         |                   |         |         |         |         |                             |         |    |         |    |         |    |    |         |    |    |         |    \--- androidx.media3:media3-exoplayer:1.5.1 (*)
|    |    |         |                   |         |         |         |         |                             |         |    |         |    |         |    |    |         |    |    |         +--- androidx.media3:media3-decoder:1.5.1
|    |    |         |                   |         |         |         |         |                             |         |    |         |    |         |    |    |         |    |    |         |    +--- androidx.media3:media3-extractor:1.5.1 (*)
|    |    |         |                   |         |         |         |         |                             |         |    |         |    |         |    |    |         |    |    |         |    +--- androidx.media3:media3-common:1.5.1 (*)
|    |    |         |                   |         |         |         |         |                             |         |    |         |    |         |    |    |         |    |    |         |    \--- androidx.media3:media3-exoplayer:1.5.1 (*)
|    |    |         |                   |         |         |         |         |                             |         |    |         |    |         |    |    |         |    |    |         +--- androidx.media3:media3-database:1.5.1
|    |    |         |                   |         |         |         |         |                             |         |    |         |    |         |    |    |         |    |    |         |    +--- androidx.media3:media3-datasource:1.5.1 (*)
|    |    |         |                   |         |         |         |         |                             |         |    |         |    |         |    |    |         |    |    |         |    +--- androidx.media3:media3-common:1.5.1 (*)
|    |    |         |                   |         |         |         |         |                             |         |    |         |    |         |    |    |         |    |    |         |    \--- androidx.media3:media3-exoplayer:1.5.1 (*)
|    |    |         |                   |         |         |         |         |                             |         |    |         |    |         |    |    |         |    |    |         \--- androidx.media3:media3-exoplayer:1.5.1 (*)
|    |    |         |                   |         |         |         |         |                             |         |    |         |    |         |    |    |         |    |    +--- androidx.media3:media3-common:1.5.1 (*)
|    |    |         |                   |         |         |         |         |                             |         |    |         |    |         |    |    |         |    |    +--- androidx.media3:media3-exoplayer-hls:1.5.1
|    |    |         |                   |         |         |         |         |                             |         |    |         |    |         |    |    |         |    |    |    +--- project :app (*)
|    |    |         |                   |         |         |         |         |                             |         |    |         |    |         |    |    |         |    |    |    \--- androidx.media3:media3-common:1.5.1 (*)
|    |    |         |                   |         |         |         |         |                             |         |    |         |    |         |    |    |         |    |    \--- androidx.media3:media3-exoplayer-dash:1.5.1
|    |    |         |                   |         |         |         |         |                             |         |    |         |    |         |    |    |         |    |         +--- project :app (*)
|    |    |         |                   |         |         |         |         |                             |         |    |         |    |         |    |    |         |    |         \--- androidx.media3:media3-common:1.5.1 (*)
|    |    |         |                   |         |         |         |         |                             |         |    |         |    |         |    |    |         |    +--- androidx.media:media:1.7.0 (requested androidx.core:core:1.6.0)
|    |    |         |                   |         |         |         |         |                             |         |    |         |    |         |    |    |         |    |    \--- androidx.media3:media3-ui:1.5.1 (*)
|    |    |         |                   |         |         |         |         |                             |         |    |         |    |         |    |    |         |    +--- androidx.recyclerview:recyclerview:1.3.0 (requested androidx.core:core:1.7.0)
|    |    |         |                   |         |         |         |         |                             |         |    |         |    |         |    |    |         |    |    +--- androidx.paging:paging-runtime:3.3.6 (requested androidx.recyclerview:recyclerview:1.2.1) (*)
|    |    |         |                   |         |         |         |         |                             |         |    |         |    |         |    |    |         |    |    \--- androidx.media3:media3-ui:1.5.1 (*)
|    |    |         |                   |         |         |         |         |                             |         |    |         |    |         |    |    |         |    +--- androidx.appcompat:appcompat-resources:1.2.0 (requested androidx.core:core:1.0.1)
|    |    |         |                   |         |         |         |         |                             |         |    |         |    |         |    |    |         |    |    \--- androidx.appcompat:appcompat:1.2.0 (*)
|    |    |         |                   |         |         |         |         |                             |         |    |         |    |         |    |    |         |    +--- androidx.drawerlayout:drawerlayout:1.0.0 (requested androidx.core:core:1.0.0)
|    |    |         |                   |         |         |         |         |                             |         |    |         |    |         |    |    |         |    |    \--- androidx.appcompat:appcompat:1.2.0 (*)
|    |    |         |                   |         |         |         |         |                             |         |    |         |    |         |    |    |         |    +--- androidx.loader:loader:1.0.0 (requested androidx.core:core:1.0.0) (*)
|    |    |         |                   |         |         |         |         |                             |         |    |         |    |         |    |    |         |    +--- androidx.viewpager:viewpager:1.0.0 (requested androidx.core:core:1.0.0)
|    |    |         |                   |         |         |         |         |                             |         |    |         |    |         |    |    |         |    |    \--- androidx.fragment:fragment:1.8.6 (*)
|    |    |         |                   |         |         |         |         |                             |         |    |         |    |         |    |    |         |    +--- androidx.customview:customview:1.0.0 (requested androidx.core:core:1.0.0)
|    |    |         |                   |         |         |         |         |                             |         |    |         |    |         |    |    |         |    |    +--- androidx.recyclerview:recyclerview:1.3.0 (*)
|    |    |         |                   |         |         |         |         |                             |         |    |         |    |         |    |    |         |    |    +--- androidx.drawerlayout:drawerlayout:1.0.0 (*)
|    |    |         |                   |         |         |         |         |                             |         |    |         |    |         |    |    |         |    |    \--- androidx.viewpager:viewpager:1.0.0 (*)
|    |    |         |                   |         |         |         |         |                             |         |    |         |    |         |    |    |         |    +--- androidx.autofill:autofill:1.0.0 (requested androidx.core:core:1.1.0)
|    |    |         |                   |         |         |         |         |                             |         |    |         |    |         |    |    |         |    |    \--- androidx.compose.ui:ui-android:1.7.6 (*)
|    |    |         |                   |         |         |         |         |                             |         |    |         |    |         |    |    |         |    +--- androidx.vectordrawable:vectordrawable:1.1.0 (requested androidx.core:core:1.1.0)
|    |    |         |                   |         |         |         |         |                             |         |    |         |    |         |    |    |         |    |    +--- androidx.appcompat:appcompat-resources:1.2.0 (*)
|    |    |         |                   |         |         |         |         |                             |         |    |         |    |         |    |    |         |    |    \--- androidx.vectordrawable:vectordrawable-animated:1.1.0
|    |    |         |                   |         |         |         |         |                             |         |    |         |    |         |    |    |         |    |         \--- androidx.appcompat:appcompat-resources:1.2.0 (*)
|    |    |         |                   |         |         |         |         |                             |         |    |         |    |         |    |    |         |    +--- androidx.compose.ui:ui-graphics-android:1.7.6 (requested androidx.core:core:1.12.0) (*)
|    |    |         |                   |         |         |         |         |                             |         |    |         |    |         |    |    |         |    +--- androidx.compose.ui:ui-text-android:1.7.6 (requested androidx.core:core:1.7.0) (*)
|    |    |         |                   |         |         |         |         |                             |         |    |         |    |         |    |    |         |    +--- androidx.compose.foundation:foundation-layout-android:1.7.6 (requested androidx.core:core:1.7.0) (*)
|    |    |         |                   |         |         |         |         |                             |         |    |         |    |         |    |    |         |    +--- androidx.compose.foundation:foundation-android:1.7.6 (requested androidx.core:core:1.13.1) (*)
|    |    |         |                   |         |         |         |         |                             |         |    |         |    |         |    |    |         |    +--- androidx.emoji2:emoji2:1.3.0 (requested androidx.core:core:1.3.0) (*)
|    |    |         |                   |         |         |         |         |                             |         |    |         |    |         |    |    |         |    +--- androidx.graphics:graphics-path:1.0.1 (requested androidx.core:core:1.12.0)
|    |    |         |                   |         |         |         |         |                             |         |    |         |    |         |    |    |         |    |    \--- androidx.compose.ui:ui-graphics-android:1.7.6 (*)
|    |    |         |                   |         |         |         |         |                             |         |    |         |    |         |    |    |         |    +--- androidx.compose.ui:ui-android:1.7.6 (requested androidx.core:core:1.12.0) (*)
|    |    |         |                   |         |         |         |         |                             |         |    |         |    |         |    |    |         |    \--- androidx.core:core-ktx:1.15.0
|    |    |         |                   |         |         |         |         |                             |         |    |         |    |         |    |    |         |         +--- project :app (*)
|    |    |         |                   |         |         |         |         |                             |         |    |         |    |         |    |    |         |         +--- androidx.fragment:fragment:1.8.6 (requested androidx.core:core-ktx:1.2.0) (*)
|    |    |         |                   |         |         |         |         |                             |         |    |         |    |         |    |    |         |         +--- androidx.fragment:fragment-ktx:1.8.6 (requested androidx.core:core-ktx:1.2.0) (*)
|    |    |         |                   |         |         |         |         |                             |         |    |         |    |         |    |    |         |         +--- androidx.paging:paging-runtime:3.3.6 (requested androidx.core:core-ktx:1.7.0) (*)
|    |    |         |                   |         |         |         |         |                             |         |    |         |    |         |    |    |         |         +--- androidx.core:core:1.15.0 (*)
|    |    |         |                   |         |         |         |         |                             |         |    |         |    |         |    |    |         |         +--- androidx.lifecycle:lifecycle-viewmodel-savedstate:2.8.7 (requested androidx.core:core-ktx:1.2.0) (*)
|    |    |         |                   |         |         |         |         |                             |         |    |         |    |         |    |    |         |         +--- androidx.activity:activity:1.10.0 (requested androidx.core:core-ktx:1.13.0) (*)
|    |    |         |                   |         |         |         |         |                             |         |    |         |    |         |    |    |         |         +--- androidx.activity:activity-compose:1.10.0 (requested androidx.core:core-ktx:1.13.0) (*)
|    |    |         |                   |         |         |         |         |                             |         |    |         |    |         |    |    |         |         \--- androidx.customview:customview-poolingcontainer:1.0.0 (requested androidx.core:core-ktx:1.5.0)
|    |    |         |                   |         |         |         |         |                             |         |    |         |    |         |    |    |         |              +--- androidx.recyclerview:recyclerview:1.3.0 (*)
|    |    |         |                   |         |         |         |         |                             |         |    |         |    |         |    |    |         |              \--- androidx.compose.ui:ui-android:1.7.6 (*)
|    |    |         |                   |         |         |         |         |                             |         |    |         |    |         |    |    |         +--- androidx.lifecycle:lifecycle-process:2.8.7 (*)
|    |    |         |                   |         |         |         |         |                             |         |    |         |    |         |    |    |         +--- androidx.lifecycle:lifecycle-runtime-compose-android:2.8.7 (*)
|    |    |         |                   |         |         |         |         |                             |         |    |         |    |         |    |    |         +--- androidx.lifecycle:lifecycle-livedata:2.8.7 (*)
|    |    |         |                   |         |         |         |         |                             |         |    |         |    |         |    |    |         +--- androidx.lifecycle:lifecycle-viewmodel-android:2.8.7 (*)
|    |    |         |                   |         |         |         |         |                             |         |    |         |    |         |    |    |         +--- androidx.lifecycle:lifecycle-common-jvm:2.8.7 (*)
|    |    |         |                   |         |         |         |         |                             |         |    |         |    |         |    |    |         +--- androidx.lifecycle:lifecycle-common-java8:2.8.7
|    |    |         |                   |         |         |         |         |                             |         |    |         |    |         |    |    |         |    +--- androidx.compose.material3:material3-android:1.3.1 (requested androidx.lifecycle:lifecycle-common-java8:2.6.1) (*)
|    |    |         |                   |         |         |         |         |                             |         |    |         |    |         |    |    |         |    +--- androidx.lifecycle:lifecycle-process:2.8.7 (*)
|    |    |         |                   |         |         |         |         |                             |         |    |         |    |         |    |    |         |    +--- androidx.lifecycle:lifecycle-runtime-compose-android:2.8.7 (*)
|    |    |         |                   |         |         |         |         |                             |         |    |         |    |         |    |    |         |    +--- androidx.lifecycle:lifecycle-livedata:2.8.7 (*)
|    |    |         |                   |         |         |         |         |                             |         |    |         |    |         |    |    |         |    +--- androidx.lifecycle:lifecycle-viewmodel-android:2.8.7 (*)
|    |    |         |                   |         |         |         |         |                             |         |    |         |    |         |    |    |         |    +--- androidx.lifecycle:lifecycle-common-jvm:2.8.7 (*)
|    |    |         |                   |         |         |         |         |                             |         |    |         |    |         |    |    |         |    +--- androidx.lifecycle:lifecycle-runtime-android:2.8.7 (*)
|    |    |         |                   |         |         |         |         |                             |         |    |         |    |         |    |    |         |    +--- androidx.lifecycle:lifecycle-livedata-ktx:2.8.7
|    |    |         |                   |         |         |         |         |                             |         |    |         |    |         |    |    |         |    |    +--- androidx.paging:paging-runtime:3.3.6 (requested androidx.lifecycle:lifecycle-livedata-ktx:2.4.0) (*)
|    |    |         |                   |         |         |         |         |                             |         |    |         |    |         |    |    |         |    |    +--- androidx.lifecycle:lifecycle-process:2.8.7 (*)
|    |    |         |                   |         |         |         |         |                             |         |    |         |    |         |    |    |         |    |    +--- androidx.lifecycle:lifecycle-runtime-compose-android:2.8.7 (*)
|    |    |         |                   |         |         |         |         |                             |         |    |         |    |         |    |    |         |    |    +--- androidx.lifecycle:lifecycle-livedata:2.8.7 (*)
|    |    |         |                   |         |         |         |         |                             |         |    |         |    |         |    |    |         |    |    +--- androidx.lifecycle:lifecycle-viewmodel-android:2.8.7 (*)
|    |    |         |                   |         |         |         |         |                             |         |    |         |    |         |    |    |         |    |    +--- androidx.lifecycle:lifecycle-common-jvm:2.8.7 (*)
|    |    |         |                   |         |         |         |         |                             |         |    |         |    |         |    |    |         |    |    +--- androidx.lifecycle:lifecycle-runtime-android:2.8.7 (*)
|    |    |         |                   |         |         |         |         |                             |         |    |         |    |         |    |    |         |    |    +--- androidx.lifecycle:lifecycle-common-java8:2.8.7 (*)
|    |    |         |                   |         |         |         |         |                             |         |    |         |    |         |    |    |         |    |    +--- androidx.lifecycle:lifecycle-viewmodel-savedstate:2.8.7 (*)
|    |    |         |                   |         |         |         |         |                             |         |    |         |    |         |    |    |         |    |    +--- androidx.lifecycle:lifecycle-viewmodel-ktx:2.8.7
|    |    |         |                   |         |         |         |         |                             |         |    |         |    |         |    |    |         |    |    |    +--- androidx.fragment:fragment-ktx:1.8.6 (requested androidx.lifecycle:lifecycle-viewmodel-ktx:2.6.1) (*)
|    |    |         |                   |         |         |         |         |                             |         |    |         |    |         |    |    |         |    |    |    +--- androidx.paging:paging-runtime:3.3.6 (requested androidx.lifecycle:lifecycle-viewmodel-ktx:2.4.0) (*)
|    |    |         |                   |         |         |         |         |                             |         |    |         |    |         |    |    |         |    |    |    +--- androidx.lifecycle:lifecycle-process:2.8.7 (*)
|    |    |         |                   |         |         |         |         |                             |         |    |         |    |         |    |    |         |    |    |    +--- androidx.lifecycle:lifecycle-runtime-compose-android:2.8.7 (*)
|    |    |         |                   |         |         |         |         |                             |         |    |         |    |         |    |    |         |    |    |    +--- androidx.lifecycle:lifecycle-livedata:2.8.7 (*)
|    |    |         |                   |         |         |         |         |                             |         |    |         |    |         |    |    |         |    |    |    +--- androidx.lifecycle:lifecycle-viewmodel-android:2.8.7 (*)
|    |    |         |                   |         |         |         |         |                             |         |    |         |    |         |    |    |         |    |    |    +--- androidx.lifecycle:lifecycle-common-jvm:2.8.7 (*)
|    |    |         |                   |         |         |         |         |                             |         |    |         |    |         |    |    |         |    |    |    +--- androidx.lifecycle:lifecycle-runtime-android:2.8.7 (*)
|    |    |         |                   |         |         |         |         |                             |         |    |         |    |         |    |    |         |    |    |    +--- androidx.lifecycle:lifecycle-common-java8:2.8.7 (*)
|    |    |         |                   |         |         |         |         |                             |         |    |         |    |         |    |    |         |    |    |    +--- androidx.lifecycle:lifecycle-livedata-ktx:2.8.7 (*)
|    |    |         |                   |         |         |         |         |                             |         |    |         |    |         |    |    |         |    |    |    +--- androidx.lifecycle:lifecycle-viewmodel-savedstate:2.8.7 (*)
|    |    |         |                   |         |         |         |         |                             |         |    |         |    |         |    |    |         |    |    |    +--- androidx.lifecycle:lifecycle-livedata-core-ktx:2.8.7
|    |    |         |                   |         |         |         |         |                             |         |    |         |    |         |    |    |         |    |    |    |    +--- androidx.fragment:fragment-ktx:1.8.6 (requested androidx.lifecycle:lifecycle-livedata-core-ktx:2.6.1) (*)
|    |    |         |                   |         |         |         |         |                             |         |    |         |    |         |    |    |         |    |    |    |    +--- androidx.lifecycle:lifecycle-process:2.8.7 (*)
|    |    |         |                   |         |         |         |         |                             |         |    |         |    |         |    |    |         |    |    |    |    +--- androidx.lifecycle:lifecycle-runtime-compose-android:2.8.7 (*)
|    |    |         |                   |         |         |         |         |                             |         |    |         |    |         |    |    |         |    |    |    |    +--- androidx.lifecycle:lifecycle-livedata:2.8.7 (*)
|    |    |         |                   |         |         |         |         |                             |         |    |         |    |         |    |    |         |    |    |    |    +--- androidx.lifecycle:lifecycle-viewmodel-android:2.8.7 (*)
|    |    |         |                   |         |         |         |         |                             |         |    |         |    |         |    |    |         |    |    |    |    +--- androidx.lifecycle:lifecycle-common-jvm:2.8.7 (*)
|    |    |         |                   |         |         |         |         |                             |         |    |         |    |         |    |    |         |    |    |    |    +--- androidx.lifecycle:lifecycle-runtime-android:2.8.7 (*)
|    |    |         |                   |         |         |         |         |                             |         |    |         |    |         |    |    |         |    |    |    |    +--- androidx.lifecycle:lifecycle-common-java8:2.8.7 (*)
|    |    |         |                   |         |         |         |         |                             |         |    |         |    |         |    |    |         |    |    |    |    +--- androidx.lifecycle:lifecycle-livedata-ktx:2.8.7 (*)
|    |    |         |                   |         |         |         |         |                             |         |    |         |    |         |    |    |         |    |    |    |    +--- androidx.lifecycle:lifecycle-viewmodel-savedstate:2.8.7 (*)
|    |    |         |                   |         |         |         |         |                             |         |    |         |    |         |    |    |         |    |    |    |    +--- androidx.lifecycle:lifecycle-viewmodel-ktx:2.8.7 (*)
|    |    |         |                   |         |         |         |         |                             |         |    |         |    |         |    |    |         |    |    |    |    +--- androidx.lifecycle:lifecycle-livedata-core:2.8.7
|    |    |         |                   |         |         |         |         |                             |         |    |         |    |         |    |    |         |    |    |    |    |    +--- androidx.biometric:biometric:1.1.0 (requested androidx.lifecycle:lifecycle-livedata-core:2.2.0) (*)
|    |    |         |                   |         |         |         |         |                             |         |    |         |    |         |    |    |         |    |    |    |    |    +--- androidx.fragment:fragment:1.8.6 (requested androidx.lifecycle:lifecycle-livedata-core:2.6.1) (*)
|    |    |         |                   |         |         |         |         |                             |         |    |         |    |         |    |    |         |    |    |    |    |    +--- androidx.lifecycle:lifecycle-process:2.8.7 (*)
|    |    |         |                   |         |         |         |         |                             |         |    |         |    |         |    |    |         |    |    |    |    |    +--- androidx.lifecycle:lifecycle-runtime-compose-android:2.8.7 (*)
|    |    |         |                   |         |         |         |         |                             |         |    |         |    |         |    |    |         |    |    |    |    |    +--- androidx.lifecycle:lifecycle-livedata:2.8.7 (*)
|    |    |         |                   |         |         |         |         |                             |         |    |         |    |         |    |    |         |    |    |    |    |    +--- androidx.lifecycle:lifecycle-viewmodel-android:2.8.7 (*)
|    |    |         |                   |         |         |         |         |                             |         |    |         |    |         |    |    |         |    |    |    |    |    +--- androidx.lifecycle:lifecycle-common-jvm:2.8.7 (*)
|    |    |         |                   |         |         |         |         |                             |         |    |         |    |         |    |    |         |    |    |    |    |    +--- androidx.lifecycle:lifecycle-runtime-android:2.8.7 (*)
|    |    |         |                   |         |         |         |         |                             |         |    |         |    |         |    |    |         |    |    |    |    |    +--- androidx.lifecycle:lifecycle-common-java8:2.8.7 (*)
|    |    |         |                   |         |         |         |         |                             |         |    |         |    |         |    |    |         |    |    |    |    |    +--- androidx.lifecycle:lifecycle-livedata-ktx:2.8.7 (*)
|    |    |         |                   |         |         |         |         |                             |         |    |         |    |         |    |    |         |    |    |    |    |    +--- androidx.lifecycle:lifecycle-viewmodel-savedstate:2.8.7 (*)
|    |    |         |                   |         |         |         |         |                             |         |    |         |    |         |    |    |         |    |    |    |    |    +--- androidx.lifecycle:lifecycle-viewmodel-ktx:2.8.7 (*)
|    |    |         |                   |         |         |         |         |                             |         |    |         |    |         |    |    |         |    |    |    |    |    +--- androidx.lifecycle:lifecycle-livedata-core-ktx:2.8.7 (*)
|    |    |         |                   |         |         |         |         |                             |         |    |         |    |         |    |    |         |    |    |    |    |    +--- androidx.lifecycle:lifecycle-runtime-ktx-android:2.8.7
|    |    |         |                   |         |         |         |         |                             |         |    |         |    |         |    |    |         |    |    |    |    |    |    \--- androidx.lifecycle:lifecycle-runtime-ktx:2.8.7
|    |    |         |                   |         |         |         |         |                             |         |    |         |    |         |    |    |         |    |    |    |    |    |         +--- project :app (*)
|    |    |         |                   |         |         |         |         |                             |         |    |         |    |         |    |    |         |    |    |    |    |    |         +--- androidx.paging:paging-runtime:3.3.6 (requested androidx.lifecycle:lifecycle-runtime-ktx:2.4.0) (*)
|    |    |         |                   |         |         |         |         |                             |         |    |         |    |         |    |    |         |    |    |    |    |    |         +--- androidx.lifecycle:lifecycle-process:2.8.7 (*)
|    |    |         |                   |         |         |         |         |                             |         |    |         |    |         |    |    |         |    |    |    |    |    |         +--- androidx.lifecycle:lifecycle-runtime-compose-android:2.8.7 (*)
|    |    |         |                   |         |         |         |         |                             |         |    |         |    |         |    |    |         |    |    |    |    |    |         +--- androidx.lifecycle:lifecycle-livedata:2.8.7 (*)
|    |    |         |                   |         |         |         |         |                             |         |    |         |    |         |    |    |         |    |    |    |    |    |         +--- androidx.lifecycle:lifecycle-viewmodel-android:2.8.7 (*)
|    |    |         |                   |         |         |         |         |                             |         |    |         |    |         |    |    |         |    |    |    |    |    |         +--- androidx.lifecycle:lifecycle-common-jvm:2.8.7 (*)
|    |    |         |                   |         |         |         |         |                             |         |    |         |    |         |    |    |         |    |    |    |    |    |         +--- androidx.lifecycle:lifecycle-runtime-android:2.8.7 (*)
|    |    |         |                   |         |         |         |         |                             |         |    |         |    |         |    |    |         |    |    |    |    |    |         +--- androidx.lifecycle:lifecycle-common-java8:2.8.7 (*)
|    |    |         |                   |         |         |         |         |                             |         |    |         |    |         |    |    |         |    |    |    |    |    |         +--- androidx.lifecycle:lifecycle-livedata-ktx:2.8.7 (*)
|    |    |         |                   |         |         |         |         |                             |         |    |         |    |         |    |    |         |    |    |    |    |    |         +--- androidx.lifecycle:lifecycle-viewmodel-savedstate:2.8.7 (*)
|    |    |         |                   |         |         |         |         |                             |         |    |         |    |         |    |    |         |    |    |    |    |    |         +--- androidx.lifecycle:lifecycle-viewmodel-ktx:2.8.7 (*)
|    |    |         |                   |         |         |         |         |                             |         |    |         |    |         |    |    |         |    |    |    |    |    |         +--- androidx.lifecycle:lifecycle-livedata-core-ktx:2.8.7 (*)
|    |    |         |                   |         |         |         |         |                             |         |    |         |    |         |    |    |         |    |    |    |    |    |         +--- androidx.lifecycle:lifecycle-livedata-core:2.8.7 (*)
|    |    |         |                   |         |         |         |         |                             |         |    |         |    |         |    |    |         |    |    |    |    |    |         +--- androidx.lifecycle:lifecycle-viewmodel-compose-android:2.8.7 (*)
|    |    |         |                   |         |         |         |         |                             |         |    |         |    |         |    |    |         |    |    |    |    |    |         \--- androidx.activity:activity-ktx:1.10.0 (requested androidx.lifecycle:lifecycle-runtime-ktx:2.6.1) (*)
|    |    |         |                   |         |         |         |         |                             |         |    |         |    |         |    |    |         |    |    |    |    |    \--- androidx.lifecycle:lifecycle-viewmodel-compose-android:2.8.7 (*)
|    |    |         |                   |         |         |         |         |                             |         |    |         |    |         |    |    |         |    |    |    |    +--- androidx.lifecycle:lifecycle-runtime-ktx-android:2.8.7 (*)
|    |    |         |                   |         |         |         |         |                             |         |    |         |    |         |    |    |         |    |    |    |    \--- androidx.lifecycle:lifecycle-viewmodel-compose-android:2.8.7 (*)
|    |    |         |                   |         |         |         |         |                             |         |    |         |    |         |    |    |         |    |    |    +--- androidx.lifecycle:lifecycle-livedata-core:2.8.7 (*)
|    |    |         |                   |         |         |         |         |                             |         |    |         |    |         |    |    |         |    |    |    +--- androidx.lifecycle:lifecycle-runtime-ktx-android:2.8.7 (*)
|    |    |         |                   |         |         |         |         |                             |         |    |         |    |         |    |    |         |    |    |    +--- androidx.lifecycle:lifecycle-viewmodel-compose-android:2.8.7 (*)
|    |    |         |                   |         |         |         |         |                             |         |    |         |    |         |    |    |         |    |    |    \--- androidx.activity:activity-ktx:1.10.0 (requested androidx.lifecycle:lifecycle-viewmodel-ktx:2.6.1) (*)
|    |    |         |                   |         |         |         |         |                             |         |    |         |    |         |    |    |         |    |    +--- androidx.lifecycle:lifecycle-livedata-core-ktx:2.8.7 (*)
|    |    |         |                   |         |         |         |         |                             |         |    |         |    |         |    |    |         |    |    +--- androidx.lifecycle:lifecycle-livedata-core:2.8.7 (*)
|    |    |         |                   |         |         |         |         |                             |         |    |         |    |         |    |    |         |    |    +--- androidx.lifecycle:lifecycle-runtime-ktx-android:2.8.7 (*)
|    |    |         |                   |         |         |         |         |                             |         |    |         |    |         |    |    |         |    |    \--- androidx.lifecycle:lifecycle-viewmodel-compose-android:2.8.7 (*)
|    |    |         |                   |         |         |         |         |                             |         |    |         |    |         |    |    |         |    +--- androidx.lifecycle:lifecycle-viewmodel-savedstate:2.8.7 (*)
|    |    |         |                   |         |         |         |         |                             |         |    |         |    |         |    |    |         |    +--- androidx.lifecycle:lifecycle-viewmodel-ktx:2.8.7 (*)
|    |    |         |                   |         |         |         |         |                             |         |    |         |    |         |    |    |         |    +--- androidx.lifecycle:lifecycle-livedata-core-ktx:2.8.7 (*)
|    |    |         |                   |         |         |         |         |                             |         |    |         |    |         |    |    |         |    +--- androidx.lifecycle:lifecycle-livedata-core:2.8.7 (*)
|    |    |         |                   |         |         |         |         |                             |         |    |         |    |         |    |    |         |    +--- androidx.lifecycle:lifecycle-runtime-ktx-android:2.8.7 (*)
|    |    |         |                   |         |         |         |         |                             |         |    |         |    |         |    |    |         |    \--- androidx.lifecycle:lifecycle-viewmodel-compose-android:2.8.7 (*)
|    |    |         |                   |         |         |         |         |                             |         |    |         |    |         |    |    |         +--- androidx.lifecycle:lifecycle-livedata-ktx:2.8.7 (*)
|    |    |         |                   |         |         |         |         |                             |         |    |         |    |         |    |    |         +--- androidx.lifecycle:lifecycle-viewmodel-savedstate:2.8.7 (*)
|    |    |         |                   |         |         |         |         |                             |         |    |         |    |         |    |    |         +--- androidx.lifecycle:lifecycle-viewmodel-ktx:2.8.7 (*)
|    |    |         |                   |         |         |         |         |                             |         |    |         |    |         |    |    |         +--- androidx.lifecycle:lifecycle-livedata-core-ktx:2.8.7 (*)
|    |    |         |                   |         |         |         |         |                             |         |    |         |    |         |    |    |         +--- androidx.lifecycle:lifecycle-livedata-core:2.8.7 (*)
|    |    |         |                   |         |         |         |         |                             |         |    |         |    |         |    |    |         +--- androidx.lifecycle:lifecycle-runtime-ktx-android:2.8.7 (*)
|    |    |         |                   |         |         |         |         |                             |         |    |         |    |         |    |    |         +--- androidx.lifecycle:lifecycle-viewmodel-compose-android:2.8.7 (*)
|    |    |         |                   |         |         |         |         |                             |         |    |         |    |         |    |    |         +--- androidx.activity:activity:1.10.0 (requested androidx.lifecycle:lifecycle-runtime:2.6.1) (*)
|    |    |         |                   |         |         |         |         |                             |         |    |         |    |         |    |    |         \--- androidx.activity:activity-compose:1.10.0 (requested androidx.lifecycle:lifecycle-runtime:2.6.1) (*)
|    |    |         |                   |         |         |         |         |                             |         |    |         |    |         |    |    +--- androidx.lifecycle:lifecycle-common-java8:2.8.7 (*)
|    |    |         |                   |         |         |         |         |                             |         |    |         |    |         |    |    +--- androidx.lifecycle:lifecycle-livedata-ktx:2.8.7 (*)
|    |    |         |                   |         |         |         |         |                             |         |    |         |    |         |    |    +--- androidx.lifecycle:lifecycle-viewmodel-ktx:2.8.7 (*)
|    |    |         |                   |         |         |         |         |                             |         |    |         |    |         |    |    +--- androidx.lifecycle:lifecycle-livedata-core-ktx:2.8.7 (*)
|    |    |         |                   |         |         |         |         |                             |         |    |         |    |         |    |    +--- androidx.lifecycle:lifecycle-livedata-core:2.8.7 (*)
|    |    |         |                   |         |         |         |         |                             |         |    |         |    |         |    |    +--- androidx.lifecycle:lifecycle-runtime-ktx-android:2.8.7 (*)
|    |    |         |                   |         |         |         |         |                             |         |    |         |    |         |    |    +--- androidx.lifecycle:lifecycle-viewmodel-compose-android:2.8.7 (*)
|    |    |         |                   |         |         |         |         |                             |         |    |         |    |         |    |    \--- androidx.activity:activity:1.10.0 (requested androidx.lifecycle:lifecycle-viewmodel-savedstate:2.6.1) (*)
|    |    |         |                   |         |         |         |         |                             |         |    |         |    |         |    +--- androidx.activity:activity:1.10.0 (*)
|    |    |         |                   |         |         |         |         |                             |         |    |         |    |         |    \--- androidx.activity:activity-compose:1.10.0 (*)
|    |    |         |                   |         |         |         |         |                             |         |    |         |    |         +--- androidx.lifecycle:lifecycle-process:2.8.7 (*)
|    |    |         |                   |         |         |         |         |                             |         |    |         |    |         +--- androidx.lifecycle:lifecycle-runtime-compose-android:2.8.7 (*)
|    |    |         |                   |         |         |         |         |                             |         |    |         |    |         +--- androidx.lifecycle:lifecycle-livedata:2.8.7 (*)
|    |    |         |                   |         |         |         |         |                             |         |    |         |    |         +--- androidx.lifecycle:lifecycle-viewmodel-android:2.8.7 (*)
|    |    |         |                   |         |         |         |         |                             |         |    |         |    |         +--- androidx.lifecycle:lifecycle-runtime-android:2.8.7 (*)
|    |    |         |                   |         |         |         |         |                             |         |    |         |    |         +--- androidx.lifecycle:lifecycle-common-java8:2.8.7 (*)
|    |    |         |                   |         |         |         |         |                             |         |    |         |    |         +--- androidx.lifecycle:lifecycle-livedata-ktx:2.8.7 (*)
|    |    |         |                   |         |         |         |         |                             |         |    |         |    |         +--- androidx.lifecycle:lifecycle-viewmodel-savedstate:2.8.7 (*)
|    |    |         |                   |         |         |         |         |                             |         |    |         |    |         +--- androidx.lifecycle:lifecycle-viewmodel-ktx:2.8.7 (*)
|    |    |         |                   |         |         |         |         |                             |         |    |         |    |         +--- androidx.lifecycle:lifecycle-livedata-core-ktx:2.8.7 (*)
|    |    |         |                   |         |         |         |         |                             |         |    |         |    |         +--- androidx.lifecycle:lifecycle-livedata-core:2.8.7 (*)
|    |    |         |                   |         |         |         |         |                             |         |    |         |    |         +--- androidx.lifecycle:lifecycle-runtime-ktx-android:2.8.7 (*)
|    |    |         |                   |         |         |         |         |                             |         |    |         |    |         +--- androidx.lifecycle:lifecycle-viewmodel-compose-android:2.8.7 (*)
|    |    |         |                   |         |         |         |         |                             |         |    |         |    |         +--- androidx.activity:activity:1.10.0 (requested androidx.lifecycle:lifecycle-common:2.6.1) (*)
|    |    |         |                   |         |         |         |         |                             |         |    |         |    |         \--- androidx.activity:activity-compose:1.10.0 (requested androidx.lifecycle:lifecycle-common:2.6.1) (*)
|    |    |         |                   |         |         |         |         |                             |         |    |         |    +--- androidx.lifecycle:lifecycle-runtime-android:2.8.7 (*)
|    |    |         |                   |         |         |         |         |                             |         |    |         |    +--- androidx.lifecycle:lifecycle-common-java8:2.8.7 (*)
|    |    |         |                   |         |         |         |         |                             |         |    |         |    +--- androidx.lifecycle:lifecycle-livedata-ktx:2.8.7 (*)
|    |    |         |                   |         |         |         |         |                             |         |    |         |    +--- androidx.lifecycle:lifecycle-viewmodel-savedstate:2.8.7 (*)
|    |    |         |                   |         |         |         |         |                             |         |    |         |    +--- androidx.lifecycle:lifecycle-viewmodel-ktx:2.8.7 (*)
|    |    |         |                   |         |         |         |         |                             |         |    |         |    +--- androidx.lifecycle:lifecycle-livedata-core-ktx:2.8.7 (*)
|    |    |         |                   |         |         |         |         |                             |         |    |         |    +--- androidx.lifecycle:lifecycle-livedata-core:2.8.7 (*)
|    |    |         |                   |         |         |         |         |                             |         |    |         |    +--- androidx.lifecycle:lifecycle-runtime-ktx-android:2.8.7 (*)
|    |    |         |                   |         |         |         |         |                             |         |    |         |    \--- androidx.lifecycle:lifecycle-viewmodel-compose-android:2.8.7 (*)
|    |    |         |                   |         |         |         |         |                             |         |    |         +--- androidx.lifecycle:lifecycle-viewmodel-android:2.8.7 (*)
|    |    |         |                   |         |         |         |         |                             |         |    |         +--- androidx.lifecycle:lifecycle-common-jvm:2.8.7 (*)
|    |    |         |                   |         |         |         |         |                             |         |    |         +--- androidx.lifecycle:lifecycle-runtime-android:2.8.7 (*)
|    |    |         |                   |         |         |         |         |                             |         |    |         +--- androidx.lifecycle:lifecycle-common-java8:2.8.7 (*)
|    |    |         |                   |         |         |         |         |                             |         |    |         +--- androidx.lifecycle:lifecycle-livedata-ktx:2.8.7 (*)
|    |    |         |                   |         |         |         |         |                             |         |    |         +--- androidx.lifecycle:lifecycle-viewmodel-savedstate:2.8.7 (*)
|    |    |         |                   |         |         |         |         |                             |         |    |         +--- androidx.lifecycle:lifecycle-viewmodel-ktx:2.8.7 (*)
|    |    |         |                   |         |         |         |         |                             |         |    |         +--- androidx.lifecycle:lifecycle-livedata-core-ktx:2.8.7 (*)
|    |    |         |                   |         |         |         |         |                             |         |    |         +--- androidx.lifecycle:lifecycle-livedata-core:2.8.7 (*)
|    |    |         |                   |         |         |         |         |                             |         |    |         +--- androidx.lifecycle:lifecycle-runtime-ktx-android:2.8.7 (*)
|    |    |         |                   |         |         |         |         |                             |         |    |         +--- androidx.lifecycle:lifecycle-viewmodel-compose-android:2.8.7 (*)
|    |    |         |                   |         |         |         |         |                             |         |    |         \--- androidx.compose.ui:ui-android:1.7.6 (requested androidx.lifecycle:lifecycle-runtime-compose:2.8.3) (*)
|    |    |         |                   |         |         |         |         |                             |         |    +--- androidx.lifecycle:lifecycle-livedata:2.8.7 (*)
|    |    |         |                   |         |         |         |         |                             |         |    +--- androidx.lifecycle:lifecycle-viewmodel-android:2.8.7 (*)
|    |    |         |                   |         |         |         |         |                             |         |    +--- androidx.lifecycle:lifecycle-common-jvm:2.8.7 (*)
|    |    |         |                   |         |         |         |         |                             |         |    +--- androidx.lifecycle:lifecycle-runtime-android:2.8.7 (*)
|    |    |         |                   |         |         |         |         |                             |         |    +--- androidx.lifecycle:lifecycle-common-java8:2.8.7 (*)
|    |    |         |                   |         |         |         |         |                             |         |    +--- androidx.lifecycle:lifecycle-livedata-ktx:2.8.7 (*)
|    |    |         |                   |         |         |         |         |                             |         |    +--- androidx.lifecycle:lifecycle-viewmodel-savedstate:2.8.7 (*)
|    |    |         |                   |         |         |         |         |                             |         |    +--- androidx.lifecycle:lifecycle-viewmodel-ktx:2.8.7 (*)
|    |    |         |                   |         |         |         |         |                             |         |    +--- androidx.lifecycle:lifecycle-livedata-core-ktx:2.8.7 (*)
|    |    |         |                   |         |         |         |         |                             |         |    +--- androidx.lifecycle:lifecycle-livedata-core:2.8.7 (*)
|    |    |         |                   |         |         |         |         |                             |         |    +--- androidx.lifecycle:lifecycle-runtime-ktx-android:2.8.7 (*)
|    |    |         |                   |         |         |         |         |                             |         |    \--- androidx.lifecycle:lifecycle-viewmodel-compose-android:2.8.7 (*)
|    |    |         |                   |         |         |         |         |                             |         +--- androidx.lifecycle:lifecycle-runtime-compose-android:2.8.7 (*)
|    |    |         |                   |         |         |         |         |                             |         +--- androidx.lifecycle:lifecycle-livedata:2.8.7 (*)
|    |    |         |                   |         |         |         |         |                             |         +--- androidx.lifecycle:lifecycle-viewmodel-android:2.8.7 (*)
|    |    |         |                   |         |         |         |         |                             |         +--- androidx.lifecycle:lifecycle-common-jvm:2.8.7 (*)
|    |    |         |                   |         |         |         |         |                             |         +--- androidx.lifecycle:lifecycle-runtime-android:2.8.7 (*)
|    |    |         |                   |         |         |         |         |                             |         +--- androidx.lifecycle:lifecycle-common-java8:2.8.7 (*)
|    |    |         |                   |         |         |         |         |                             |         +--- androidx.lifecycle:lifecycle-livedata-ktx:2.8.7 (*)
|    |    |         |                   |         |         |         |         |                             |         +--- androidx.lifecycle:lifecycle-viewmodel-savedstate:2.8.7 (*)
|    |    |         |                   |         |         |         |         |                             |         +--- androidx.lifecycle:lifecycle-viewmodel-ktx:2.8.7 (*)
|    |    |         |                   |         |         |         |         |                             |         +--- androidx.lifecycle:lifecycle-livedata-core-ktx:2.8.7 (*)
|    |    |         |                   |         |         |         |         |                             |         +--- androidx.lifecycle:lifecycle-livedata-core:2.8.7 (*)
|    |    |         |                   |         |         |         |         |                             |         \--- androidx.lifecycle:lifecycle-runtime-ktx-android:2.8.7 (*)
|    |    |         |                   |         |         |         |         |                             +--- androidx.compose.material:material-icons-core-android:1.7.6 (requested androidx.compose.ui:ui:1.6.0)
|    |    |         |                   |         |         |         |         |                             |    +--- androidx.compose:compose-bom:2024.12.01 (*)
|    |    |         |                   |         |         |         |         |                             |    \--- androidx.compose.material:material-icons-core:1.7.6
|    |    |         |                   |         |         |         |         |                             |         +--- androidx.compose:compose-bom:2024.12.01 (*)
|    |    |         |                   |         |         |         |         |                             |         +--- androidx.compose.material3:material3-android:1.3.1 (requested androidx.compose.material:material-icons-core:1.6.0) (*)
|    |    |         |                   |         |         |         |         |                             |         \--- androidx.compose.material:material-icons-extended-android:1.7.6
|    |    |         |                   |         |         |         |         |                             |              +--- androidx.compose:compose-bom:2024.12.01 (*)
|    |    |         |                   |         |         |         |         |                             |              \--- androidx.compose.material:material-icons-extended:1.7.6
|    |    |         |                   |         |         |         |         |                             |                   +--- project :app (requested androidx.compose.material:material-icons-extended) (*)
|    |    |         |                   |         |         |         |         |                             |                   \--- androidx.compose:compose-bom:2024.12.01 (*)
|    |    |         |                   |         |         |         |         |                             +--- androidx.compose.ui:ui-test-manifest:1.7.6 (*)
|    |    |         |                   |         |         |         |         |                             \--- androidx.activity:activity-compose:1.10.0 (requested androidx.compose.ui:ui:1.0.1) (*)
|    |    |         |                   |         |         |         |         \--- androidx.compose.foundation:foundation-layout-android:1.7.6 (requested androidx.compose.animation:animation-core:1.2.1) (*)
|    |    |         |                   |         |         |         +--- androidx.compose.ui:ui-tooling-preview-android:1.7.6 (*)
|    |    |         |                   |         |         |         +--- androidx.compose.ui:ui-tooling-data-android:1.7.6 (*)
|    |    |         |                   |         |         |         +--- androidx.compose.ui:ui-graphics-android:1.7.6 (*)
|    |    |         |                   |         |         |         +--- androidx.compose.ui:ui-geometry-android:1.7.6 (*)
|    |    |         |                   |         |         |         +--- androidx.compose.ui:ui-util-android:1.7.6 (*)
|    |    |         |                   |         |         |         +--- androidx.compose.ui:ui-text-android:1.7.6 (*)
|    |    |         |                   |         |         |         +--- androidx.compose.ui:ui-tooling-android:1.7.6 (*)
|    |    |         |                   |         |         |         +--- androidx.compose.foundation:foundation-layout-android:1.7.6 (*)
|    |    |         |                   |         |         |         +--- androidx.compose.ui:ui-android:1.7.6 (*)
|    |    |         |                   |         |         |         \--- androidx.compose.ui:ui-test-manifest:1.7.6 (*)
|    |    |         |                   |         |         +--- androidx.compose.ui:ui-graphics-android:1.7.6 (*)
|    |    |         |                   |         |         +--- androidx.compose.ui:ui-geometry-android:1.7.6 (*)
|    |    |         |                   |         |         +--- androidx.compose.ui:ui-util-android:1.7.6 (*)
|    |    |         |                   |         |         +--- androidx.compose.ui:ui-text-android:1.7.6 (*)
|    |    |         |                   |         |         +--- androidx.compose.ui:ui-tooling-android:1.7.6 (*)
|    |    |         |                   |         |         +--- androidx.compose.ui:ui-android:1.7.6 (*)
|    |    |         |                   |         |         \--- androidx.compose.ui:ui-test-manifest:1.7.6 (*)
|    |    |         |                   |         +--- androidx.compose.ui:ui-unit-android:1.7.6 (*)
|    |    |         |                   |         +--- androidx.compose.ui:ui-graphics-android:1.7.6 (*)
|    |    |         |                   |         +--- androidx.compose.ui:ui-geometry-android:1.7.6 (*)
|    |    |         |                   |         +--- androidx.compose.ui:ui-util-android:1.7.6 (*)
|    |    |         |                   |         +--- androidx.compose.ui:ui-text-android:1.7.6 (*)
|    |    |         |                   |         +--- androidx.compose.ui:ui-tooling-android:1.7.6 (*)
|    |    |         |                   |         +--- androidx.compose.ui:ui-android:1.7.6 (*)
|    |    |         |                   |         \--- androidx.compose.ui:ui-test-manifest:1.7.6 (*)
|    |    |         |                   +--- androidx.compose.ui:ui-tooling-data-android:1.7.6 (*)
|    |    |         |                   +--- androidx.compose.ui:ui-unit-android:1.7.6 (*)
|    |    |         |                   +--- androidx.compose.ui:ui-graphics-android:1.7.6 (*)
|    |    |         |                   +--- androidx.compose.ui:ui-geometry-android:1.7.6 (*)
|    |    |         |                   +--- androidx.compose.ui:ui-util-android:1.7.6 (*)
|    |    |         |                   +--- androidx.compose.ui:ui-text-android:1.7.6 (*)
|    |    |         |                   +--- androidx.compose.ui:ui-android:1.7.6 (*)
|    |    |         |                   \--- androidx.compose.ui:ui-test-manifest:1.7.6 (*)
|    |    |         +--- androidx.lifecycle:lifecycle-process:2.8.7 (*)
|    |    |         +--- androidx.lifecycle:lifecycle-runtime-compose-android:2.8.7 (*)
|    |    |         +--- androidx.lifecycle:lifecycle-livedata:2.8.7 (*)
|    |    |         +--- androidx.lifecycle:lifecycle-common-jvm:2.8.7 (*)
|    |    |         +--- androidx.lifecycle:lifecycle-runtime-android:2.8.7 (*)
|    |    |         +--- androidx.lifecycle:lifecycle-common-java8:2.8.7 (*)
|    |    |         +--- androidx.lifecycle:lifecycle-livedata-ktx:2.8.7 (*)
|    |    |         +--- androidx.lifecycle:lifecycle-viewmodel-savedstate:2.8.7 (*)
|    |    |         +--- androidx.lifecycle:lifecycle-viewmodel-ktx:2.8.7 (*)
|    |    |         +--- androidx.lifecycle:lifecycle-livedata-core-ktx:2.8.7 (*)
|    |    |         +--- androidx.lifecycle:lifecycle-livedata-core:2.8.7 (*)
|    |    |         +--- androidx.lifecycle:lifecycle-runtime-ktx-android:2.8.7 (*)
|    |    |         +--- androidx.lifecycle:lifecycle-viewmodel-compose-android:2.8.7 (*)
|    |    |         +--- androidx.compose.ui:ui-android:1.7.6 (requested androidx.lifecycle:lifecycle-viewmodel:2.6.1) (*)
|    |    |         +--- androidx.activity:activity:1.10.0 (requested androidx.lifecycle:lifecycle-viewmodel:2.6.1) (*)
|    |    |         \--- androidx.activity:activity-compose:1.10.0 (requested androidx.lifecycle:lifecycle-viewmodel:2.6.1) (*)
|    |    +--- androidx.lifecycle:lifecycle-runtime-android:2.8.7 (*)
|    |    +--- androidx.lifecycle:lifecycle-viewmodel-savedstate:2.8.7 (*)
|    |    +--- androidx.lifecycle:lifecycle-viewmodel-ktx:2.8.7 (*)
|    |    +--- androidx.lifecycle:lifecycle-runtime-ktx-android:2.8.7 (*)
|    |    +--- androidx.compose.ui:ui-android:1.7.6 (*)
|    |    +--- androidx.compose.runtime:runtime-android:1.7.6
|    |    |    +--- androidx.compose:compose-bom:2024.12.01 (*)
|    |    |    \--- androidx.compose.runtime:runtime:1.7.6
|    |    |         +--- androidx.compose:compose-bom:2024.12.01 (*)
|    |    |         +--- androidx.paging:paging-compose-android:3.3.6 (requested androidx.compose.runtime:runtime:1.5.0) (*)
|    |    |         +--- androidx.compose.material3:material3-android:1.3.1 (requested androidx.compose.runtime:runtime:1.7.0) (*)
|    |    |         +--- androidx.compose.material:material-android:1.7.6 (*)
|    |    |         +--- androidx.compose.animation:animation-core-android:1.7.6 (*)
|    |    |         +--- androidx.compose.material:material-ripple-android:1.7.6 (*)
|    |    |         +--- androidx.compose.ui:ui-tooling-preview-android:1.7.6 (*)
|    |    |         +--- androidx.compose.ui:ui-tooling-data-android:1.7.6 (*)
|    |    |         +--- androidx.compose.ui:ui-unit-android:1.7.6 (*)
|    |    |         +--- androidx.compose.ui:ui-graphics-android:1.7.6 (*)
|    |    |         +--- androidx.compose.ui:ui-geometry-android:1.7.6 (*)
|    |    |         +--- androidx.compose.ui:ui-text-android:1.7.6 (*)
|    |    |         +--- androidx.compose.ui:ui-tooling-android:1.7.6 (*)
|    |    |         +--- androidx.compose.animation:animation-android:1.7.6 (*)
|    |    |         +--- androidx.compose.foundation:foundation-layout-android:1.7.6 (*)
|    |    |         +--- androidx.compose.foundation:foundation-android:1.7.6 (*)
|    |    |         +--- androidx.lifecycle:lifecycle-runtime-compose-android:2.8.7 (requested androidx.compose.runtime:runtime:1.7.1) (*)
|    |    |         +--- androidx.lifecycle:lifecycle-viewmodel-compose-android:2.8.7 (requested androidx.compose.runtime:runtime:1.6.0) (*)
|    |    |         +--- androidx.compose.ui:ui-android:1.7.6 (*)
|    |    |         +--- androidx.activity:activity-compose:1.10.0 (requested androidx.compose.runtime:runtime:1.7.0) (*)
|    |    |         \--- androidx.compose.runtime:runtime-saveable-android:1.7.6
|    |    |              +--- androidx.compose:compose-bom:2024.12.01 (*)
|    |    |              \--- androidx.compose.runtime:runtime-saveable:1.7.6
|    |    |                   +--- androidx.compose:compose-bom:2024.12.01 (*)
|    |    |                   +--- androidx.compose.ui:ui-text-android:1.7.6 (*)
|    |    |                   +--- androidx.compose.ui:ui-android:1.7.6 (*)
|    |    |                   +--- androidx.activity:activity-compose:1.10.0 (requested androidx.compose.runtime:runtime-saveable:1.7.0) (*)
|    |    |                   \--- androidx.compose.runtime:runtime-android:1.7.6 (*)
|    |    \--- org.jetbrains.kotlinx:kotlinx-coroutines-bom:1.7.3 (*)
|    \--- org.jetbrains.kotlinx:kotlinx-coroutines-core-jvm:1.7.3 (*)
\--- org.jetbrains.kotlinx:kotlinx-coroutines-core:1.7.3
     +--- androidx.paging:paging-common-android:3.3.6 (*)
     +--- androidx.compose.animation:animation-core-android:1.7.6 (*)
     +--- androidx.compose.ui:ui-text-android:1.7.6 (*)
     +--- androidx.lifecycle:lifecycle-livedata:2.8.7 (*)
     +--- androidx.lifecycle:lifecycle-viewmodel-android:2.8.7 (*)
     +--- androidx.lifecycle:lifecycle-common-jvm:2.8.7 (*)
     +--- androidx.lifecycle:lifecycle-livedata-ktx:2.8.7 (*)
     +--- androidx.compose.ui:ui-android:1.7.6 (*)
     +--- androidx.activity:activity:1.10.0 (*)
     +--- androidx.activity:activity-compose:1.10.0 (*)
     +--- androidx.compose.runtime:runtime-android:1.7.6 (*)
     +--- org.jetbrains.kotlinx:kotlinx-coroutines-bom:1.7.3 (*)
     \--- org.jetbrains.kotlinx:kotlinx-coroutines-android:1.7.3 (*)

(*) - Indicates repeated occurrences of a transitive dependency subtree. Gradle expands transitive dependency subtrees only once per project; repeat occurrences only display the root of the subtree, followed by this annotation.

A web-based, searchable dependency report is available by adding the --scan option.
w: Detected multiple Kotlin daemon sessions at 

BUILD SUCCESSFUL in 7s
1 actionable task: 1 executed
